1,0.0,0.0,0.0,0.0,0.0,0.0,0.0,0.0,0.0,0.0,0.0,0.0,0.0,0.0,0.0,0.0,0.0,0.0,0.0,0.0,0.0,0.0,0.0,0.0,0.0,0.0,0.0,0.0,0.0,0.0,0.0,0.0,0,0,0,0,0,0,0,0,0,0,0,0,0,0,0,0,0,0,0,0,0,0,0,0,0,0,0,0,0,0,0,0
2,0.0,0.0,0.0,0.0,0.0,0.0,0.0,0.0,0.0,0.0,0.0,0.0,0.0,0.0,0.0,0.0,0.0,0.0,0.0,0.0,0.0,0.0,0.0,0.0,0.0,0.0,0.0,0.0,0.0,0.0,0.0,0.0,0,0,0,0,0,0,0,0,0,0,0,0,0,0,0,0,0,0,0,0,0,0,0,0,0,0,0,0,0,0,0,0
3,0.0,0.0,0.0,0.0,0.0,0.0,0.0,0.0,0.0,0.0,0.0,0.0,0.0,0.0,0.0,0.0,0.0,0.0,0.0,0.0,0.0,0.0,0.0,0.0,0.0,0.0,0.0,0.0,0.0,0.0,0.0,0.0,0,0,0,0,0,0,0,0,0,0,0,0,0,0,0,0,0,0,0,0,0,0,0,0,0,0,0,0,0,0,0,0
4,0.0,0.0,0.0,0.0,0.0,0.0,0.0,0.0,0.0,0.0,0.0,0.0,0.0,0.0,0.0,0.0,0.0,0.0,0.0,0.0,0.0,0.0,0.0,0.0,0.0,0.0,0.0,0.0,0.0,0.0,0.0,0.0,0,0,0,0,0,0,0,0,0,0,0,0,0,0,0,0,0,0,0,0,0,0,0,0,0,0,0,0,0,0,0,0
5,0.0,0.0,0.0,0.0,0.0,0.0,0.0,0.0,0.0,0.0,1.5707963705063,0.0,0.0,0.0,0.0,0.0,0.0,0.0,0.0,0.0,0.0,0.0,0.0,0.0,0.0,0.0,0.0,0.0,0.0,0.0,0.0,0.0,0,0,0,0,0,0,0,0,0,0,0,0,0,0,0,0,0,0,0,0,0,0,0,0,0,0,0,0,0,0,0,0
6,0.0,-0.0,0.00076497485861182,0.00030341406818479,0.0,0.0,0.0,0.0,0.0,-1.5558738708496,1.5707340240479,-1.5558950901031,0.00012300950766075,-0.001904749777168,3.0303901439765e-05,-7.3243398219347e-05,-2.2977510525379e-06,-3.9405033021467e-05,0.0,0.0,0.0,0.0,0.0,0.0,-1.3351329471334e-05,0.0,0.0,0.0,0.0,0.0,0.0,0.0,0,0,0,0,0,0,0,0,0,0,0,0,0,0,0,0,0,0,0,0,0,0,0,0,0,0,0,0,0,0,0,0
7,-0.0,-0.0,0.0026876339688897,0.057731259614229,0.0,0.0,0.0,0.0,0.0,-0.011204697191715,1.5297149419785,0.0020347565878183,-0.00083867076318711,-0.0041484944522381,-0.047299478203058,-0.00022160685330164,-0.061602286994457,0.013590555638075,0.0,0.0,0.0,0.0,0.0,0.0,6.0259390011197e-05,0.0,-0.0,0.0,0.0,0.0,0.0,0.0,0,0,0,0,0,0,0,0,0,0,0,0,0,0,0,0,0,0,0,0,0,0,0,0,0,0,0,0,0,0,0,0
8,-0.0,0.0,0.047083355486393,0.03527020290494,0.0,0.0,0.0,0.0,0.0,-0.025432894006371,1.4641718864441,0.00068446149816737,-0.0017257869476452,-0.0055878832936287,-0.047650299966335,-0.0012803778517991,-0.065586060285568,0.012535246089101,0.0,0.0,0.0,0.0,0.0,0.0,0.00077485153451562,0.0,-0.0,0.0,0.0,0.0,0.0,0.0,0,0,0,0,0,0,0,0,0,0,0,0,0,0,0,0,0,0,0,0,0,0,0,0,0,0,0,0,0,0,0,0
9,0.0,0.0,0.040322136133909,0.019823281094432,0.0,0.0,0.0,0.0,0.0,-0.038148380815983,1.3986382484436,-0.00018011653446592,-0.0028103808872402,-0.0072794826701283,-0.047133699059486,-0.0019810511730611,-0.065507799386978,0.011537915095687,0.0,0.0,0.0,0.0,0.0,0.0,-0.00011800551146735,0.0,0.0,0.0,0.0,0.0,0.0,0.0,0,0,0,0,0,0,0,0,0,0,0,0,0,0,0,0,0,0,0,0,0,0,0,0,0,0,0,0,0,0,0,0
10,0.0,0.0,0.017777994275093,0.01786058023572,0.0,0.0,0.0,0.0,0.0,-0.049710318446159,1.3331700563431,-0.00050106359412894,-0.0039668502286077,-0.0090245911851525,-0.048217486590147,-0.0025949003174901,-0.065450325608253,0.010912201367319,0.0,0.0,0.0,0.0,0.0,0.0,-0.00039346952689812,0.0,0.0,0.0,0.0,0.0,0.0,0.0,0,0,0,0,0,0,0,0,0,0,0,0,0,0,0,0,0,0,0,0,0,0,0,0,0,0,0,0,0,0,0,0
11,0.0,-0.0,0.00050848227692768,0.021151626482606,0.0,0.0,0.0,0.0,0.0,-0.060698688030243,1.2677395343781,-0.00057192647363991,-0.0051207561045885,-0.010781686753035,-0.049754064530134,-0.0031916822772473,-0.065420679748058,0.010474937036633,0.0,0.0,0.0,0.0,0.0,0.0,-0.00031915921135806,0.0,0.0,0.0,0.0,0.0,0.0,0.0,0,0,0,0,0,0,0,0,0,0,0,0,0,0,0,0,0,0,0,0,0,0,0,0,0,0,0,0,0,0,0,0
12,0.0,-0.0,0.0098268194124103,0.024845857173204,0.0,0.0,0.0,0.0,0.0,-0.071365758776665,1.2023252248764,-0.00051817850908265,-0.0062404065392911,-0.012539313174784,-0.051178369671106,-0.0037710594478995,-0.065409421920776,0.010084337554872,0.0,0.0,0.0,0.0,0.0,0.0,-0.00016263565339614,0.0,0.0,0.0,0.0,0.0,0.0,0.0,0,0,0,0,0,0,0,0,0,0,0,0,0,0,0,0,0,0,0,0,0,0,0,0,0,0,0,0,0,0,0,0
13,0.0,-0.0,0.012238857336342,0.027166500687599,0.0,0.0,0.0,0.0,0.0,-0.081799328327179,1.1369159221649,-0.00039970289799385,-0.0072996416129172,-0.014299323782325,-0.052338074892759,-0.004317959304899,-0.065406531095505,0.0096660582348704,0.0,0.0,0.0,0.0,0.0,0.0,-4.209800681565e-05,0.0,0.0,0.0,0.0,0.0,0.0,0.0,0,0,0,0,0,0,0,0,0,0,0,0,0,0,0,0,0,0,0,0,0,0,0,0,0,0,0,0,0,0,0,0
14,0.0,-0.0,0.011265737004578,0.028054492548108,0.0,0.0,0.0,0.0,0.0,-0.092015586793423,1.0715084075928,-0.00024713337188587,-0.0082914875820279,-0.016066057607532,-0.053287632763386,-0.0048188441433012,-0.065405525267124,0.0091982241719961,0.0,0.0,0.0,0.0,0.0,0.0,1.6984153262456e-05,0.0,0.0,0.0,0.0,0.0,0.0,0.0,0,0,0,0,0,0,0,0,0,0,0,0,0,0,0,0,0,0,0,0,0,0,0,0,0,0,0,0,0,0,0,0
15,0.0,-0.0,0.0095433937385678,0.028127830475569,0.0,0.0,0.0,0.0,0.0,-0.1020063534379,1.0061030387878,-7.3465351306368e-05,-0.0092276195064187,-0.017841713503003,-0.054136920720339,-0.0052663991227746,-0.065403535962105,0.0086873052641749,0.0,0.0,0.0,0.0,0.0,0.0,3.006055521837e-05,0.0,0.0,0.0,0.0,0.0,0.0,0.0,0,0,0,0,0,0,0,0,0,0,0,0,0,0,0,0,0,0,0,0,0,0,0,0,0,0,0,0,0,0,0,0
16,0.0,0.0,0.0083479508757591,0.027947336435318,0.0,0.0,0.0,0.0,0.0,-0.11176120489836,0.94070148468018,0.00011910541070392,-0.010127544403076,-0.01962617598474,-0.054974716156721,-0.0056591425091028,-0.065400131046772,0.0081487745046616,0.0,0.0,0.0,0.0,0.0,0.0,2.0864410544164e-05,0.0,0.0,0.0,0.0,0.0,0.0,0.0,0,0,0,0,0,0,0,0,0,0,0,0,0,0,0,0,0,0,0,0,0,0,0,0,0,0,0,0,0,0,0,0
17,0.0,0.0,0.0079587558284402,0.027876581996679,0.0,0.0,0.0,0.0,0.0,-0.12127541750669,0.87530511617661,0.00033364002592862,-0.011008560657501,-0.021418448537588,-0.055847987532616,-0.005999032407999,-0.065395921468735,0.0075965849682689,0.0,0.0,0.0,0.0,0.0,0.0,6.7927448981209e-06,0.0,0.0,0.0,0.0,0.0,0.0,0.0,0,0,0,0,0,0,0,0,0,0,0,0,0,0,0,0,0,0,0,0,0,0,0,0,0,0,0,0,0,0,0,0
18,0.0,-0.0,0.0081745218485594,0.028045926243067,0.0,0.0,0.0,0.0,0.0,-0.1305505335331,0.80991446971893,0.00057460332754999,-0.011881232261658,-0.023217616602778,-0.056770000606775,-0.0062891091220081,-0.065391704440117,0.0070398948155344,0.0,0.0,0.0,0.0,0.0,0.0,-3.7658276141883e-06,0.0,0.0,0.0,0.0,0.0,0.0,0.0,0,0,0,0,0,0,0,0,0,0,0,0,0,0,0,0,0,0,0,0,0,0,0,0,0,0,0,0,0,0,0,0
19,0.0,-0.0,0.0086934259161353,0.028462002053857,0.0,0.0,0.0,0.0,0.0,-0.13959223031998,0.74452942609787,0.00084590207552537,-0.012749743647873,-0.025023180991411,-0.057735998183489,-0.0065320851281285,-0.065388023853302,0.0064837192185223,0.0,0.0,0.0,0.0,0.0,0.0,-9.0565908976714e-06,0.0,0.0,0.0,0.0,0.0,0.0,0.0,0,0,0,0,0,0,0,0,0,0,0,0,0,0,0,0,0,0,0,0,0,0,0,0,0,0,0,0,0,0,0,0
20,0.0,-0.0,0.0092890793457627,0.029072901234031,0.0,0.0,0.0,0.0,0.0,-0.14840810000896,0.67914962768555,0.0011503541609272,-0.013614507392049,-0.026834901422262,-0.058735735714436,-0.0067299474030733,-0.06538513302803,0.0059307622723281,0.0,0.0,0.0,0.0,0.0,0.0,-1.0396111065347e-05,0.0,0.0,0.0,0.0,0.0,0.0,0.0,0,0,0,0,0,0,0,0,0,0,0,0,0,0,0,0,0,0,0,0,0,0,0,0,0,0,0,0,0,0,0,0
21,0.0,-0.0,0.009845020249486,0.029841614887118,0.0,0.0,0.0,0.0,0.0,-0.15700602531433,0.61377441883087,0.0014899044763297,-0.014474654570222,-0.028652600944042,-0.059760052710772,-0.0068841436877847,-0.065383084118366,0.0053829308599234,0.0,0.0,0.0,0.0,0.0,0.0,-9.7029987955466e-06,0.0,0.0,0.0,0.0,0.0,0.0,0.0,0,0,0,0,0,0,0,0,0,0,0,0,0,0,0,0,0,0,0,0,0,0,0,0,0,0,0,0,0,0,0,0
22,0.0,-0.0,0.010330831632018,0.03072296269238,0.0,0.0,0.0,0.0,0.0,-0.16539363563061,0.54840344190598,0.0018660465721041,-0.015329504385591,-0.03047607280314,-0.060802731662989,-0.0069959280081093,-0.065381839871407,0.0048421011306345,0.0,0.0,0.0,0.0,0.0,0.0,-8.4790090113529e-06,0.0,0.0,0.0,0.0,0.0,0.0,0.0,0,0,0,0,0,0,0,0,0,0,0,0,0,0,0,0,0,0,0,0,0,0,0,0,0,0,0,0,0,0,0,0
23,0.0,-0.0,0.010753418318927,0.031706918030977,0.0,0.0,0.0,0.0,0.0,-0.17357821762562,0.48303610086441,0.0022801733575761,-0.016178984194994,-0.032305065542459,-0.0618598125875,-0.0070666423998773,-0.065381348133087,0.0043103373609483,0.0,0.0,0.0,0.0,0.0,0.0,-7.37552454666e-06,0.0,0.0,0.0,0.0,0.0,0.0,0.0,0,0,0,0,0,0,0,0,0,0,0,0,0,0,0,0,0,0,0,0,0,0,0,0,0,0,0,0,0,0,0,0
24,0.0,-0.0,0.011130629107356,0.032780688256025,0.0,0.0,0.0,0.0,0.0,-0.18156677484512,0.41767194867134,0.0027337886858732,-0.01702343672514,-0.034139338880777,-0.062928602099419,-0.0070978156290948,-0.065381564199924,0.003789798123762,0.0,0.0,0.0,0.0,0.0,0.0,-6.5835720306495e-06,0.0,0.0,0.0,0.0,0.0,0.0,0.0,0,0,0,0,0,0,0,0,0,0,0,0,0,0,0,0,0,0,0,0,0,0,0,0,0,0,0,0,0,0,0,0
25,0.0,-0.0,0.011477125808597,0.033939901739359,0.0,0.0,0.0,0.0,0.0,-0.1893662661314,0.35231056809425,0.0032286082860082,-0.017863297834992,-0.035978753119707,-0.064006716012955,-0.0070911650545895,-0.065382443368435,0.0032826103270054,0.0,0.0,0.0,0.0,0.0,0.0,-6.0475153986772e-06,0.0,0.0,0.0,0.0,0.0,0.0,0.0,0,0,0,0,0,0,0,0,0,0,0,0,0,0,0,0,0,0,0,0,0,0,0,0,0,0,0,0,0,0,0,0
26,0.0,-0.0,0.011799169704318,0.035176612436771,0.0,0.0,0.0,0.0,0.0,-0.19698365032673,0.28695151209831,0.0037666102871299,-0.018698854371905,-0.037823263555765,-0.065091736614704,-0.0070485435426235,-0.065383970737457,0.0027907681651413,0.0,0.0,0.0,0.0,0.0,0.0,-5.6207200032077e-06,0.0,0.0,0.0,0.0,0.0,0.0,0.0,0,0,0,0,0,0,0,0,0,0,0,0,0,0,0,0,0,0,0,0,0,0,0,0,0,0,0,0,0,0,0,0
27,0.0,-0.0,0.012102220207453,0.036488488316536,0.0,0.0,0.0,0.0,0.0,-0.20442606508732,0.22159430384636,0.0043500708416104,-0.019530091434717,-0.039672918617725,-0.066181093454361,-0.0069718947634101,-0.065386109054089,0.0023160930722952,0.0,0.0,0.0,0.0,0.0,0.0,-5.2892351050104e-06,0.0,0.0,0.0,0.0,0.0,0.0,0.0,0,0,0,0,0,0,0,0,0,0,0,0,0,0,0,0,0,0,0,0,0,0,0,0,0,0,0,0,0,0,0,0
28,0.0,-0.0,0.012384074740112,0.037868019193411,0.0,0.0,0.0,0.0,0.0,-0.21170076727867,0.15623851120472,0.0049816085956991,-0.020356725901365,-0.041527833789587,-0.067272208631039,-0.0068632126785815,-0.065388806164265,0.0018602263880894,0.0,0.0,0.0,0.0,0.0,0.0,-4.9192790356756e-06,0.0,0.0,0.0,0.0,0.0,0.0,0.0,0,0,0,0,0,0,0,0,0,0,0,0,0,0,0,0,0,0,0,0,0,0,0,0,0,0,0,0,0,0,0,0
29,0.0,-0.0,0.012647426687181,0.039309732615948,0.0,0.0,0.0,0.0,0.0,-0.21881526708603,0.090883687138557,0.0056642438285053,-0.021178208291531,-0.043388191610575,-0.068362526595592,-0.0067245187237859,-0.065392054617405,0.0014246325008571,0.0,0.0,0.0,0.0,0.0,0.0,-4.5963647608005e-06,0.0,0.0,0.0,0.0,0.0,0.0,0.0,0,0,0,0,0,0,0,0,0,0,0,0,0,0,0,0,0,0,0,0,0,0,0,0,0,0,0,0,0,0,0,0
30,0.0,-0.0,0.020823750644922,0.047708168625832,0.0,0.0,0.0,0.0,0.0,-0.22583632171154,0.025436852127314,0.0058772526681423,-0.020216848701239,-0.051257595419884,-0.069718174636364,-0.0067500756122172,-0.065672680735588,-0.00055588281247765,0.0,0.0,0.0,0.0,0.0,0.0,-0.00014270377869252,0.0,0.0,0.0,0.0,0.0,0.0,0.0,0,0,0,0,0,0,0,0,0,0,0,0,0,0,0,0,0,0,0,0,0,0,0,0,0,0,0,0,0,0,0,0
31,0.0,0.0,0.010797599330544,0.044909428805113,0.0,0.0,0.0,0.0,0.0,-0.23161774873734,-0.040020637214184,0.0046068588271737,-0.017306178808212,-0.065347924828529,-0.069828405976295,-0.0050552822649479,-0.065435335040092,-0.0015325674321502,0.0,0.0,0.0,0.0,0.0,0.0,0.00017498935631011,0.0,0.0,0.0,0.0,0.0,0.0,0.0,0,0,0,0,0,0,0,0,0,0,0,0,0,0,0,0,0,0,0,0,0,0,0,0,0,0,0,0,0,0,0,0
32,0.0,0.0,0.00018992248806171,0.034484542906284,0.0,0.0,0.0,0.0,0.0,-0.23632316291332,-0.10540986061096,0.0030648515094072,-0.016964577138424,-0.06938074529171,-0.070057861506939,-0.0042953565716743,-0.065400421619415,-0.0020535162184387,0.0,0.0,0.0,0.0,0.0,0.0,0.00018513889517635,0.0,0.0,0.0,0.0,0.0,0.0,0.0,0,0,0,0,0,0,0,0,0,0,0,0,0,0,0,0,0,0,0,0,0,0,0,0,0,0,0,0,0,0,0,0
33,0.0,-0.0,0.022669363766909,0.051515620201826,0.0,0.0,0.0,0.0,0.0,-0.24108952283859,-0.17096714675426,0.0002082462888211,-0.014826256781816,-0.065715126693249,-0.07317690551281,-0.00457709049806,-0.065457992255688,-0.0037162187509239,0.0,0.0,0.0,0.0,0.0,0.0,-0.00039234026917256,0.0,0.0,0.0,0.0,0.0,0.0,0.0,0,0,0,0,0,0,0,0,0,0,0,0,0,0,0,0,0,0,0,0,0,0,0,0,0,0,0,0,0,0,0,0
34,0.0,0.0,1.1811072826385,104.83930969238,0.0,0.0,0.0,0.0,0.0,-0.24384412169456,-0.23555199801922,0.00031716169905849,-0.020681638270617,0.0040822755545378,-0.053755011409521,-0.0039367508143187,-0.064757220447063,-0.00043214077595621,0.0,0.0,0.0071956794708967,-0.017270416021347,0.28956112265587,1.8285036087036,0.0037394512910396,0.0071956794708967,0.0,0.0,0.0,18.6399269104,-0.078045628964901,1.5815949440002,0,0,0,0,0,0,0,0,0,0,0,0,0,0,0,0,0,0,0,0,0,0,0,0,0,0,0,0,0,0,0,0
35,0.0,0.0,0.50066232681274,108.97154998779,0.0,0.0,0.0,0.0,0.0,-0.24941071867943,-0.30095440149307,0.00015306164277717,-0.023623757064342,0.025828616693616,-0.052775498479605,-0.0058602807112038,-0.065463706851006,-0.001915333326906,0.0,0.0,0.010238707065582,0.028308553621173,0.29994708299637,0.07196881622076,-0.0010438631288707,0.010238707065582,0.0,0.0,0.0,20.606498718262,-0.069109961390495,1.5926020145416,0,0,0,0,0,0,0,0,0,0,0,0,0,0,0,0,0,0,0,0,0,0,0,0,0,0,0,0,0,0,0,0
36,0.0,0.0,5.9297895431519,112.65572357178,0.0,0.0,0.0,0.0,0.0,-0.25583323836327,-0.3664068877697,3.9797250792617e-06,-0.024286478757858,0.026461685076356,-0.054575715214014,-0.0061117955483496,-0.065436124801636,-0.0024000834673643,0.0,0.0,0.015556506812572,0.093341916799545,0.31011313199997,0.064636044204235,-0.0014142220607027,0.015556506812572,0.0,0.0,0.0,20.903299331665,0.0041169468313456,1.6115629673004,0,0,0,0,0,0,0,0,0,0,0,0,0,0,0,0,0,0,0,0,0,0,0,0,0,0,0,0,0,0,0,0
37,0.0,0.0,7.7519664764404,116.04166412354,0.0,0.0,0.0,0.0,0.0,-0.2621434032917,-0.43181556463242,-7.1292488428298e-05,-0.024987459182739,0.022604735568166,-0.05553076416254,-0.0057052546180785,-0.065396897494793,-0.002599913161248,0.0,0.0,0.018885148689151,0.031164387241006,0.32009395956993,0.059274364262819,-0.00063860125374049,0.018885148689151,0.0,0.0,0.0,20.893291473389,0.017926516011357,1.6107162237167,0,0,0,0,0,0,0,0,0,0,0,0,0,0,0,0,0,0,0,0,0,0,0,0,0,0,0,0,0,0,0,0
38,0.0,0.0,8.1358909606934,120.60243225098,0.0,0.0,0.0,0.0,0.0,-0.26806718111038,-0.4972106218338,-8.778614574112e-05,-0.025753194466233,0.019552696496248,-0.055423304438591,-0.0051624495536089,-0.0653957426548,-0.002730417996645,0.0,0.0,0.02136392146349,0.0065700877457857,0.33084812760353,0.079597100615501,-0.00013065570965409,0.02136392146349,0.0,0.0,0.0,19.841444015503,0.0032210373319685,1.6236020326614,0,0,0,0,0,0,0,0,0,0,0,0,0,0,0,0,0,0,0,0,0,0,0,0,0,0,0,0,0,0,0,0
39,0.0,0.0,9.5755491256714,123.80043792725,0.0,0.0,0.0,0.0,0.0,-0.27359074354172,-0.56262022256851,-8.2209277024958e-05,-0.026425099000335,0.018097043037415,-0.055063176900148,-0.0046477387659252,-0.065415434539318,-0.0028479916509241,0.0,0.0,0.024474699050188,0.025138532742858,0.34072199463844,0.055743716657162,1.1753040780604e-05,0.024474699050188,0.0,0.0,0.0,21.126928329468,0.012212678790092,1.6175692081451,0,0,0,0,0,0,0,0,0,0,0,0,0,0,0,0,0,0,0,0,0,0,0,0,0,0,0,0,0,0,0,0
40,0.0,0.0,10.033689498901,128.02046203613,0.0,0.0,0.0,0.0,0.0,-0.27879396080971,-0.62804901599884,-7.6650889241137e-05,-0.026979932561517,0.017760271206498,-0.054862733930349,-0.004215030465275,-0.065432891249657,-0.0029826271347702,0.0,0.0,0.026939116418362,0.0079874182119966,0.35132965445518,0.073590829968452,-8.6458067016792e-06,0.026939116418362,0.0,0.0,0.0,20.82603263855,0.00085464114090428,1.6246565580368,0,0,0,0,0,0,0,0,0,0,0,0,0,0,0,0,0,0,0,0,0,0,0,0,0,0,0,0,0,0,0,0
41,0.0,0.0,10.65373134613,131.78967285156,0.0,0.0,0.0,0.0,0.0,-0.28376561403275,-0.69349175691605,-7.6381642429624e-05,-0.027453871443868,0.017943477258086,-0.05489145219326,-0.003847889136523,-0.065444625914097,-0.0031252084299922,0.0,0.0,0.029447000473738,0.010779578238726,0.36168006062508,0.065751910209656,-4.2188508814434e-05,0.029447000473738,0.0,0.0,0.0,20.949708938599,-0.0056529738940299,1.6246985197067,0,0,0,0,0,0,0,0,0,0,0,0,0,0,0,0,0,0,0,0,0,0,0,0,0,0,0,0,0,0,0,0
42,0.0,0.0,11.516780853271,134.0333404541,0.0,0.0,0.0,0.0,0.0,-0.28857064247131,-0.7589408159256,-7.9537938290741e-05,-0.027889560908079,0.018299613147974,-0.055038269609213,-0.0035251709632576,-0.065448932349682,-0.0032688265200704,0.0,0.0,0.032070204615593,0.015015370212495,0.37098821997643,0.03914675489068,-4.7687673941255e-05,0.032070204615593,0.0,0.0,0.0,19.825796127319,-0.0022522485814989,1.5999275445938,0,0,0,0,0,0,0,0,0,0,0,0,0,0,0,0,0,0,0,0,0,0,0,0,0,0,0,0,0,0,0,0
43,0.0,0.0,12.170414924622,138.66955566406,0.0,0.0,0.0,0.0,0.0,-0.29324313998222,-0.82439190149307,-8.4354935097508e-05,-0.028319351375103,0.018677413463593,-0.055222444236279,-0.0032162386924028,-0.065449893474579,-0.0034012822434306,0.0,0.0,0.034472268074751,0.011374395340681,0.38202324509621,0.080912970006466,-3.366377131897e-05,0.034472268074751,0.0,0.0,0.0,19.856876373291,-0.010239281691611,1.6143316030502,0,0,0,0,0,0,0,0,0,0,0,0,0,0,0,0,0,0,0,0,0,0,0,0,0,0,0,0,0,0,0,0
44,0.0,0.0,13.743937492371,141.86740112305,0.0,0.0,0.0,0.0,0.0,-0.29780045151711,-0.88984316587448,-8.8209140812978e-05,-0.028740562498569,0.019019264727831,-0.055378541350365,-0.0029160319827497,-0.065450087189674,-0.0035152286291122,0.0,0.0,0.0374875664711,0.027447115629911,0.39205059409142,0.05580846965313,-1.6038049579947e-05,0.0374875664711,0.0,0.0,0.0,19.972444534302,0.0030252709984779,1.6074188947678,0,0,0,0,0,0,0,0,0,0,0,0,0,0,0,0,0,0,0,0,0,0,0,0,0,0,0,0,0,0,0,0
45,0.0,0.0,13.719358444214,145.51237487793,0.0,0.0,0.0,0.0,0.0,-0.30224466323853,-0.95529443025589,-9.2635556939058e-05,-0.029161943122745,0.019328391179442,-0.055506005883217,-0.002612624084577,-0.065450124442577,-0.0036066579632461,0.0,0.0,0.039216108620167,-0.00043266205466352,0.40245005488396,0.063609801232815,-3.6810849906033e-06,0.039216108620167,0.0,0.0,0.0,19.979663848877,-0.011864901520312,1.6027175188065,0,0,0,0,0,0,0,0,0,0,0,0,0,0,0,0,0,0,0,0,0,0,0,0,0,0,0,0,0,0,0,0
46,0.0,0.0,14.881249427795,149.45030212402,0.0,0.0,0.0,0.0,0.0,-0.30657720565796,-1.0207464694977,-9.6862597274594e-05,-0.029572051018476,0.019607635214925,-0.055602535605431,-0.0023122441489249,-0.065451219677925,-0.0036736349575222,0.0,0.0,0.041750933974981,0.020281182602048,0.41312602162361,0.068719886243343,2.355016022193e-06,0.041750933974981,0.0,0.0,0.0,19.651580810547,-0.0062948707491159,1.6062369346619,0,0,0,0,0,0,0,0,0,0,0,0,0,0,0,0,0,0,0,0,0,0,0,0,0,0,0,0,0,0,0,0
47,0.0,0.0,15.667900085449,152.94808959961,0.0,0.0,0.0,0.0,0.0,-0.31079563498497,-1.0861996412277,-0.00010277166438755,-0.029974853619933,0.019871978089213,-0.055685065686703,-0.0020124081056565,-0.065452583134174,-0.0037171405274421,0.0,0.0,0.043890807777643,0.013733302243054,0.42349976301193,0.061036512255669,3.6679571167042e-06,0.043890807777643,0.0,0.0,0.0,19.675123214722,-0.0050823139026761,1.60103058815,0,0,0,0,0,0,0,0,0,0,0,0,0,0,0,0,0,0,0,0,0,0,0,0,0,0,0,0,0,0,0,0
48,0.0,0.0,15.70667552948,156.19183349609,0.0,0.0,0.0,0.0,0.0,-0.31490072607994,-1.1516546010971,-0.00011044317943742,-0.030363779515028,0.020124187693,-0.05575855076313,-0.0017184088937938,-0.065454445779324,-0.0037387583870441,0.0,0.0,0.045297026634216,0.00067952857352793,0.43369871377945,0.056602258235216,2.7674170723913e-06,0.045297026634216,0.0,0.0,0.0,19.903926849365,-0.015369864180684,1.589665055275,0,0,0,0,0,0,0,0,0,0,0,0,0,0,0,0,0,0,0,0,0,0,0,0,0,0,0,0,0,0,0,0
49,0.0,0.0,16.86549949646,160.09803771973,0.0,0.0,0.0,0.0,0.0,-0.31889092922211,-1.2171113491058,-0.00012292721658014,-0.030743738636374,0.020370764657855,-0.055832158774137,-0.0014301029732451,-0.065456219017506,-0.0037400182336569,0.0,0.0,0.047488026320934,0.020226260647178,0.44447642564774,0.068164646625519,9.7146812549909e-07,0.047488026320934,0.0,0.0,0.0,19.961297988892,-0.0066282898187637,1.5915327072144,0,0,0,0,0,0,0,0,0,0,0,0,0,0,0,0,0,0,0,0,0,0,0,0,0,0,0,0,0,0,0,0
50,0.0,0.0,17.615339279175,164.68244934082,0.0,0.0,0.0,0.0,0.0,-0.3227661550045,-1.2825698852539,-0.00014303060015664,-0.031111057847738,0.020611077547073,-0.055904682725668,-0.0011501401895657,-0.065458096563816,-0.00372290215455,0.0,0.0,0.04921455308795,0.013086995109916,0.45587939023972,0.08000224083662,-1.7800370244458e-07,0.04921455308795,0.0,0.0,0.0,20.400659561157,-0.0046430281363428,1.6033765077591,0,0,0,0,0,0,0,0,0,0,0,0,0,0,0,0,0,0,0,0,0,0,0,0,0,0,0,0,0,0,0,0
51,0.0,0.0,18.28271484375,168.24822998047,0.0,0.0,0.0,0.0,0.0,-0.32652133703232,-1.3480302095413,-0.00017883951659314,-0.03146730363369,0.020845798775554,-0.055976446717978,-0.00087897904450074,-0.065459832549095,-0.003688694210723,0.0,0.0,0.050733428448439,0.011647018603981,0.46647423505783,0.062224503606558,-8.9455181750964e-07,0.050733428448439,0.0,0.0,0.0,20.460195541382,-0.0011635472765192,1.5978158712387,0,0,0,0,0,0,0,0,0,0,0,0,0,0,0,0,0,0,0,0,0,0,0,0,0,0,0,0,0,0,0,0
52,0.0,0.0,18.517559051514,171.31532287598,0.0,0.0,0.0,0.0,0.0,-0.33013707399368,-1.4134919643402,-0.00025277675013058,-0.031808901578188,0.021075392141938,-0.056046549230814,-0.00061721325619146,-0.065461173653603,-0.0036386521533132,0.0,0.0,0.051727082580328,0.0040975972078741,0.47665283083916,0.053521174937487,-1.2051343674102e-06,0.051727082580328,0.0,0.0,0.0,20.557825088501,-0.0036332129966468,1.5832891464233,0,0,0,0,0,0,0,0,0,0,0,0,0,0,0,0,0,0,0,0,0,0,0,0,0,0,0,0,0,0,0,0
53,0.0,0.0,19.258453369141,175.40222167969,0.0,0.0,0.0,0.0,0.0,-0.33353582024574,-1.4789555072784,-0.00044518720824271,-0.032148983329535,0.021298281848431,-0.056117203086615,-0.00036711181746796,-0.065462976694107,-0.0035734376870096,0.0,0.0,0.05300671979785,0.012929633259773,0.48773595690727,0.07132089138031,-1.4073261809244e-06,0.05300671979785,0.0,0.0,0.0,20.487749099731,0.0031496253795922,1.5857475996017,0,0,0,0,0,0,0,0,0,0,0,0,0,0,0,0,0,0,0,0,0,0,0,0,0,0,0,0,0,0,0,0
54,0.0,0.0,19.437440872192,179.33108520508,0.0,0.0,0.0,0.0,0.0,-0.33584567904472,-1.5444203615189,-0.0016311476938426,-0.032475121319294,0.021515808999538,-0.056184530258179,-0.00012777467782144,-0.065464377403259,-0.0034946093801409,0.0,0.0,0.053627051413059,0.0031228011939675,0.49870529770851,0.06856307387352,-1.1222044804526e-06,0.053627051413059,0.0,0.0,0.0,20.651340484619,0.0017777681350708,1.5850138664246,0,0,0,0,0,0,0,0,0,0,0,0,0,0,0,0,0,0,0,0,0,0,0,0,0,0,0,0,0,0,0,0
55,0.0,0.0,19.908414840698,176.74403381348,0.0,0.0,0.0,0.0,0.0,2.7995281219482,-1.531705737114,-3.140408039093,-0.032785940915346,0.021729197353125,-0.056251142174006,0.00010000493057305,-0.065465822815895,-0.0034031055402011,0.0,0.0,0.054343316704035,0.00821877643466,-0.4903125166893,0.068494692444801,-1.2669369198193e-06,0.054343316704035,0.0,0.0,0.0,20.827167510986,0.0070547568611801,1.5839828252792,0,0,0,0,0,0,0,0,0,0,0,0,0,0,0,0,0,0,0,0,0,0,0,0,0,0,0,0,0,0,0,0
56,0.0,0.0,20.10037612915,172.90919494629,0.0,0.0,0.0,0.0,0.0,2.7969088554382,-1.4662382602692,-3.1411025524139,-0.033097676932812,0.02193570509553,-0.056313753128052,0.0003155350277666,-0.065466739237309,-0.003300063079223,0.0,0.0,0.054642699658871,0.0033490280620754,-0.4794088602066,0.066922910511494,-1.3391259017226e-06,0.054642699658871,0.0,0.0,0.0,20.842924118042,0.008981617167592,1.5812710523605,0,0,0,0,0,0,0,0,0,0,0,0,0,0,0,0,0,0,0,0,0,0,0,0,0,0,0,0,0,0,0,0
57,0.0,0.0,19.990745544434,168.69071960449,0.0,0.0,0.0,0.0,0.0,2.7938373088837,-1.4007697105408,-3.1412568092346,-0.03339846804738,0.022135704755783,-0.056375648826361,0.00051773391896859,-0.065467812120914,-0.0031867034267634,0.0,0.0,0.054486844688654,-0.0019143080571666,-0.4681504368782,0.073619119822979,-8.9379580003879e-07,0.054486844688654,0.0,0.0,0.0,20.892696380615,0.0076034315861762,1.584961771965,0,0,0,0,0,0,0,0,0,0,0,0,0,0,0,0,0,0,0,0,0,0,0,0,0,0,0,0,0,0,0,0
58,0.0,0.0,19.568452835083,164.68508911133,0.0,0.0,0.0,0.0,0.0,2.7907583713531,-1.3353004455566,-3.1413187980652,-0.033686805516481,0.022324975579977,-0.056439060717821,0.00070618442259729,-0.065469227731228,-0.003063578158617,0.0,0.0,0.053856439888477,-0.0073704323731363,-0.45709645748138,0.069903954863548,-1.2449419273253e-08,0.053856439888477,0.0,0.0,0.0,20.745613098145,0.0023445899132639,1.5856441259384,0,0,0,0,0,0,0,0,0,0,0,0,0,0,0,0,0,0,0,0,0,0,0,0,0,0,0,0,0,0,0,0
59,0.0,0.0,19.611886978149,160.83071899414,0.0,0.0,0.0,0.0,0.0,2.7877190113068,-1.2698305845261,-3.1413617134094,-0.03396125510335,0.022572254762053,-0.056395437568426,0.00089199771173298,-0.065468654036522,-0.0029711455572397,0.0,0.0,0.053495872765779,0.00076474866364151,-0.44620555639267,0.067259877920151,6.6657871684583e-06,0.053495872765779,0.0,0.0,0.0,20.614274978638,0.0065990854054689,1.5831292867661,0,0,0,0,0,0,0,0,0,0,0,0,0,0,0,0,0,0,0,0,0,0,0,0,0,0,0,0,0,0,0,0
60,0.0,0.0,19.251508712769,157.29753112793,0.0,0.0,0.0,0.0,0.0,2.7847166061401,-1.2043590545654,-3.1413908004761,-0.034223258495331,0.022735079750419,-0.056379448622465,0.0010613759513944,-0.06547175347805,-0.0028481259942055,0.0,0.0,0.052578061819077,-0.0062803868204355,-0.43566262722015,0.061654426157475,9.4129873104976e-06,0.052578061819077,0.0,0.0,0.0,20.558916091919,0.0047153444029391,1.5761247873306,0,0,0,0,0,0,0,0,0,0,0,0,0,0,0,0,0,0,0,0,0,0,0,0,0,0,0,0,0,0,0,0
61,0.0,0.0,18.70205116272,153.43171691895,0.0,0.0,0.0,0.0,0.0,2.7817709445953,-1.1388857364655,-3.1414079666138,-0.034484606236219,0.02288718894124,-0.056385338306427,0.0012188371038064,-0.065472692251205,-0.0027083731256425,0.0,0.0,0.051298629492521,-0.0095836352556944,-0.42483854293823,0.067461654543877,6.2017643358558e-06,0.051298629492521,0.0,0.0,0.0,20.603452682495,0.0018094232073054,1.5751575231552,0,0,0,0,0,0,0,0,0,0,0,0,0,0,0,0,0,0,0,0,0,0,0,0,0,0,0,0,0,0,0,0
62,0.0,0.0,18.117582321167,149.35444641113,0.0,0.0,0.0,0.0,0.0,2.7788925170898,-1.0734103918076,-3.1414186954498,-0.034735262393951,0.023044032976031,-0.056424394249916,0.0013582950923592,-0.065475158393383,-0.0025559919886291,0.0,0.0,0.04981230571866,-0.010199300013483,-0.4138448536396,0.071153432130814,1.6100942730191e-06,0.04981230571866,0.0,0.0,0.0,20.665956497192,0.00057796738110483,1.5779439210892,0,0,0,0,0,0,0,0,0,0,0,0,0,0,0,0,0,0,0,0,0,0,0,0,0,0,0,0,0,0,0,0
63,0.0,0.0,17.672883987427,145.30535888672,0.0,0.0,0.0,0.0,0.0,2.776082277298,-1.0079342126846,-3.1414265632629,-0.034987144172192,0.023202368989587,-0.056463897228241,0.001486090477556,-0.065475307404995,-0.0024027780164033,0.0,0.0,0.048306200653315,-0.0077634071931243,-0.40292084217072,0.070661753416061,-1.9781266473728e-06,0.048306200653315,0.0,0.0,0.0,20.708469390869,0.0034372129011899,1.5799472332001,0,0,0,0,0,0,0,0,0,0,0,0,0,0,0,0,0,0,0,0,0,0,0,0,0,0,0,0,0,0,0,0
64,0.0,0.0,17.007776260376,141.5304107666,0.0,0.0,0.0,0.0,0.0,2.7733423709869,-0.94245702028275,-3.1414334774017,-0.035231661051512,0.02336747199297,-0.056519206613302,0.0015972533728927,-0.065476790070534,-0.0022416077554226,0.0,0.0,0.04642366617918,-0.01161156129092,-0.39232760667801,0.06587665528059,-3.2138270853466e-06,0.04642366617918,0.0,0.0,0.0,20.767948150635,0.0032496193889529,1.5783760547638,0,0,0,0,0,0,0,0,0,0,0,0,0,0,0,0,0,0,0,0,0,0,0,0,0,0,0,0,0,0,0,0
65,0.0,0.0,16.244235992432,137.41719055176,0.0,0.0,0.0,0.0,0.0,2.7706708908081,-0.87697970867157,-3.1414411067963,-0.035472370684147,0.023527706041932,-0.056565307080746,0.0016970303840935,-0.065476283431053,-0.0020819280762225,0.0,0.0,0.044291730970144,-0.013331053778529,-0.38144081830978,0.071780554950237,-4.7726457523822e-06,0.044291730970144,0.0,0.0,0.0,20.7707862854,0.0043076938018203,1.5828800201416,0,0,0,0,0,0,0,0,0,0,0,0,0,0,0,0,0,0,0,0,0,0,0,0,0,0,0,0,0,0,0,0
66,0.0,0.0,15.397767066956,133.50395202637,0.0,0.0,0.0,0.0,0.0,2.7680678367615,-0.81150197982788,-3.1414489746094,-0.035709038376808,0.023690240457654,-0.056620433926582,0.0017811700236052,-0.06547711789608,-0.0019152871100232,0.0,0.0,0.041932582855225,-0.014778262935579,-0.37081465125084,0.068289518356323,-4.6074605961621e-06,0.041932582855225,0.0,0.0,0.0,20.766511917114,0.0048220055177808,1.5846934318542,0,0,0,0,0,0,0,0,0,0,0,0,0,0,0,0,0,0,0,0,0,0,0,0,0,0,0,0,0,0,0,0
67,0.0,0.0,14.494711875916,129.71401977539,0.0,0.0,0.0,0.0,0.0,2.7655313014984,-0.74602460861206,-3.1414577960968,-0.035937093198299,0.023843785747886,-0.056665692478418,0.0018537774449214,-0.065476395189762,-0.0017521805129945,0.0,0.0,0.039381887763739,-0.015766715630889,-0.36037650704384,0.066136926412582,-5.424381015473e-06,0.039381887763739,0.0,0.0,0.0,20.699113845825,0.0053588361479342,1.5849821567535,0,0,0,0,0,0,0,0,0,0,0,0,0,0,0,0,0,0,0,0,0,0,0,0,0,0,0,0,0,0,0,0
68,0.0,0.0,13.490056037903,125.88759613037,0.0,0.0,0.0,0.0,0.0,2.7630603313446,-0.6805471777916,-3.1414661407471,-0.036164347082376,0.023999106138945,-0.056716419756413,0.0019122870871797,-0.065476767718792,-0.0015835704980418,0.0,0.0,0.03659613057971,-0.017539706081152,-0.34995973110199,0.066773861646652,-5.1524607442843e-06,0.03659613057971,0.0,0.0,0.0,20.759088516235,0.0058192382566631,1.5865871906281,0,0,0,0,0,0,0,0,0,0,0,0,0,0,0,0,0,0,0,0,0,0,0,0,0,0,0,0,0,0,0,0
69,0.0,0.0,12.371589660645,122.18706512451,0.0,0.0,0.0,0.0,0.0,2.7606537342072,-0.61506992578506,-3.1414744853973,-0.036388125270605,0.024148209020495,-0.056766472756863,0.0019587699789554,-0.065476387739182,-0.0014188536442816,0.0,0.0,0.033571820706129,-0.019527211785316,-0.33973702788353,0.064577043056488,-6.2882827478461e-06,0.033571820706129,0.0,0.0,0.0,20.754426956177,0.0051176445558667,1.5869942903519,0,0,0,0,0,0,0,0,0,0,0,0,0,0,0,0,0,0,0,0,0,0,0,0,0,0,0,0,0,0,0,0
70,0.0,0.0,11.205493927002,118.16934967041,0.0,0.0,0.0,0.0,0.0,2.7583091259003,-0.54959321022034,-3.1414830684662,-0.036603964865208,0.024293910712004,-0.056813795119524,0.001993800047785,-0.065475836396217,-0.0012553465785459,0.0,0.0,0.030387319624424,-0.020358767360449,-0.32922369241714,0.07011266797781,-6.5585563788773e-06,0.030387319624424,0.0,0.0,0.0,20.750915527344,0.0066862027160823,1.5930397510529,0,0,0,0,0,0,0,0,0,0,0,0,0,0,0,0,0,0,0,0,0,0,0,0,0,0,0,0,0,0,0,0
71,0.0,0.0,10.10665512085,114.58994293213,0.0,0.0,0.0,0.0,0.0,2.7560253143311,-0.4841171503067,-3.1414911746979,-0.036812648177147,0.024435246363282,-0.056856829673052,0.0020171024370939,-0.065475195646286,-0.0010931555880234,0.0,0.0,0.027178302407265,-0.019184671342373,-0.31924146413803,0.062462601810694,-6.3248035075958e-06,0.027178302407265,0.0,0.0,0.0,20.798894882202,0.0081292521208525,1.591813325882,0,0,0,0,0,0,0,0,0,0,0,0,0,0,0,0,0,0,0,0,0,0,0,0,0,0,0,0,0,0,0,0
72,0.0,0.0,8.8559722900391,111.16428375244,0.0,0.0,0.0,0.0,0.0,2.753800868988,-0.41864165663719,-3.1414985656738,-0.037016645073891,0.024572337046266,-0.056897614151239,0.0020291362889111,-0.065474689006805,-0.00093361298786476,0.0,0.0,0.023714331910014,-0.021835066378117,-0.30948469042778,0.059779059141874,-6.5211111177632e-06,0.023714331910014,0.0,0.0,0.0,20.830570220947,0.0071871615946293,1.5891989469528,0,0,0,0,0,0,0,0,0,0,0,0,0,0,0,0,0,0,0,0,0,0,0,0,0,0,0,0,0,0,0,0
73,0.0,0.0,7.5042867660522,107.6124420166,0.0,0.0,0.0,0.0,0.0,2.7516343593597,-0.35316696763039,-3.1415047645569,-0.037215873599052,0.024706680327654,-0.056938663125038,0.0020308967214078,-0.065473824739456,-0.00077763147419319,0.0,0.0,0.020057357847691,-0.023598687723279,-0.29963839054108,0.061981569975615,-7.3301703196194e-06,0.020057357847691,0.0,0.0,0.0,20.865842819214,0.0062914406880736,1.5894440412521,0,0,0,0,0,0,0,0,0,0,0,0,0,0,0,0,0,0,0,0,0,0,0,0,0,0,0,0,0,0,0,0
74,0.0,0.0,6.0662860870361,103.99642944336,0.0,0.0,0.0,0.0,0.0,2.7495243549347,-0.28769311308861,-3.1415102481842,-0.037410974502563,0.024836838245392,-0.056976359337568,0.0020227234344929,-0.065473042428493,-0.000625854881946,0.0,0.0,0.016234381124377,-0.025105210021138,-0.28976038098335,0.063101708889008,-7.3596402216936e-06,0.016234381124377,0.0,0.0,0.0,20.707780838013,0.0052686301060021,1.5914593935013,0,0,0,0,0,0,0,0,0,0,0,0,0,0,0,0,0,0,0,0,0,0,0,0,0,0,0,0,0,0,0,0
75,0.0,0.0,4.7836084365845,100.54863739014,0.0,0.0,0.0,0.0,0.0,2.7474694252014,-0.22222033143044,-3.1415143013,-0.037600930780172,0.024964280426502,-0.057014044374228,0.002005274174735,-0.065471909940243,-0.00047866729437374,0.0,0.0,0.012525184080005,-0.022394966334105,-0.28011059761047,0.060165841132402,-8.022963811527e-06,0.012525184080005,0.0,0.0,0.0,20.667720794678,0.0064264973625541,1.5899003744125,0,0,0,0,0,0,0,0,0,0,0,0,0,0,0,0,0,0,0,0,0,0,0,0,0,0,0,0,0,0,0,0
76,0.0,0.0,3.3230042457581,96.996612548828,0.0,0.0,0.0,0.0,0.0,2.7454679012299,-0.1567485332489,-3.141517162323,-0.037788532674313,0.02508801408112,-0.057049874216318,0.0019789370708168,-0.065470963716507,-0.00033663201611489,0.0,0.0,0.008560361340642,-0.025500869378448,-0.27037185430527,0.061985068023205,-8.5156125351205e-06,0.008560361340642,0.0,0.0,0.0,20.7126121521,0.0060132290236652,1.591298699379,0,0,0,0,0,0,0,0,0,0,0,0,0,0,0,0,0,0,0,0,0,0,0,0,0,0,0,0,0,0,0,0
77,0.0,0.0,1.9059242010117,93.527496337891,0.0,0.0,0.0,0.0,0.0,2.7435188293457,-0.091277964413166,-3.1415188312531,-0.037970524281263,0.025208143517375,-0.057083263993263,0.0019443845376372,-0.065469697117805,-0.00020032518659718,0.0,0.0,0.0046051386743784,-0.024741433560848,-0.26075103878975,0.060537960380316,-8.7214139057323e-06,0.0046051386743784,0.0,0.0,0.0,20.684450149536,0.006259101908654,1.5911551713943,0,0,0,0,0,0,0,0,0,0,0,0,0,0,0,0,0,0,0,0,0,0,0,0,0,0,0,0,0,0,0,0
78,0.0,0.0,0.31671914458275,90.093368530273,0.0,0.0,0.0,0.0,0.0,2.7416205406189,-0.025808546692133,-3.1415195465088,-0.038151323795319,0.025324858725071,-0.057114638388157,0.0019023092463613,-0.065468601882458,-6.9931869802531e-05,0.0,0.0,0.00041471727308817,-0.027745904400945,-0.2511882185936,0.059927649796009,-9.0429548436077e-06,0.00041471727308817,0.0,0.0,0.0,20.717769622803,0.0038791398983449,1.5916639566422,0,0,0,0,0,0,0,0,0,0,0,0,0,0,0,0,0,0,0,0,0,0,0,0,0,0,0,0,0,0,0,0
79,0.0,0.0,1.1256816387177,86.61157989502,0.0,0.0,0.0,0.0,0.0,2.7397718429565,0.039659488946199,-3.1415188312531,-0.038326129317284,0.025439171120524,-0.05714562907815,0.0018533350666985,-0.065467208623886,5.4288175306283e-05,0.0,0.0,-0.0036287542898208,-0.02518418058753,-0.2415781468153,0.060759387910366,-9.5370523922611e-06,-0.0036287542898208,0.0,0.0,0.0,20.777519226074,0.0044394009746611,1.5919560194016,0,0,0,0,0,0,0,0,0,0,0,0,0,0,0,0,0,0,0,0,0,0,0,0,0,0,0,0,0,0,0,0
80,0.0,0.0,2.4697935581207,83.082168579102,0.0,0.0,0.0,0.0,0.0,2.7379715442657,0.10512617230415,-3.1415169239044,-0.038497846573591,0.025549212470651,-0.057174399495125,0.0017979746917263,-0.065465897321701,0.0001714095560601,0.0,0.0,-0.0075673377141356,-0.023468798026443,-0.23191183805466,0.061590511351824,-9.6194889920298e-06,-0.0075673377141356,0.0,0.0,0.0,20.844961166382,0.0070310607552528,1.5923162698746,0,0,0,0,0,0,0,0,0,0,0,0,0,0,0,0,0,0,0,0,0,0,0,0,0,0,0,0,0,0,0,0
81,0.0,0.0,3.8640353679657,79.512138366699,0.0,0.0,0.0,0.0,0.0,2.736218214035,0.1705913990736,-3.1415143013,-0.038666415959597,0.025655897334218,-0.057200741022825,0.0017365247476846,-0.065464362502098,0.00028183840913698,0.0,0.0,-0.011564872227609,-0.024343807250261,-0.22218729555607,0.062299631536007,-9.6959274742403e-06,-0.011564872227609,0.0,0.0,0.0,20.837398529053,0.0090877991169691,1.5936123132706,0,0,0,0,0,0,0,0,0,0,0,0,0,0,0,0,0,0,0,0,0,0,0,0,0,0,0,0,0,0,0,0
82,0.0,0.0,5.3968114852905,76.100151062012,0.0,0.0,0.0,0.0,0.0,2.7345106601715,0.23605512082577,-3.1415107250214,-0.03883134573698,0.025759048759937,-0.057225797325373,0.0016702126013115,-0.065462939441204,0.00038474786560982,0.0,0.0,-0.015721939504147,-0.026762133464217,-0.21263687312603,0.059541333466768,-1.0146006388823e-05,-0.015721939504147,0.0,0.0,0.0,20.817842483521,0.0077147088013589,1.5932129621506,0,0,0,0,0,0,0,0,0,0,0,0,0,0,0,0,0,0,0,0,0,0,0,0,0,0,0,0,0,0,0,0
83,0.0,0.0,6.9034423828125,72.639495849609,0.0,0.0,0.0,0.0,0.0,2.7328479290009,0.30151724815369,-3.1415069103241,-0.038992572575808,0.025859052315354,-0.057248506695032,0.0015990978572518,-0.065461292862892,0.00048072746722028,0.0,0.0,-0.019835647195578,-0.026305800303817,-0.20300723612309,0.060390874743462,-1.0130585906154e-05,-0.019835647195578,0.0,0.0,0.0,20.859289169312,0.0068301171995699,1.5932773351669,0,0,0,0,0,0,0,0,0,0,0,0,0,0,0,0,0,0,0,0,0,0,0,0,0,0,0,0,0,0,0,0
84,0.0,0.0,8.3355760574341,69.18864440918,0.0,0.0,0.0,0.0,0.0,2.7312288284302,0.36697781085968,-3.1415023803711,-0.039150316268206,0.02595472894609,-0.057268548756838,0.001523946179077,-0.06545976549387,0.00056883238721639,0.0,0.0,-0.023834995925426,-0.025005521252751,-0.19336076080799,0.060219570994377,-1.0076155376737e-05,-0.023834995925426,0.0,0.0,0.0,20.874300003052,0.0067022405564785,1.5925155878067,0,0,0,0,0,0,0,0,0,0,0,0,0,0,0,0,0,0,0,0,0,0,0,0,0,0,0,0,0,0,0,0
85,0.0,0.0,9.7897806167603,65.742195129395,0.0,0.0,0.0,0.0,0.0,2.729651927948,0.4324366748333,-3.1414980888367,-0.039305087178946,0.02604765817523,-0.057287611067295,0.0014452799223363,-0.06545802205801,0.00064965919591486,0.0,0.0,-0.027826150879264,-0.025391291826963,-0.18368428945541,0.060143023729324,-1.0626773473632e-05,-0.027826150879264,0.0,0.0,0.0,20.804456710815,0.0056890700943768,1.5916168689728,0,0,0,0,0,0,0,0,0,0,0,0,0,0,0,0,0,0,0,0,0,0,0,0,0,0,0,0,0,0,0,0
86,0.0,0.0,11.24919128418,62.179721832275,0.0,0.0,0.0,0.0,0.0,2.7281165122986,0.49789389967918,-3.1414937973022,-0.039455499500036,0.026136577129364,-0.057304285466671,0.0013638553209603,-0.065456442534924,0.00072263507172465,0.0,0.0,-0.031783044338226,-0.025481607764959,-0.17382323741913,0.062167901545763,-1.0082669177791e-05,-0.031783044338226,0.0,0.0,0.0,20.782722473145,0.0046828351914883,1.5923490524292,0,0,0,0,0,0,0,0,0,0,0,0,0,0,0,0,0,0,0,0,0,0,0,0,0,0,0,0,0,0,0,0
87,0.0,0.0,12.767451286316,58.545543670654,0.0,0.0,0.0,0.0,0.0,2.7266216278076,0.56334936618805,-3.1414897441864,-0.039602145552635,0.02622220851481,-0.057317718863487,0.0012796120718122,-0.065454632043839,0.00078849995043129,0.0,0.0,-0.03576447442174,-0.026508774608374,-0.16382350027561,0.063419349491596,-1.0149959962291e-05,-0.03576447442174,0.0,0.0,0.0,20.841733932495,0.0023548128083348,1.5942714214325,0,0,0,0,0,0,0,0,0,0,0,0,0,0,0,0,0,0,0,0,0,0,0,0,0,0,0,0,0,0,0,0
88,0.0,0.0,14.043035507202,54.947326660156,0.0,0.0,0.0,0.0,0.0,2.7251658439636,0.62880319356918,-3.1414864063263,-0.03974487632513,0.026304515078664,-0.057330675423145,0.0011938974494115,-0.065453045070171,0.00084649980999529,0.0,0.0,-0.03938364982605,-0.022273510694504,-0.15381100773811,0.062791876494884,-1.0367250979471e-05,-0.03938364982605,0.0,0.0,0.0,20.824239730835,0.0028838093858212,1.5938249826431,0,0,0,0,0,0,0,0,0,0,0,0,0,0,0,0,0,0,0,0,0,0,0,0,0,0,0,0,0,0,0,0
89,0.0,0.0,15.308264732361,51.33031463623,0.0,0.0,0.0,0.0,0.0,2.7237484455109,0.69425517320633,-3.1414835453033,-0.039883214980364,0.026383608579636,-0.057339880615473,0.0011063970159739,-0.065451204776764,0.00089762156130746,0.0,0.0,-0.042918853461742,-0.022092474624515,-0.14371500909328,0.063119783997536,-1.0056935025204e-05,-0.042918853461742,0.0,0.0,0.0,20.878332138062,0.0026966484729201,1.5932904481888,0,0,0,0,0,0,0,0,0,0,0,0,0,0,0,0,0,0,0,0,0,0,0,0,0,0,0,0,0,0,0,0
90,0.0,0.0,16.395986557007,47.662166595459,0.0,0.0,0.0,0.0,0.0,2.7223687171936,0.75970548391342,-3.1414816379547,-0.040017448365688,0.026459433138371,-0.057348292320967,0.001018323469907,-0.065449588000774,0.0009411433711648,0.0,0.0,-0.046149797737598,-0.018994191661477,-0.13348980247974,0.064012423157692,-9.8639839052339e-06,-0.046149797737598,0.0,0.0,0.0,20.940307617188,0.0046257739886642,1.5922648906708,0,0,0,0,0,0,0,0,0,0,0,0,0,0,0,0,0,0,0,0,0,0,0,0,0,0,0,0,0,0,0,0
91,0.0,0.0,17.548091888428,43.848522186279,0.0,0.0,0.0,0.0,0.0,2.7210257053375,0.82515400648117,-3.1414799690247,-0.040146879851818,0.026532908901572,-0.057354565709829,0.00092948350356892,-0.065447777509689,0.00097808602731675,0.0,0.0,-0.04936870187521,-0.020118279382586,-0.12301274389029,0.066551670432091,-1.0241897143715e-05,-0.04936870187521,0.0,0.0,0.0,20.991285324097,0.0049783261492848,1.593560218811,0,0,0,0,0,0,0,0,0,0,0,0,0,0,0,0,0,0,0,0,0,0,0,0,0,0,0,0,0,0,0,0
92,0.0,0.0,18.539876937866,40.09606552124,0.0,0.0,0.0,0.0,0.0,2.7197182178497,0.89060086011887,-3.1414792537689,-0.040271960198879,0.026603320613503,-0.057359728962183,0.00084093055920675,-0.065446183085442,0.0010078682098538,0.0,0.0,-0.052282940596342,-0.017319889739156,-0.11253996193409,0.065483845770359,-9.9858580142609e-06,-0.052282940596342,0.0,0.0,0.0,20.982788085938,0.0063804071396589,1.5927293300629,0,0,0,0,0,0,0,0,0,0,0,0,0,0,0,0,0,0,0,0,0,0,0,0,0,0,0,0,0,0,0,0
93,0.0,0.0,19.53080368042,36.325897216797,0.0,0.0,0.0,0.0,0.0,2.7184462547302,0.95604592561722,-3.1414787769318,-0.040391709655523,0.026671759784222,-0.057362820953131,0.00075246370397508,-0.065444372594357,0.0010315804975107,0.0,0.0,-0.055084023624659,-0.017304822802544,-0.10197298973799,0.065792858600616,-9.8954524219153e-06,-0.055084023624659,0.0,0.0,0.0,20.949190139771,0.0064779547974467,1.5918246507645,0,0,0,0,0,0,0,0,0,0,0,0,0,0,0,0,0,0,0,0,0,0,0,0,0,0,0,0,0,0,0,0
94,0.0,0.0,20.457113265991,32.461578369141,0.0,0.0,0.0,0.0,0.0,2.7172086238861,1.0214893817902,-3.1414783000946,-0.040507148951292,0.026737714186311,-0.057365648448467,0.00066515238722786,-0.065442830324173,0.0010486376704648,0.0,0.0,-0.057685013860464,-0.016177507117391,-0.091215088963509,0.067436248064041,-1.033750231727e-05,-0.057685013860464,0.0,0.0,0.0,20.958848953247,0.0065433415584266,1.5917669534683,0,0,0,0,0,0,0,0,0,0,0,0,0,0,0,0,0,0,0,0,0,0,0,0,0,0,0,0,0,0,0,0
95,0.0,0.0,21.236095428467,28.512937545776,0.0,0.0,0.0,0.0,0.0,2.716005563736,1.0869311094284,-3.1414768695831,-0.040617115795612,0.026802185922861,-0.05736692622304,0.00057866936549544,-0.065441079437733,0.0010601648828015,0.0,0.0,-0.059969767928123,-0.013606174848974,-0.080278500914574,0.068907767534256,-1.0375400051998e-05,-0.059969767928123,0.0,0.0,0.0,20.935693740845,0.007803276181221,1.5921324491501,0,0,0,0,0,0,0,0,0,0,0,0,0,0,0,0,0,0,0,0,0,0,0,0,0,0,0,0,0,0,0,0
96,0.0,0.0,21.941173553467,24.689992904663,0.0,0.0,0.0,0.0,0.0,2.7148368358612,1.1523712873459,-3.1414737701416,-0.040722962468863,0.026864636689425,-0.057368494570255,0.00049412553198636,-0.065439596772194,0.0010656234808266,0.0,0.0,-0.062023214995861,-0.012316402047873,-0.069434970617294,0.066713958978653,-1.0450014997332e-05,-0.062023214995861,0.0,0.0,0.0,20.943895339966,0.0082829091697931,1.5899238586426,0,0,0,0,0,0,0,0,0,0,0,0,0,0,0,0,0,0,0,0,0,0,0,0,0,0,0,0,0,0,0,0
97,0.0,0.0,22.538223266602,20.675439834595,0.0,0.0,0.0,0.0,0.0,2.7137031555176,1.2178097963333,-3.1414670944214,-0.040823265910149,0.026926064863801,-0.057369161397219,0.00041107958531938,-0.065437912940979,0.0010661449050531,0.0,0.0,-0.063794799149036,-0.010431301780045,-0.058284744620323,0.07005812227726,-1.0827846381289e-05,-0.063794799149036,0.0,0.0,0.0,20.985057830811,0.0094525767490268,1.5901544094086,0,0,0,0,0,0,0,0,0,0,0,0,0,0,0,0,0,0,0,0,0,0,0,0,0,0,0,0,0,0,0,0
98,0.0,0.0,23.175235748291,16.584915161133,0.0,0.0,0.0,0.0,0.0,2.7126066684723,1.2832468748093,-3.1414539813995,-0.040919836610556,0.026985889300704,-0.057370640337467,0.00033063598675653,-0.065436519682407,0.0010612366022542,0.0,0.0,-0.065464079380035,-0.011128734797239,-0.046979285776615,0.071384109556675,-1.0771206689242e-05,-0.065464079380035,0.0,0.0,0.0,20.950880050659,0.0082535315304995,1.5913817882538,0,0,0,0,0,0,0,0,0,0,0,0,0,0,0,0,0,0,0,0,0,0,0,0,0,0,0,0,0,0,0,0
99,0.0,0.0,23.613452911377,12.485682487488,0.0,0.0,0.0,0.0,0.0,2.7115540504456,1.3486822843552,-3.1414268016815,-0.041011936962605,0.027045855298638,-0.057373601943254,0.00025236298097298,-0.065435089170933,0.0010521386284381,0.0,0.0,-0.066722981631756,-0.007659540977329,-0.035611677914858,0.071535974740982,-1.1227059985686e-05,-0.066722981631756,0.0,0.0,0.0,20.942024230957,0.0085904831066728,1.5920321941376,0,0,0,0,0,0,0,0,0,0,0,0,0,0,0,0,0,0,0,0,0,0,0,0,0,0,0,0,0,0,0,0
100,0.0,0.0,23.95147895813,8.3048162460327,0.0,0.0,0.0,0.0,0.0,2.7105596065521,1.4141165018082,-3.1413691043854,-0.04109888151288,0.027104075998068,-0.057376548647881,0.00017713566194288,-0.065433658659458,0.0010383572662249,0.0,0.0,-0.067691020667553,-0.0059120692312717,-0.024096798151731,0.072960749268532,-1.2401835192577e-05,-0.067691020667553,0.0,0.0,0.0,20.958568572998,0.0088048158213496,1.5936084985733,0,0,0,0,0,0,0,0,0,0,0,0,0,0,0,0,0,0,0,0,0,0,0,0,0,0,0,0,0,0,0,0
101,0.0,0.0,24.175895690918,4.2336869239807,0.0,0.0,0.0,0.0,0.0,2.7096903324127,1.4795492887497,-3.141214132309,-0.041183177381754,0.02716139703989,-0.057379342615604,0.00010465633386048,-0.065432347357273,0.001020488794893,0.0,0.0,-0.068344205617905,-0.0039285458624363,-0.012690908275545,0.071045242249966,-1.173660166387e-05,-0.068344205617905,0.0,0.0,0.0,20.933427810669,0.0089060757309198,1.5931487083435,0,0,0,0,0,0,0,0,0,0,0,0,0,0,0,0,0,0,0,0,0,0,0,0,0,0,0,0,0,0,0,0
102,0.0,0.0,24.271049499512,0.11239621788263,0.0,0.0,0.0,0.0,0.0,2.7096862792969,1.5449808835983,-3.1402204036713,-0.041263096034527,0.027217887341976,-0.057383913546801,3.5463603126118e-05,-0.065431103110313,0.00099851936101913,0.0,0.0,-0.068661473691463,-0.0016730648931116,-0.0012006147298962,0.071920804679394,-1.2297856301302e-05,-0.068661473691463,0.0,0.0,0.0,20.949722290039,0.0093169482424855,1.5933140516281,0,0,0,0,0,0,0,0,0,0,0,0,0,0,0,0,0,0,0,0,0,0,0,0,0,0,0,0,0,0,0,0
103,0.0,0.0,24.284170150757,4.0160455703735,0.0,0.0,0.0,0.0,0.0,-0.43520048260689,1.5311814546585,-0.00094986119074747,-0.04134027659893,0.027273632586002,-0.057388726621866,-3.0433016945608e-05,-0.065429918467999,0.00097331224242225,0.0,0.0,-0.068698473274708,-0.00024160386237781,0.010307165794075,0.072045370936394,-1.2609221812454e-05,-0.068698473274708,0.0,0.0,0.0,20.906143188477,0.0091512082144618,1.5935385227203,0,0,0,0,0,0,0,0,0,0,0,0,0,0,0,0,0,0,0,0,0,0,0,0,0,0,0,0,0,0,0,0
104,0.0,0.0,24.281009674072,8.1676940917969,0.0,0.0,0.0,0.0,0.0,-0.43558847904205,1.4657522439957,-0.00039059895789251,-0.041414026170969,0.027328979223967,-0.057396043092012,-9.2735870566685e-05,-0.065428793430328,0.00094471633201465,0.0,0.0,-0.068541765213013,4.2259864130756e-05,0.0218416005373,0.072450377047062,-1.2899071407446e-05,-0.068541765213013,0.0,0.0,0.0,20.90309715271,0.0072299251332879,1.5940772294998,0,0,0,0,0,0,0,0,0,0,0,0,0,0,0,0,0,0,0,0,0,0,0,0,0,0,0,0,0,0,0,0
105,0.0,0.0,24.140830993652,12.300980567932,0.0,0.0,0.0,0.0,0.0,-0.43638744950294,1.4003241062164,-0.00026607370818965,-0.041485905647278,0.027383467182517,-0.057403910905123,-0.00015136644651648,-0.065427802503109,0.00091342761879787,0.0,0.0,-0.068038821220398,0.0024334683548659,0.033338721841574,0.072129681706429,-1.3112434317009e-05,-0.068038821220398,0.0,0.0,0.0,20.961442947388,0.005680731497705,1.5944221019745,0,0,0,0,0,0,0,0,0,0,0,0,0,0,0,0,0,0,0,0,0,0,0,0,0,0,0,0,0,0,0,0
106,0.0,0.0,23.764587402344,16.396089553833,0.0,0.0,0.0,0.0,0.0,-0.43723553419113,1.3348968029022,-0.00021376172662713,-0.041555047035217,0.027437580749393,-0.057414155453444,-0.00020622948068194,-0.065426848828793,0.0008793196757324,0.0,0.0,-0.067061021924019,0.006553350482136,0.044760718941689,0.071463502943516,-1.3352302630665e-05,-0.067061021924019,0.0,0.0,0.0,20.93895149231,0.0062766582705081,1.5946198701859,0,0,0,0,0,0,0,0,0,0,0,0,0,0,0,0,0,0,0,0,0,0,0,0,0,0,0,0,0,0,0,0
107,0.0,0.0,23.285236358643,20.368850708008,0.0,0.0,0.0,0.0,0.0,-0.43808543682098,1.2694704532623,-0.00018544275371823,-0.04162285476923,0.027490681037307,-0.057425044476986,-0.00025718900724314,-0.065426096320152,0.00084303942276165,0.0,0.0,-0.065781593322754,0.008352791890502,0.055988755077124,0.06932770460844,-1.3451986887958e-05,-0.065781593322754,0.0,0.0,0.0,20.942901611328,0.0069469236768782,1.5932950973511,0,0,0,0,0,0,0,0,0,0,0,0,0,0,0,0,0,0,0,0,0,0,0,0,0,0,0,0,0,0,0,0
108,0.0,0.0,22.765411376953,24.333578109741,0.0,0.0,0.0,0.0,0.0,-0.43892422318459,1.2040448188782,-0.00016762950690463,-0.041688438504934,0.027543229982257,-0.057437896728516,-0.00030424876604229,-0.065425358712673,0.00080453098053113,0.0,0.0,-0.064284712076187,0.0090590780600905,0.067157745361328,0.069187439978123,-1.3590657545137e-05,-0.064284712076187,0.0,0.0,0.0,20.969953536987,0.0064561385661364,1.5921629667282,0,0,0,0,0,0,0,0,0,0,0,0,0,0,0,0,0,0,0,0,0,0,0,0,0,0,0,0,0,0,0,0
109,0.0,0.0,22.105047225952,28.214570999146,0.0,0.0,0.0,0.0,0.0,-0.43974715471268,1.1386196613312,-0.00015493153478019,-0.041753351688385,0.027594877406955,-0.057451568543911,-0.00034736067755148,-0.065424874424934,0.00076422683196142,0.0,0.0,-0.062448006123304,0.011511919088662,0.078162878751755,0.0677260607481,-1.3602764738607e-05,-0.062448006123304,0.0,0.0,0.0,20.962690353394,0.0067851776257157,1.590376496315,0,0,0,0,0,0,0,0,0,0,0,0,0,0,0,0,0,0,0,0,0,0,0,0,0,0,0,0,0,0,0,0
110,0.0,0.0,21.291881561279,32.190490722656,0.0,0.0,0.0,0.0,0.0,-0.44055217504501,1.0731950998306,-0.00014472458860837,-0.041816342622042,0.027645710855722,-0.057466503232718,-0.0003865399339702,-0.065424352884293,0.00072223279858008,0.0,0.0,-0.060262683779001,0.014178762212396,0.089223228394985,0.069382451474667,-1.3663218851434e-05,-0.060262683779001,0.0,0.0,0.0,20.965110778809,0.0075857499614358,1.5909496545792,0,0,0,0,0,0,0,0,0,0,0,0,0,0,0,0,0,0,0,0,0,0,0,0,0,0,0,0,0,0,0,0
111,0.0,0.0,20.471357345581,36.134929656982,0.0,0.0,0.0,0.0,0.0,-0.44133847951889,1.0077707767487,-0.00013575068442151,-0.041879128664732,0.02769553847611,-0.057482201606035,-0.00042170632514171,-0.065424159169197,0.0006789120961912,0.0,0.0,-0.057917926460505,0.014307191595435,0.10017458349466,0.068833068013191,-1.3643541024067e-05,-0.057917926460505,0.0,0.0,0.0,20.944707870483,0.0067875641398132,1.5913844108582,0,0,0,0,0,0,0,0,0,0,0,0,0,0,0,0,0,0,0,0,0,0,0,0,0,0,0,0,0,0,0,0
112,0.0,0.0,19.561689376831,39.904258728027,0.0,0.0,0.0,0.0,0.0,-0.44210585951805,0.94234675168991,-0.00012738893565256,-0.04194039478898,0.027744619175792,-0.057498827576637,-0.00045305729145184,-0.065423905849457,0.00063439115183428,0.0,0.0,-0.055320158600807,0.015863046050072,0.11083163321018,0.065776571631432,-1.3659133401234e-05,-0.055320158600807,0.0,0.0,0.0,20.925996780396,0.0064957952126861,1.5897521972656,0,0,0,0,0,0,0,0,0,0,0,0,0,0,0,0,0,0,0,0,0,0,0,0,0,0,0,0,0,0,0,0
113,0.0,0.0,18.513172149658,43.745578765869,0.0,0.0,0.0,0.0,0.0,-0.44285425543785,0.87692272663116,-0.00011919552343898,-0.042001642286777,0.027792405337095,-0.057515751570463,-0.00048036963562481,-0.065424010157585,0.00058906356571242,0.0,0.0,-0.052415397018194,0.018286433070898,0.12150124460459,0.067033015191555,-1.3648109415954e-05,-0.052415397018194,0.0,0.0,0.0,20.918008804321,0.0065612131729722,1.5902704000473,0,0,0,0,0,0,0,0,0,0,0,0,0,0,0,0,0,0,0,0,0,0,0,0,0,0,0,0,0,0,0,0
114,0.0,0.0,17.428287506104,47.483963012695,0.0,0.0,0.0,0.0,0.0,-0.44358390569687,0.81149864196777,-0.00011116664245492,-0.042061194777489,0.027839539572597,-0.057533245533705,-0.00050407467642799,-0.065424010157585,0.00054298096802086,0.0,0.0,-0.04934012144804,0.018921166658401,0.13196501135826,0.065236434340477,-1.3635370123666e-05,-0.04934012144804,0.0,0.0,0.0,20.933544158936,0.0061393016949296,1.5897063016891,0,0,0,0,0,0,0,0,0,0,0,0,0,0,0,0,0,0,0,0,0,0,0,0,0,0,0,0,0,0,0,0
115,0.0,0.0,16.221841812134,51.257125854492,0.0,0.0,0.0,0.0,0.0,-0.44429507851601,0.7460743188858,-0.00010326736082789,-0.042121179401875,0.027885561808944,-0.057550903409719,-0.00052390794735402,-0.065424397587776,0.00049645395483822,0.0,0.0,-0.045997470617294,0.021042825654149,0.14239431917667,0.065843351185322,-1.3639969438373e-05,-0.045997470617294,0.0,0.0,0.0,20.963645935059,0.0060276538133621,1.5907168388367,0,0,0,0,0,0,0,0,0,0,0,0,0,0,0,0,0,0,0,0,0,0,0,0,0,0,0,0,0,0,0,0
116,0.0,0.0,15.017084121704,54.897361755371,0.0,0.0,0.0,0.0,0.0,-0.44498810172081,0.68064963817596,-9.5624083769508e-05,-0.042179591953754,0.027930863201618,-0.057568714022636,-0.00054031593026593,-0.065424680709839,0.00044969594455324,0.0,0.0,-0.042548500001431,0.021013276651502,0.15258252620697,0.063523352146149,-1.3693892469746e-05,-0.042548500001431,0.0,0.0,0.0,20.962268829346,0.0052112708799541,1.589959025383,0,0,0,0,0,0,0,0,0,0,0,0,0,0,0,0,0,0,0,0,0,0,0,0,0,0,0,0,0,0,0,0
117,0.0,0.0,13.733117103577,58.418655395508,0.0,0.0,0.0,0.0,0.0,-0.44566324353218,0.61522442102432,-8.830135629978e-05,-0.042238600552082,0.027974970638752,-0.057586323469877,-0.00055299903033301,-0.065425366163254,0.00040294090285897,0.0,0.0,-0.038903262466192,0.022395845502615,0.16254866123199,0.061447292566299,-1.3609345842269e-05,-0.038903262466192,0.0,0.0,0.0,20.916210174561,0.0051273102872074,1.5881232023239,0,0,0,0,0,0,0,0,0,0,0,0,0,0,0,0,0,0,0,0,0,0,0,0,0,0,0,0,0,0,0,0
118,0.0,0.0,12.326177597046,62.00267791748,0.0,0.0,0.0,0.0,0.0,-0.44632098078728,0.54979872703552,-8.1663041783031e-05,-0.042294964194298,0.028017874807119,-0.057602066546679,-0.00056250137276947,-0.065425843000412,0.00035624549491331,0.0,0.0,-0.035018019378185,0.02454230748117,0.1725212931633,0.062541969120502,-1.3419854440144e-05,-0.035018019378185,0.0,0.0,0.0,20.886960983276,0.005468123126775,1.5883806943893,0,0,0,0,0,0,0,0,0,0,0,0,0,0,0,0,0,0,0,0,0,0,0,0,0,0,0,0,0,0,0,0
119,0.0,0.0,10.929261207581,65.506851196289,0.0,0.0,0.0,0.0,0.0,-0.44696149230003,0.4843721985817,-7.5828073022421e-05,-0.042352810502052,0.02806044369936,-0.057620253413916,-0.00056858017342165,-0.065426863729954,0.00031018504523672,0.0,0.0,-0.031064936891198,0.024367056787014,0.18233180046082,0.06114860996604,-1.3739117093792e-05,-0.031064936891198,0.0,0.0,0.0,20.870622634888,0.0050727385096252,1.587606549263,0,0,0,0,0,0,0,0,0,0,0,0,0,0,0,0,0,0,0,0,0,0,0,0,0,0,0,0,0,0,0,0
120,0.0,0.0,9.4383239746094,68.982437133789,0.0,0.0,0.0,0.0,0.0,-0.4475853741169,0.41894471645355,-7.067992555676e-05,-0.042410962283611,0.028102748095989,-0.057638306170702,-0.00057197449496016,-0.065427698194981,0.00026501217507757,0.0,0.0,-0.026927318423986,0.026007615029812,0.19204758107662,0.060649745166302,-1.4143046428217e-05,-0.026927318423986,0.0,0.0,0.0,20.875699996948,0.0054100016131997,1.5872889757156,0,0,0,0,0,0,0,0,0,0,0,0,0,0,0,0,0,0,0,0,0,0,0,0,0,0,0,0,0,0,0,0
121,0.0,0.0,7.7783355712891,72.452659606934,0.0,0.0,0.0,0.0,0.0,-0.44819304347038,0.35351634025574,-6.6770720877685e-05,-0.042466167360544,0.0281439460814,-0.057654451578856,-0.00057222496252507,-0.065428622066975,0.00022007957159076,0.0,0.0,-0.022521577775478,0.028958581387997,0.20170363783836,0.060556031763554,-1.3680765732715e-05,-0.022521577775478,0.0,0.0,0.0,20.873689651489,0.0076130949892104,1.5883384943008,0,0,0,0,0,0,0,0,0,0,0,0,0,0,0,0,0,0,0,0,0,0,0,0,0,0,0,0,0,0,0,0
122,0.0,0.0,6.1562962532043,75.80680847168,0.0,0.0,0.0,0.0,0.0,-0.44878476858139,0.28808683156967,-6.4093721448444e-05,-0.042522963136435,0.02818376943469,-0.057669941335917,-0.00056973122991621,-0.065429851412773,0.0001766933419276,0.0,0.0,-0.018107566982508,0.02829610183835,0.21117214858532,0.058530166745186,-1.3824410416419e-05,-0.018107566982508,0.0,0.0,0.0,20.849145889282,0.0093001080676913,1.5875149965286,0,0,0,0,0,0,0,0,0,0,0,0,0,0,0,0,0,0,0,0,0,0,0,0,0,0,0,0,0,0,0,0
123,0.0,0.0,4.5928602218628,79.197677612305,0.0,0.0,0.0,0.0,0.0,-0.44936090707779,0.2226560562849,-6.2691491621081e-05,-0.04257894307375,0.02822345122695,-0.057686112821102,-0.00056468235561624,-0.065431088209152,0.0001343289623037,0.0,0.0,-0.013721032999456,0.027273047715425,0.22064647078514,0.059171251952648,-1.4055313840799e-05,-0.013721032999456,0.0,0.0,0.0,20.835561752319,0.0091887209564447,1.5870047807693,0,0,0,0,0,0,0,0,0,0,0,0,0,0,0,0,0,0,0,0,0,0,0,0,0,0,0,0,0,0,0,0
124,0.0,0.0,3.01145362854,82.639678955078,0.0,0.0,0.0,0.0,0.0,-0.44992193579674,0.15722393989563,-6.2609811720904e-05,-0.042634919285774,0.028261689469218,-0.0577004365623,-0.00055726279970258,-0.065432503819466,9.3607486633118e-05,0.0,0.0,-0.0092802522704005,0.027586797252297,0.23015254735947,0.060063593089581,-1.3958280760562e-05,-0.0092802522704005,0.0,0.0,0.0,20.847539901733,0.0084948670119047,1.5875470638275,0,0,0,0,0,0,0,0,0,0,0,0,0,0,0,0,0,0,0,0,0,0,0,0,0,0,0,0,0,0,0,0
125,0.0,0.0,1.4281373023987,86.01683807373,0.0,0.0,0.0,0.0,0.0,-0.45046812295914,0.0917903855443,-6.394216325134e-05,-0.042690455913544,0.028299426659942,-0.057714950293303,-0.0005475030047819,-0.06543393433094,5.4212599934544e-05,0.0,0.0,-0.0048135044053197,0.027620038017631,0.2395593225956,0.058932028710842,-1.4045040188648e-05,-0.0048135044053197,0.0,0.0,0.0,20.862371444702,0.007960481569171,1.5871578454971,0,0,0,0,0,0,0,0,0,0,0,0,0,0,0,0,0,0,0,0,0,0,0,0,0,0,0,0,0,0,0,0
126,0.0,0.0,0.15547129511833,89.403335571289,0.0,0.0,0.0,0.0,0.0,-0.45099985599518,0.026355285197496,-6.655268225586e-05,-0.042746026068926,0.028335474431515,-0.057727657258511,-0.00053571141324937,-0.065435543656349,1.6874833818292e-05,0.0,0.0,-0.00033216117299162,0.027625219896436,0.24896369874477,0.059094980359077,-1.3964457139082e-05,-0.00033216117299162,0.0,0.0,0.0,20.86935043335,0.007137437351048,1.5869510173798,0,0,0,0,0,0,0,0,0,0,0,0,0,0,0,0,0,0,0,0,0,0,0,0,0,0,0,0,0,0,0,0
127,0.0,0.0,1.6912322044373,92.811134338379,0.0,0.0,0.0,0.0,0.0,-0.45151743292809,-0.039081428200006,-7.0460097049363e-05,-0.042801436036825,0.028370924293995,-0.057740330696106,-0.00052193563897163,-0.065437152981758,-1.8887845726567e-05,0.0,0.0,0.0040963846258819,0.026790112257004,0.25838980078697,0.05946696922183,-1.3971040061733e-05,0.0040963846258819,0.0,0.0,0.0,20.878095626831,0.0053095547482371,1.5867085456848,0,0,0,0,0,0,0,0,0,0,0,0,0,0,0,0,0,0,0,0,0,0,0,0,0,0,0,0,0,0,0,0
128,0.0,0.0,3.2833445072174,96.173675537109,0.0,0.0,0.0,0.0,0.0,-0.45202121138573,-0.10451985150576,-7.5433221354615e-05,-0.042856592684984,0.028404532000422,-0.057751223444939,-0.00050648977048695,-0.065438911318779,-5.2305465942482e-05,0.0,0.0,0.0085876788944006,0.027773797512054,0.26776549220085,0.058677032589912,-1.3805872185912e-05,0.0085876788944006,0.0,0.0,0.0,20.851579666138,0.0047523584216833,1.5861396789551,0,0,0,0,0,0,0,0,0,0,0,0,0,0,0,0,0,0,0,0,0,0,0,0,0,0,0,0,0,0,0,0
129,0.0,0.0,4.9064130783081,99.529289245605,0.0,0.0,0.0,0.0,0.0,-0.45251151919365,-0.16996002197266,-8.1436563050374e-05,-0.042911648750305,0.028437295928597,-0.057761609554291,-0.00048937153769657,-0.065440647304058,-8.3963983342983e-05,0.0,0.0,0.013101863674819,0.028314152732491,0.27714601159096,0.058556266129017,-1.3732727893512e-05,0.013101863674819,0.0,0.0,0.0,20.85665512085,0.0049060047604144,1.5856111049652,0,0,0,0,0,0,0,0,0,0,0,0,0,0,0,0,0,0,0,0,0,0,0,0,0,0,0,0,0,0,0,0
130,0.0,0.0,6.5416874885559,103.02507781982,0.0,0.0,0.0,0.0,0.0,-0.45298871397972,-0.23540203273296,-8.8166314526461e-05,-0.042966246604919,0.028468042612076,-0.057770356535912,-0.00047090416774154,-0.065442532300949,-0.00011306344094919,0.0,0.0,0.017608916386962,0.028527373448014,0.28671559691429,0.061002869158983,-1.3549853974837e-05,0.017608916386962,0.0,0.0,0.0,20.823547363281,0.0045167468488216,1.5872416496277,0,0,0,0,0,0,0,0,0,0,0,0,0,0,0,0,0,0,0,0,0,0,0,0,0,0,0,0,0,0,0,0
131,0.0,0.0,8.1325998306274,106.49670410156,0.0,0.0,0.0,0.0,0.0,-0.4534530043602,-0.30084589123726,-9.5558301836718e-05,-0.043020606040955,0.0284976772964,-0.057778004556894,-0.00045105762546882,-0.065444357693195,-0.00014030274178367,0.0,0.0,0.022030869498849,0.027753362432122,0.29628890752792,0.060581158846617,-1.3298335943546e-05,0.022030869498849,0.0,0.0,0.0,20.823659896851,0.0040676952339709,1.5879880189896,0,0,0,0,0,0,0,0,0,0,0,0,0,0,0,0,0,0,0,0,0,0,0,0,0,0,0,0,0,0,0,0
132,0.0,0.0,9.7351703643799,109.86074829102,0.0,0.0,0.0,0.0,0.0,-0.45390477776527,-0.36629170179367,-0.00010326777555747,-0.043074157088995,0.028525203466415,-0.057784181088209,-0.00043017265852541,-0.065446339547634,-0.00016485422383994,0.0,0.0,0.026425894349813,0.027957048267126,0.30577236413956,0.058703545480967,-1.3078114534437e-05,0.026425894349813,0.0,0.0,0.0,20.799289703369,0.0051581268198788,1.5869153738022,0,0,0,0,0,0,0,0,0,0,0,0,0,0,0,0,0,0,0,0,0,0,0,0,0,0,0,0,0,0,0,0
133,0.0,0.0,11.296531677246,113.32263183594,0.0,0.0,0.0,0.0,0.0,-0.45434418320656,-0.43173941969872,-0.00011124932643725,-0.043127130717039,0.028551427647471,-0.057788774371147,-0.00040819167043082,-0.065448231995106,-0.0001875168090919,0.0,0.0,0.030720708891749,0.02723814919591,0.31541809439659,0.060411188751459,-1.275837985304e-05,0.030720708891749,0.0,0.0,0.0,20.794002532959,0.0055930032394826,1.5868176221848,0,0,0,0,0,0,0,0,0,0,0,0,0,0,0,0,0,0,0,0,0,0,0,0,0,0,0,0,0,0,0,0
134,0.0,0.0,12.816427230835,116.72213745117,0.0,0.0,0.0,0.0,0.0,-0.4547715485096,-0.49718913435936,-0.00011916956282221,-0.04317894205451,0.028575548902154,-0.057792101055384,-0.00038546181167476,-0.065450273454189,-0.00020744987705257,0.0,0.0,0.034905895590782,0.026514736935496,0.32504281401634,0.059322528541088,-1.2433256415534e-05,0.034905895590782,0.0,0.0,0.0,20.781555175781,0.0066070291213691,1.5851525068283,0,0,0,0,0,0,0,0,0,0,0,0,0,0,0,0,0,0,0,0,0,0,0,0,0,0,0,0,0,0,0,0
135,0.0,0.0,14.312048912048,120.31687927246,0.0,0.0,0.0,0.0,0.0,-0.45518699288368,-0.56264078617096,-0.00012705677363556,-0.04322962090373,0.028598321601748,-0.057793453335762,-0.00036190691753291,-0.065452195703983,-0.00022555144096259,0.0,0.0,0.03899123519659,0.02609140984714,0.33496063947678,0.062730126082897,-1.2115827303205e-05,0.03899123519659,0.0,0.0,0.0,20.784757614136,0.0068757049739361,1.5860390663147,0,0,0,0,0,0,0,0,0,0,0,0,0,0,0,0,0,0,0,0,0,0,0,0,0,0,0,0,0,0,0,0
136,0.0,0.0,15.79873752594,123.81221008301,0.0,0.0,0.0,0.0,0.0,-0.45559078454971,-0.6280944943428,-0.00013464223593473,-0.043278817087412,0.028619151562452,-0.057793859392405,-0.00033789654844441,-0.065454259514809,-0.0002409592125332,0.0,0.0,0.042985815554857,0.02593582868576,0.3448281288147,0.060995183885098,-1.179064020107e-05,0.042985815554857,0.0,0.0,0.0,20.825071334839,0.0087161865085363,1.5849244594574,0,0,0,0,0,0,0,0,0,0,0,0,0,0,0,0,0,0,0,0,0,0,0,0,0,0,0,0,0,0,0,0
137,0.0,0.0,17.318824768066,127.49243927002,0.0,0.0,0.0,0.0,0.0,-0.45598295331001,-0.69355016946793,-0.00014210544759408,-0.04332622140646,0.0286386590451,-0.057791821658611,-0.00031327802571468,-0.06545615196228,-0.00025468415697105,0.0,0.0,0.046932853758335,0.026519114151597,0.35498705506325,0.06422221660614,-1.1399157301639e-05,0.046932853758335,0.0,0.0,0.0,20.792898178101,0.011171288788319,1.5864592790604,0,0,0,0,0,0,0,0,0,0,0,0,0,0,0,0,0,0,0,0,0,0,0,0,0,0,0,0,0,0,0,0
138,0.0,0.0,18.58239364624,131.20849609375,0.0,0.0,0.0,0.0,0.0,-0.45636340975761,-0.75900775194168,-0.00014966676826589,-0.043370950967073,0.028656721115112,-0.05778868496418,-0.00028827809728682,-0.065458111464977,-0.00026615767274052,0.0,0.0,0.050475019961596,0.022042244672775,0.36526617407799,0.064847394824028,-1.1199998880329e-05,0.050475019961596,0.0,0.0,0.0,20.736755371094,0.010573421604931,1.5865312814713,0,0,0,0,0,0,0,0,0,0,0,0,0,0,0,0,0,0,0,0,0,0,0,0,0,0,0,0,0,0,0,0
139,0.0,0.0,19.785177230835,135.00390625,0.0,0.0,0.0,0.0,0.0,-0.45673248171806,-0.82446730136871,-0.00015710496518295,-0.043414004147053,0.028672877699137,-0.057783465832472,-0.00026331949629821,-0.065460093319416,-0.00027534857508726,0.0,0.0,0.053832430392504,0.020981861278415,0.37572175264359,0.066232450306416,-1.0681285857572e-05,0.053832430392504,0.0,0.0,0.0,20.700511932373,0.0099845118820667,1.5870714187622,0,0,0,0,0,0,0,0,0,0,0,0,0,0,0,0,0,0,0,0,0,0,0,0,0,0,0,0,0,0,0,0
140,0.0,0.0,20.867683410645,138.85578918457,0.0,0.0,0.0,0.0,0.0,-0.45709052681923,-0.88992875814438,-0.00016473657160532,-0.04345478862524,0.028688482940197,-0.057775627821684,-0.00023766218509991,-0.065461479127407,-0.00028386744088493,0.0,0.0,0.056923523545265,0.018882593140006,0.38632965087891,0.067218154668808,-1.069812788046e-05,0.056923523545265,0.0,0.0,0.0,20.69655418396,0.008668233640492,1.5874232053757,0,0,0,0,0,0,0,0,0,0,0,0,0,0,0,0,0,0,0,0,0,0,0,0,0,0,0,0,0,0,0,0
141,0.0,0.0,21.883213043213,142.65963745117,0.0,0.0,0.0,0.0,0.0,-0.45743715763092,-0.95539212226868,-0.00017263348854613,-0.043486189097166,0.028700495138764,-0.057769056409597,-0.00021480589930434,-0.06546426564455,-0.00028789439238608,0.0,0.0,0.059802543371916,0.01771354675293,0.39696323871613,0.066380254924297,-1.078576042346e-05,0.059802543371916,0.0,0.0,0.0,20.689882278442,0.0080744447186589,1.5862826108932,0,0,0,0,0,0,0,0,0,0,0,0,0,0,0,0,0,0,0,0,0,0,0,0,0,0,0,0,0,0,0,0
142,0.0,0.0,22.823295593262,146.48414611816,0.0,0.0,0.0,0.0,0.0,-0.45777013897896,-1.0208569765091,-0.00018374835781287,-0.043526791036129,0.028715638443828,-0.05776060000062,-0.00018745972192846,-0.065464921295643,-0.00029351279954426,0.0,0.0,0.062449965626001,0.016397064551711,0.40770211815834,0.066740356385708,-1.0476450370334e-05,0.062449965626001,0.0,0.0,0.0,20.689916610718,0.0077718361280859,1.5847059488297,0,0,0,0,0,0,0,0,0,0,0,0,0,0,0,0,0,0,0,0,0,0,0,0,0,0,0,0,0,0,0,0
143,0.0,0.0,23.664827346802,150.43603515625,0.0,0.0,0.0,0.0,0.0,-0.45809039473534,-1.0863239765167,-0.00019668467575684,-0.043550781905651,0.028726693242788,-0.057753037661314,-0.00016482258797623,-0.065467946231365,-0.00029385500238277,0.0,0.0,0.064829036593437,0.014677421189845,0.41867223381996,0.068964093923569,-1.0071109500132e-05,0.064829036593437,0.0,0.0,0.0,20.682420730591,0.0070480573922396,1.5843050479889,0,0,0,0,0,0,0,0,0,0,0,0,0,0,0,0,0,0,0,0,0,0,0,0,0,0,0,0,0,0,0,0
144,0.0,0.0,24.445150375366,154.43963623047,0.0,0.0,0.0,0.0,0.0,-0.45839360356331,-1.1517922878265,-0.00021722912788391,-0.043588232249022,0.028743045404553,-0.057743620127439,-0.00013848641538061,-0.065468326210976,-0.00029691067175008,0.0,0.0,0.066976726055145,0.013608625158668,0.42977932095528,0.069866210222244,-1.0579579793557e-05,0.066976726055145,0.0,0.0,0.0,20.669786453247,0.006956288125366,1.5840947628021,0,0,0,0,0,0,0,0,0,0,0,0,0,0,0,0,0,0,0,0,0,0,0,0,0,0,0,0,0,0,0,0
145,0.0,0.0,25.183511734009,158.43466186523,0.0,0.0,0.0,0.0,0.0,-0.45867988467216,-1.2172627449036,-0.00024467150797136,-0.043607607483864,0.028754830360413,-0.057738903909922,-0.00011691407416947,-0.065471358597279,-0.00029422083753161,0.0,0.0,0.068909794092178,0.012876567430794,0.440943390131,0.069717064499855,-1.0292756996932e-05,0.068909794092178,0.0,0.0,0.0,20.641185760498,0.0080791004002094,1.5832114219666,0,0,0,0,0,0,0,0,0,0,0,0,0,0,0,0,0,0,0,0,0,0,0,0,0,0,0,0,0,0,0,0
146,0.0,0.0,25.732364654541,162.53001403809,0.0,0.0,0.0,0.0,0.0,-0.45893859863281,-1.2827342748642,-0.0002913172938861,-0.043639574199915,0.02876990661025,-0.057729329913855,-9.1724141384475e-05,-0.065471462905407,-0.00029490562155843,0.0,0.0,0.070441871881485,0.0095684938132763,0.45228865742683,0.071467727422714,-1.079129469872e-05,0.070441871881485,0.0,0.0,0.0,20.646871566772,0.0076400656253099,1.5830010175705,0,0,0,0,0,0,0,0,0,0,0,0,0,0,0,0,0,0,0,0,0,0,0,0,0,0,0,0,0,0,0,0
147,0.0,0.0,26.118350982666,166.66468811035,0.0,0.0,0.0,0.0,0.0,-0.45915913581848,-1.3482077121735,-0.00036692823050544,-0.043654218316078,0.028782721608877,-0.057727117091417,-7.1130896685645e-05,-0.065474346280098,-0.00028974053566344,0.0,0.0,0.071598447859287,0.0067263441160321,0.46373158693314,0.072154246270657,-1.0362383363827e-05,0.071598447859287,0.0,0.0,0.0,20.638778686523,0.0063311662524939,1.5827883481979,0,0,0,0,0,0,0,0,0,0,0,0,0,0,0,0,0,0,0,0,0,0,0,0,0,0,0,0,0,0,0,0
148,0.0,0.0,26.552515029907,170.791015625,0.0,0.0,0.0,0.0,0.0,-0.45929622650146,-1.413682103157,-0.00051871314644814,-0.043680764734745,0.028797689825296,-0.057718452066183,-4.766231359099e-05,-0.065474219620228,-0.00028839654987678,0.0,0.0,0.072631485760212,0.0075665949843824,0.47520437836647,0.072008527815342,-1.1001063285221e-05,0.072631485760212,0.0,0.0,0.0,20.632133483887,0.0079286815598607,1.5822920799255,0,0,0,0,0,0,0,0,0,0,0,0,0,0,0,0,0,0,0,0,0,0,0,0,0,0,0,0,0,0,0,0
149,0.0,0.0,26.730136871338,175.03242492676,0.0,0.0,0.0,0.0,0.0,-0.45920252799988,-1.47915828228,-0.00089302565902472,-0.043692700564861,0.028812723234296,-0.057718686759472,-2.8708645913866e-05,-0.065476953983307,-0.00028118820046075,0.0,0.0,0.073168076574802,0.0030895760282874,0.48684358596802,0.074017144739628,-1.052382231137e-05,0.073168076574802,0.0,0.0,0.0,20.605365753174,0.007050022482872,1.5830743312836,0,0,0,0,0,0,0,0,0,0,0,0,0,0,0,0,0,0,0,0,0,0,0,0,0,0,0,0,0,0,0,0
150,0.0,0.0,26.897821426392,179.24606323242,0.0,0.0,0.0,0.0,0.0,-0.4571535885334,-1.5446349382401,-0.0032162740826607,-0.043713618069887,0.028827240690589,-0.057712331414223,-6.974139068916e-06,-0.065476559102535,-0.00027803966077045,0.0,0.0,0.073503449559212,0.0029153076466173,0.49846571683884,0.073532126843929,-1.1353803529346e-05,0.073503449559212,0.0,0.0,0.0,20.652740478516,0.0081755677238107,1.5833034515381,0,0,0,0,0,0,0,0,0,0,0,0,0,0,0,0,0,0,0,0,0,0,0,0,0,0,0,0,0,0,0,0
151,0.0,0.0,26.896509170532,176.57824707031,0.0,0.0,0.0,0.0,0.0,2.6787366867065,-1.5314793586731,-3.1393735408783,-0.043722707778215,0.02884336002171,-0.057716533541679,1.0706312423281e-05,-0.065478824079037,-0.00026905303820968,0.0,0.0,0.073446393013,-3.3855922083603e-05,-0.48995718359947,0.072869978845119,-1.0931395991065e-05,0.073446393013,0.0,0.0,0.0,20.654491424561,0.0084881912916899,1.5828405618668,0,0,0,0,0,0,0,0,0,0,0,0,0,0,0,0,0,0,0,0,0,0,0,0,0,0,0,0,0,0,0,0
152,0.0,0.0,26.714233398438,172.18421936035,0.0,0.0,0.0,0.0,0.0,2.6798188686371,-1.4660007953644,-3.1407172679901,-0.043740462511778,0.02885851636529,-0.057712182402611,2.9772792913718e-05,-0.065478399395943,-0.00026446554693393,0.0,0.0,0.072978846728802,-0.0031927165109664,-0.47812536358833,0.076680555939674,-1.1420949704188e-05,0.072978846728802,0.0,0.0,0.0,20.703681945801,0.0079567627981305,1.5859088897705,0,0,0,0,0,0,0,0,0,0,0,0,0,0,0,0,0,0,0,0,0,0,0,0,0,0,0,0,0,0,0,0
153,0.0,0.0,26.474893569946,167.9454498291,0.0,0.0,0.0,0.0,0.0,2.6798715591431,-1.4005210399628,-3.1410248279572,-0.043749153614044,0.028876407071948,-0.057719480246305,4.5448690798366e-05,-0.065480291843414,-0.00025393796386197,0.0,0.0,0.072257116436958,-0.0041882069781423,-0.4665045440197,0.073970720171928,-1.0923370609817e-05,0.072257116436958,0.0,0.0,0.0,20.682870864868,0.0085485028102994,1.5867317914963,0,0,0,0,0,0,0,0,0,0,0,0,0,0,0,0,0,0,0,0,0,0,0,0,0,0,0,0,0,0,0,0
154,0.0,0.0,26.05418586731,163.79811096191,0.0,0.0,0.0,0.0,0.0,2.6797549724579,-1.3350410461426,-3.14115858078,-0.043763194233179,0.028891377151012,-0.05771778896451,6.2211758631747e-05,-0.065479695796967,-0.00024812479387037,0.0,0.0,0.071129940450191,-0.0073541514575481,-0.45503216981888,0.072374738752842,-1.1416948836995e-05,0.071129940450191,0.0,0.0,0.0,20.6897315979,0.0079900659620762,1.5865995883942,0,0,0,0,0,0,0,0,0,0,0,0,0,0,0,0,0,0,0,0,0,0,0,0,0,0,0,0,0,0,0,0
155,0.0,0.0,25.533159255981,159.59941101074,0.0,0.0,0.0,0.0,0.0,2.6795859336853,-1.2695602178574,-3.1412336826324,-0.043773360550404,0.028909990563989,-0.057728361338377,7.5840711360797e-05,-0.065481200814247,-0.00023618883278687,0.0,0.0,0.069700635969639,-0.0091049494221807,-0.44354540109634,0.073271468281746,-1.1309001820337e-05,0.069700635969639,0.0,0.0,0.0,20.697431564331,0.0079113449901342,1.587745308876,0,0,0,0,0,0,0,0,0,0,0,0,0,0,0,0,0,0,0,0,0,0,0,0,0,0,0,0,0,0,0,0
156,0.0,0.0,24.948970794678,155.43218994141,0.0,0.0,0.0,0.0,0.0,2.6793942451477,-1.2040795087814,-3.1412823200226,-0.043784666806459,0.028924752026796,-0.057729661464691,9.0037370682694e-05,-0.065480515360832,-0.00022924813674763,0.0,0.0,0.068021342158318,-0.010207924991846,-0.43215420842171,0.072721645236015,-1.1928909771086e-05,0.068021342158318,0.0,0.0,0.0,20.697498321533,0.0087826540693641,1.5888508558273,0,0,0,0,0,0,0,0,0,0,0,0,0,0,0,0,0,0,0,0,0,0,0,0,0,0,0,0,0,0,0,0
157,0.0,0.0,24.208200454712,151.37713623047,0.0,0.0,0.0,0.0,0.0,2.6791942119598,-1.1385980844498,-3.1413164138794,-0.043796729296446,0.028943991288543,-0.057741839438677,0.00010166269203182,-0.065481550991535,-0.00021611496049445,0.0,0.0,0.065983600914478,-0.01293970644474,-0.42096689343452,0.070763893425465,-1.0818476766872e-05,0.065983600914478,0.0,0.0,0.0,20.693988800049,0.0086818924173713,1.5890378952026,0,0,0,0,0,0,0,0,0,0,0,0,0,0,0,0,0,0,0,0,0,0,0,0,0,0,0,0,0,0,0,0
158,0.0,0.0,23.388408660889,147.34606933594,0.0,0.0,0.0,0.0,0.0,2.6789903640747,-1.073117017746,-3.1413433551788,-0.043806653469801,0.028957212343812,-0.057746708393097,0.00011309329420328,-0.065480880439281,-0.00020804940140806,0.0,0.0,0.063689589500427,-0.014319913461804,-0.40988248586655,0.070345170795918,-1.1857043318741e-05,0.063689589500427,0.0,0.0,0.0,20.695873260498,0.0091128069907427,1.5895187854767,0,0,0,0,0,0,0,0,0,0,0,0,0,0,0,0,0,0,0,0,0,0,0,0,0,0,0,0,0,0,0,0
159,0.0,0.0,22.471273422241,143.44732666016,0.0,0.0,0.0,0.0,0.0,2.6787867546082,-1.0076357126236,-3.1413645744324,-0.043819673359394,0.028977338224649,-0.057758938521147,0.00012302327377256,-0.065481327474117,-0.00019385629275348,0.0,0.0,0.061124958097935,-0.016017932444811,-0.39904016256332,0.068035423755646,-1.0897426363954e-05,0.061124958097935,0.0,0.0,0.0,20.703866958618,0.0092575680464506,1.5887368917465,0,0,0,0,0,0,0,0,0,0,0,0,0,0,0,0,0,0,0,0,0,0,0,0,0,0,0,0,0,0,0,0
160,0.0,0.0,21.390249252319,139.53422546387,0.0,0.0,0.0,0.0,0.0,2.6785838603973,-0.94215488433838,-3.141382932663,-0.043827559798956,0.028991954401135,-0.057766951620579,0.00013202895934228,-0.065480425953865,-0.00018500097212382,0.0,0.0,0.0582160577178,-0.018879247829318,-0.38826248049736,0.068286381661892,-1.1806811926363e-05,0.0582160577178,0.0,0.0,0.0,20.689847946167,0.0085029881447554,1.589376449585,0,0,0,0,0,0,0,0,0,0,0,0,0,0,0,0,0,0,0,0,0,0,0,0,0,0,0,0,0,0,0,0
161,0.0,0.0,20.206802368164,135.72583007812,0.0,0.0,0.0,0.0,0.0,2.6783840656281,-0.8766742348671,-3.1413989067078,-0.043844781816006,0.02901048772037,-0.057778872549534,0.0001394578430336,-0.065480634570122,-0.00017006254347507,0.0,0.0,0.055046278983355,-0.020666109398007,-0.37769815325737,0.066458143293858,-1.1086164704466e-05,0.055046278983355,0.0,0.0,0.0,20.673929214478,0.0072828973643482,1.5893839597702,0,0,0,0,0,0,0,0,0,0,0,0,0,0,0,0,0,0,0,0,0,0,0,0,0,0,0,0,0,0,0,0
162,0.0,0.0,19.01003074646,131.87400817871,0.0,0.0,0.0,0.0,0.0,2.6781883239746,-0.81119406223297,-3.1414151191711,-0.043854728341103,0.029022801667452,-0.057788792997599,0.00014525717415381,-0.065479837357998,-0.00016063472139649,0.0,0.0,0.0517353489995,-0.02089948952198,-0.36716356873512,0.067216791212559,-1.1872477443831e-05,0.0517353489995,0.0,0.0,0.0,20.677404403687,0.007720623165369,1.5906012058258,0,0,0,0,0,0,0,0,0,0,0,0,0,0,0,0,0,0,0,0,0,0,0,0,0,0,0,0,0,0,0,0
163,0.0,0.0,17.705478668213,128.15562438965,0.0,0.0,0.0,0.0,0.0,2.6779963970184,-0.74571424722672,-3.1414291858673,-0.043873906135559,0.029040535911918,-0.05779991298914,0.00015107632498257,-0.065479643642902,-0.00014490488683805,0.0,0.0,0.048175927251577,-0.02278015576303,-0.35687556862831,0.064887687563896,-1.1436504792073e-05,0.048175927251577,0.0,0.0,0.0,20.691486358643,0.007218096870929,1.590803027153,0,0,0,0,0,0,0,0,0,0,0,0,0,0,0,0,0,0,0,0,0,0,0,0,0,0,0,0,0,0,0,0
164,0.0,0.0,16.358276367188,124.49726104736,0.0,0.0,0.0,0.0,0.0,2.6778087615967,-0.68023508787155,-3.1414434909821,-0.043882723897696,0.029052929952741,-0.057811386883259,0.00015454180538654,-0.065478824079037,-0.00013475383457262,0.0,0.0,0.044458866119385,-0.023525338619947,-0.34674206376076,0.063840351998806,-1.2206363862788e-05,0.044458866119385,0.0,0.0,0.0,20.705507278442,0.0070955166593194,1.5907582044601,0,0,0,0,0,0,0,0,0,0,0,0,0,0,0,0,0,0,0,0,0,0,0,0,0,0,0,0,0,0,0,0
165,0.0,0.0,15.002506256104,120.84426879883,0.0,0.0,0.0,0.0,0.0,2.6776247024536,-0.61475658416748,-3.141455411911,-0.043903112411499,0.02907052077353,-0.057820666581392,0.00015893478121143,-0.065478220582008,-0.00011853087926283,0.0,0.0,0.040636837482452,-0.023674612864852,-0.33669084310532,0.063746489584446,-1.1974446351815e-05,0.040636837482452,0.0,0.0,0.0,20.724716186523,0.0081240655854344,1.5910680294037,0,0,0,0,0,0,0,0,0,0,0,0,0,0,0,0,0,0,0,0,0,0,0,0,0,0,0,0,0,0,0,0
166,0.0,0.0,13.574563026428,117.31742095947,0.0,0.0,0.0,0.0,0.0,2.6774454116821,-0.54927891492844,-3.14146733284,-0.043912030756474,0.029082389548421,-0.057833317667246,0.00015998398885131,-0.06547737121582,-0.00010792373359436,0.0,0.0,0.036641262471676,-0.024934642016888,-0.32686701416969,0.061545077711344,-1.2330683603068e-05,0.036641262471676,0.0,0.0,0.0,20.714361190796,0.0083658015355468,1.5902477502823,0,0,0,0,0,0,0,0,0,0,0,0,0,0,0,0,0,0,0,0,0,0,0,0,0,0,0,0,0,0,0,0
167,0.0,0.0,12.008434295654,113.78688812256,0.0,0.0,0.0,0.0,0.0,2.6772696971893,-0.48380208015442,-3.1414768695831,-0.043933644890785,0.02909904718399,-0.057840522378683,0.00016299479466397,-0.065476447343826,-9.1635578428395e-05,0.0,0.0,0.03239706531167,-0.027346428483725,-0.31710365414619,0.061609081923962,-1.2309441444813e-05,0.03239706531167,0.0,0.0,0.0,20.718288421631,0.0074958209879696,1.5907897949219,0,0,0,0,0,0,0,0,0,0,0,0,0,0,0,0,0,0,0,0,0,0,0,0,0,0,0,0,0,0,0,0
168,0.0,0.0,10.470156669617,110.3646774292,0.0,0.0,0.0,0.0,0.0,2.6770989894867,-0.4183261692524,-3.1414861679077,-0.043943282216787,0.029110888019204,-0.057853825390339,0.00016189162852243,-0.065475530922413,-8.0871432146523e-05,0.0,0.0,0.028120780363679,-0.026860689744353,-0.30753433704376,0.059719044715166,-1.2691606571025e-05,0.028120780363679,0.0,0.0,0.0,20.730361938477,0.0072628315538168,1.5897634029388,0,0,0,0,0,0,0,0,0,0,0,0,0,0,0,0,0,0,0,0,0,0,0,0,0,0,0,0,0,0,0,0
169,0.0,0.0,8.72998046875,106.92323303223,0.0,0.0,0.0,0.0,0.0,2.6769318580627,-0.35285139083862,-3.1414928436279,-0.04396591335535,0.029126370325685,-0.057858791202307,0.0001636894303374,-0.065474338829517,-6.4978514274117e-05,0.0,0.0,0.023534212261438,-0.03038459084928,-0.29799282550812,0.060054361820221,-1.278320360143e-05,0.023534212261438,0.0,0.0,0.0,20.707714080811,0.0047993967309594,1.5908077955246,0,0,0,0,0,0,0,0,0,0,0,0,0,0,0,0,0,0,0,0,0,0,0,0,0,0,0,0,0,0,0,0
170,0.0,0.0,7.2185072898865,103.53560638428,0.0,0.0,0.0,0.0,0.0,2.6767694950104,-0.28737765550613,-3.1414992809296,-0.043976910412312,0.029138386249542,-0.057872209697962,0.00016064135706984,-0.065473333001137,-5.4348176490748e-05,0.0,0.0,0.019184798002243,-0.026393519714475,-0.28856253623962,0.059115644544363,-1.3335993571673e-05,0.019184798002243,0.0,0.0,0.0,20.746513366699,0.0062444219365716,1.5895422697067,0,0,0,0,0,0,0,0,0,0,0,0,0,0,0,0,0,0,0,0,0,0,0,0,0,0,0,0,0,0,0,0
171,0.0,0.0,5.5991153717041,100.07717895508,0.0,0.0,0.0,0.0,0.0,2.6766107082367,-0.22190521657467,-3.1415030956268,-0.043999969959259,0.029152654111385,-0.057874839752913,0.00016142033564392,-0.065471932291985,-3.9255312003661e-05,0.0,0.0,0.014664414338768,-0.028277007862926,-0.2790778875351,0.060350932180882,-1.3283321095514e-05,0.014664414338768,0.0,0.0,0.0,20.702955245972,0.0070971241220832,1.5903751850128,0,0,0,0,0,0,0,0,0,0,0,0,0,0,0,0,0,0,0,0,0,0,0,0,0,0,0,0,0,0,0,0
172,0.0,0.0,3.8982241153717,96.699211120605,0.0,0.0,0.0,0.0,0.0,2.6764566898346,-0.15643398463726,-3.1415061950684,-0.044012926518917,0.029164662584662,-0.057887826114893,0.00015668018022552,-0.065470822155476,-2.905279143306e-05,0.0,0.0,0.010010374709964,-0.029699686914682,-0.26972109079361,0.058947071433067,-1.3537057384383e-05,0.010010374709964,0.0,0.0,0.0,20.708333969116,0.0065016588196158,1.5907307863235,0,0,0,0,0,0,0,0,0,0,0,0,0,0,0,0,0,0,0,0,0,0,0,0,0,0,0,0,0,0,0,0
173,0.0,0.0,2.1865017414093,93.313995361328,0.0,0.0,0.0,0.0,0.0,2.6763060092926,-0.090964153409004,-3.1415071487427,-0.044036254286766,0.029177105054259,-0.0578882843256,0.00015655941388104,-0.065469272434711,-1.5190396879916e-05,0.0,0.0,0.0053198421373963,-0.029889015480876,-0.26037305593491,0.059073500335217,-1.3821518223267e-05,0.0053198421373963,0.0,0.0,0.0,20.746404647827,0.006099290214479,1.5913918018341,0,0,0,0,0,0,0,0,0,0,0,0,0,0,0,0,0,0,0,0,0,0,0,0,0,0,0,0,0,0,0,0
174,0.0,0.0,0.50047278404236,89.882713317871,0.0,0.0,0.0,0.0,0.0,2.6761600971222,-0.025495676323771,-3.1415076255798,-0.04405153542757,0.029188958927989,-0.05790027603507,0.00015041875303723,-0.065468013286591,-5.6738258535916e-06,0.0,0.0,0.00064944609766826,-0.029440643265843,-0.25097540020943,0.05987798795104,-1.3887920431443e-05,0.00064944609766826,0.0,0.0,0.0,20.771190643311,0.0066260965541005,1.5926306247711,0,0,0,0,0,0,0,0,0,0,0,0,0,0,0,0,0,0,0,0,0,0,0,0,0,0,0,0,0,0,0,0
175,0.0,0.0,1.2106407880783,86.504043579102,0.0,0.0,0.0,0.0,0.0,2.6760172843933,0.03997128456831,-3.1415059566498,-0.044074784964323,0.029199123382568,-0.057898633182049,0.00014952526544221,-0.06546638160944,6.5959798121185e-06,0.0,0.0,-0.0040562464855611,-0.029878817498684,-0.24164386093616,0.058959368616343,-1.4252243090596e-05,-0.0040562464855611,0.0,0.0,0.0,20.764730453491,0.0063777253963053,1.5932582616806,0,0,0,0,0,0,0,0,0,0,0,0,0,0,0,0,0,0,0,0,0,0,0,0,0,0,0,0,0,0,0,0
176,0.0,0.0,2.9034276008606,83.133499145508,0.0,0.0,0.0,0.0,0.0,2.675879240036,0.10543677210808,-3.141503572464,-0.04409259557724,0.029210457578301,-0.057908914983273,0.00014223434845917,-0.065464973449707,1.5199944755295e-05,0.0,0.0,-0.008734842762351,-0.029558721929789,-0.23231492936611,0.058817826211452,-1.4019014997757e-05,-0.008734842762351,0.0,0.0,0.0,20.799516677856,0.0062394556589425,1.5935822725296,0,0,0,0,0,0,0,0,0,0,0,0,0,0,0,0,0,0,0,0,0,0,0,0,0,0,0,0,0,0,0,0
177,0.0,0.0,4.6369519233704,79.741401672363,0.0,0.0,0.0,0.0,0.0,2.6757438182831,0.17090065777302,-3.1415002346039,-0.044115416705608,0.029217932373285,-0.057905308902264,0.00014064363494981,-0.065463304519653,2.5606241251808e-05,0.0,0.0,-0.013451588340104,-0.030270509421825,-0.22294110059738,0.05919411405921,-1.4802521945967e-05,-0.013451588340104,0.0,0.0,0.0,20.7838306427,0.0053795627318323,1.5944771766663,0,0,0,0,0,0,0,0,0,0,0,0,0,0,0,0,0,0,0,0,0,0,0,0,0,0,0,0,0,0,0,0
178,0.0,0.0,6.2917046546936,76.265296936035,0.0,0.0,0.0,0.0,0.0,2.6756131649017,0.23636296391487,-3.141496181488,-0.044135611504316,0.029228385537863,-0.057913288474083,0.00013248446339276,-0.065461739897728,3.3139695005957e-05,0.0,0.0,-0.018047116696835,-0.028895013034344,-0.21343380212784,0.060660298913717,-1.4126540918369e-05,-0.018047116696835,0.0,0.0,0.0,20.809839248657,0.0060002049431205,1.5959457159042,0,0,0,0,0,0,0,0,0,0,0,0,0,0,0,0,0,0,0,0,0,0,0,0,0,0,0,0,0,0,0,0
179,0.0,0.0,7.9434056282043,72.843246459961,0.0,0.0,0.0,0.0,0.0,2.6754853725433,0.30182361602783,-3.141491651535,-0.044157572090626,0.029232932254672,-0.057907953858376,0.00013021881750319,-0.065460085868835,4.1503313696012e-05,0.0,0.0,-0.0226068533957,-0.028841998428106,-0.20396083593369,0.059717029333115,-1.437955233996e-05,-0.0226068533957,0.0,0.0,0.0,20.795696258545,0.0057232659310102,1.5963771343231,0,0,0,0,0,0,0,0,0,0,0,0,0,0,0,0,0,0,0,0,0,0,0,0,0,0,0,0,0,0,0,0
180,0.0,0.0,9.5523633956909,69.425071716309,0.0,0.0,0.0,0.0,0.0,2.6753594875336,0.3672824203968,-3.1414878368378,-0.044189605861902,0.029222719371319,-0.057936582714319,0.00012811768101528,-0.06545789539814,4.7389610699611e-05,0.0,0.0,-0.027073442935944,-0.028100064024329,-0.19445119798183,0.059647910296917,-1.8458787963027e-05,-0.027073442935944,0.0,0.0,0.0,20.822870254517,0.0054298238828778,1.59621322155,0,0,0,0,0,0,0,0,0,0,0,0,0,0,0,0,0,0,0,0,0,0,0,0,0,0,0,0,0,0,0,0
181,0.0,0.0,11.073320388794,65.992141723633,0.0,0.0,0.0,0.0,0.0,2.6752390861511,0.43273982405663,-3.141480922699,-0.044207315891981,0.029198108240962,-0.057930804789066,0.00011633424583124,-0.065456911921501,5.6582983233966e-05,0.0,0.0,-0.03137731552124,-0.026571329683065,-0.18487358093262,0.059905171394348,-2.5624211048125e-05,-0.03137731552124,0.0,0.0,0.0,20.817588806152,0.0058590909466147,1.5953900814056,0,0,0,0,0,0,0,0,0,0,0,0,0,0,0,0,0,0,0,0,0,0,0,0,0,0,0,0,0,0,0,0
182,0.0,0.0,12.608801841736,62.43758392334,0.0,0.0,0.0,0.0,0.0,2.6751236915588,0.4981954395771,-3.141473531723,-0.044230598956347,0.029220875352621,-0.057919040322304,0.00010975520854117,-0.065454952418804,6.0971146012889e-05,0.0,0.0,-0.035641070455313,-0.026814194396138,-0.17508207261562,0.062028579413891,-1.4976849342929e-05,-0.035641070455313,0.0,0.0,0.0,20.835519790649,0.0060078832320869,1.5962834358215,0,0,0,0,0,0,0,0,0,0,0,0,0,0,0,0,0,0,0,0,0,0,0,0,0,0,0,0,0,0,0,0
183,0.0,0.0,14.031942367554,58.864665985107,0.0,0.0,0.0,0.0,0.0,2.6750104427338,0.56364929676056,-3.1414687633514,-0.044251408427954,0.029238639399409,-0.057907123118639,0.00010492175351828,-0.06545328348875,6.3561703427695e-05,0.0,0.0,-0.039690256118774,-0.024848569184542,-0.16520154476166,0.062349837273359,-1.0085805115523e-05,-0.039690256118774,0.0,0.0,0.0,20.803930282593,0.0070271780714393,1.5963664054871,0,0,0,0,0,0,0,0,0,0,0,0,0,0,0,0,0,0,0,0,0,0,0,0,0,0,0,0,0,0,0,0
184,0.0,0.0,15.461097717285,55.324371337891,0.0,0.0,0.0,0.0,0.0,2.6749007701874,0.62910121679306,-3.1414656639099,-0.044267140328884,0.02924832329154,-0.057901568710804,9.7635398560669e-05,-0.065451242029667,6.6088636231143e-05,0.0,0.0,-0.04367096722126,-0.02495177090168,-0.15529385209084,0.061781119555235,-8.3001905295532e-06,-0.04367096722126,0.0,0.0,0.0,20.829753875732,0.0065878564491868,1.5956379175186,0,0,0,0,0,0,0,0,0,0,0,0,0,0,0,0,0,0,0,0,0,0,0,0,0,0,0,0,0,0,0,0
185,0.0,0.0,16.813827514648,51.694149017334,0.0,0.0,0.0,0.0,0.0,2.674792766571,0.69455146789551,-3.1414647102356,-0.044273655861616,0.029252221807837,-0.057891003787518,9.2560941993725e-05,-0.065449699759483,6.8651861511171e-05,0.0,0.0,-0.047465957701206,-0.02361767180264,-0.1451945155859,0.063351392745972,-8.0866102507571e-06,-0.047465957701206,0.0,0.0,0.0,20.838687896729,0.0066887103021145,1.5954406261444,0,0,0,0,0,0,0,0,0,0,0,0,0,0,0,0,0,0,0,0,0,0,0,0,0,0,0,0,0,0,0,0
186,0.0,0.0,18.131847381592,48.000186920166,0.0,0.0,0.0,0.0,0.0,2.6746890544891,0.75999993085861,-3.1414632797241,-0.04429018497467,0.029259365051985,-0.05788853392005,8.3644161350094e-05,-0.065447807312012,7.2256952989846e-05,0.0,0.0,-0.051120139658451,-0.023011920973659,-0.13493295013905,0.064463675022125,-8.132480616041e-06,-0.051120139658451,0.0,0.0,0.0,20.83975982666,0.006344229914248,1.5956177711487,0,0,0,0,0,0,0,0,0,0,0,0,0,0,0,0,0,0,0,0,0,0,0,0,0,0,0,0,0,0,0,0
187,0.0,0.0,19.311307907104,44.243579864502,0.0,0.0,0.0,0.0,0.0,2.674587726593,0.82544678449631,-3.1414637565613,-0.044293537735939,0.029257718473673,-0.057885907590389,7.8268269135151e-05,-0.065446354448795,7.2280592576135e-05,0.0,0.0,-0.054488785564899,-0.020593550056219,-0.12450610846281,0.065557569265366,-8.0700947364676e-06,-0.054488785564899,0.0,0.0,0.0,20.860580444336,0.0071269795298576,1.5955522060394,0,0,0,0,0,0,0,0,0,0,0,0,0,0,0,0,0,0,0,0,0,0,0,0,0,0,0,0,0,0,0,0
188,0.0,0.0,20.474317550659,40.455924987793,0.0,0.0,0.0,0.0,0.0,2.6744909286499,0.89089184999466,-3.1414635181427,-0.044307295233011,0.029262935742736,-0.057883597910404,6.9397414335981e-05,-0.065444380044937,7.490707503166e-05,0.0,0.0,-0.057720296084881,-0.020305940881371,-0.11395371705294,0.066099040210247,-7.6135415838507e-06,-0.057720296084881,0.0,0.0,0.0,20.846025466919,0.0067504579201341,1.5954613685608,0,0,0,0,0,0,0,0,0,0,0,0,0,0,0,0,0,0,0,0,0,0,0,0,0,0,0,0,0,0,0,0
189,0.0,0.0,21.544227600098,36.607456207275,0.0,0.0,0.0,0.0,0.0,2.6743967533112,0.9563353061676,-3.1414649486542,-0.044308133423328,0.029260901734233,-0.057880241423845,6.3979445258155e-05,-0.065442964434624,7.4151699664071e-05,0.0,0.0,-0.060706853866577,-0.018680494278669,-0.10323645174503,0.067160710692406,-7.0484375100932e-06,-0.060706853866577,0.0,0.0,0.0,20.856143951416,0.0065324320457876,1.5954023599625,0,0,0,0,0,0,0,0,0,0,0,0,0,0,0,0,0,0,0,0,0,0,0,0,0,0,0,0,0,0,0,0
190,0.0,0.0,22.563032150269,32.699481964111,0.0,0.0,0.0,0.0,0.0,2.6743075847626,1.0217769145966,-3.1414647102356,-0.044321689754725,0.029266562312841,-0.057878240942955,5.4877691582078e-05,-0.06544104218483,7.5989912147634e-05,0.0,0.0,-0.063494361937046,-0.017788715660572,-0.092357195913792,0.068198755383492,-7.1971285251493e-06,-0.063494361937046,0.0,0.0,0.0,20.873531341553,0.0056539201177657,1.5955805778503,0,0,0,0,0,0,0,0,0,0,0,0,0,0,0,0,0,0,0,0,0,0,0,0,0,0,0,0,0,0,0,0
191,0.0,0.0,23.423984527588,28.761135101318,0.0,0.0,0.0,0.0,0.0,2.6742212772369,1.0872172117233,-3.1414656639099,-0.044320702552795,0.029265409335494,-0.057877745479345,4.9600104830461e-05,-0.065439857542515,7.4199328082614e-05,0.0,0.0,-0.065932966768742,-0.015033442527056,-0.081355854868889,0.068729422986507,-6.9867787715339e-06,-0.065932966768742,0.0,0.0,0.0,20.88955116272,0.0057190866209567,1.5951308012009,0,0,0,0,0,0,0,0,0,0,0,0,0,0,0,0,0,0,0,0,0,0,0,0,0,0,0,0,0,0,0,0
192,0.0,0.0,24.193609237671,24.735601425171,0.0,0.0,0.0,0.0,0.0,2.6741416454315,1.1526557207108,-3.141462802887,-0.044332440942526,0.029272181913257,-0.057873237878084,4.0492817788618e-05,-0.065437808632851,7.5752206612378e-05,0.0,0.0,-0.068102113902569,-0.013439521193504,-0.0701624751091,0.070250496268272,-7.0543865149375e-06,-0.068102113902569,0.0,0.0,0.0,20.929550170898,0.0057267481461167,1.595311999321,0,0,0,0,0,0,0,0,0,0,0,0,0,0,0,0,0,0,0,0,0,0,0,0,0,0,0,0,0,0,0,0
193,0.0,0.0,24.809717178345,20.639230728149,0.0,0.0,0.0,0.0,0.0,2.6740672588348,1.2180927991867,-3.141458272934,-0.044331572949886,0.029272567480803,-0.057873740792274,3.5150111216353e-05,-0.065436698496342,7.3251423600595e-05,0.0,0.0,-0.069909647107124,-0.010759761556983,-0.058803174644709,0.07148727029562,-6.6351103669149e-06,-0.069909647107124,0.0,0.0,0.0,20.920965194702,0.0065736747346818,1.595759510994,0,0,0,0,0,0,0,0,0,0,0,0,0,0,0,0,0,0,0,0,0,0,0,0,0,0,0,0,0,0,0,0
194,0.0,0.0,25.249639511108,16.542922973633,0.0,0.0,0.0,0.0,0.0,2.6740040779114,1.2835283279419,-3.1414451599121,-0.044342525303364,0.029278552159667,-0.057869412004948,2.6640551368473e-05,-0.065434917807579,7.4385410698596e-05,0.0,0.0,-0.071317367255688,-0.0076852235943079,-0.047380331903696,0.071485854685307,-7.1277759161603e-06,-0.071317367255688,0.0,0.0,0.0,20.883855819702,0.0084134945645928,1.59548163414,0,0,0,0,0,0,0,0,0,0,0,0,0,0,0,0,0,0,0,0,0,0,0,0,0,0,0,0,0,0,0,0
195,0.0,0.0,25.667015075684,12.487767219543,0.0,0.0,0.0,0.0,0.0,2.6739542484283,1.3489624261856,-3.1414213180542,-0.044340737164021,0.029280768707395,-0.057871595025063,2.1370491595007e-05,-0.065433748066425,7.1465998189524e-05,0.0,0.0,-0.072525270283222,-0.0072916182689369,-0.035960655659437,0.070767775177956,-7.0401611083071e-06,-0.072525270283222,0.0,0.0,0.0,20.884250640869,0.0085265217348933,1.5943132638931,0,0,0,0,0,0,0,0,0,0,0,0,0,0,0,0,0,0,0,0,0,0,0,0,0,0,0,0,0,0,0,0
196,0.0,0.0,25.985357284546,8.3772621154785,0.0,0.0,0.0,0.0,0.0,2.6739392280579,1.4143950939178,-3.141364812851,-0.044349923729897,0.029287511482835,-0.057868041098118,1.347826946585e-05,-0.065432213246822,7.2536175139248e-05,0.0,0.0,-0.073427744209766,-0.005563389044255,-0.024426059797406,0.071733593940735,-7.2686875682848e-06,-0.073427744209766,0.0,0.0,0.0,20.896423339844,0.0083935558795929,1.5936415195465,0,0,0,0,0,0,0,0,0,0,0,0,0,0,0,0,0,0,0,0,0,0,0,0,0,0,0,0,0,0,0,0
197,0.0,0.0,26.225393295288,4.2354836463928,0.0,0.0,0.0,0.0,0.0,2.6740186214447,1.4798265695572,-3.1412160396576,-0.044349160045385,0.029291804879904,-0.057872213423252,8.3695931607508e-06,-0.065431050956249,6.9463792897295e-05,0.0,0.0,-0.074047833681107,-0.00419647898525,-0.012820642441511,0.072279669344425,-7.0811775003676e-06,-0.074047833681107,0.0,0.0,0.0,20.853784561157,0.0075584920123219,1.5931973457336,0,0,0,0,0,0,0,0,0,0,0,0,0,0,0,0,0,0,0,0,0,0,0,0,0,0,0,0,0,0,0,0
198,0.0,0.0,26.341144561768,0.067527733743191,0.0,0.0,0.0,0.0,0.0,2.6749351024628,1.5452567338943,-3.1402313709259,-0.044356923550367,0.029298232868314,-0.057870030403137,1.2753567943946e-06,-0.06542980670929,7.0373316702899e-05,0.0,0.0,-0.074325107038021,-0.002027467591688,-0.0011631685774773,0.072736278176308,-7.2118341449823e-06,-0.074325107038021,0.0,0.0,0.0,20.879590988159,0.0067779920063913,1.5929602384567,0,0,0,0,0,0,0,0,0,0,0,0,0,0,0,0,0,0,0,0,0,0,0,0,0,0,0,0,0,0,0,0
199,0.0,0.0,26.258613586426,4.090443611145,0.0,0.0,0.0,0.0,0.0,-0.46899408102036,1.5309067964554,-0.00090862746583298,-0.044358123093843,0.029304074123502,-0.057875297963619,-3.5648733955895e-06,-0.065428592264652,6.7203938669991e-05,0.0,0.0,-0.074156209826469,0.001433540834114,0.010484402067959,0.072562083601952,-6.8947451836721e-06,-0.074156209826469,0.0,0.0,0.0,20.897247314453,0.0073234899900854,1.5925467014313,0,0,0,0,0,0,0,0,0,0,0,0,0,0,0,0,0,0,0,0,0,0,0,0,0,0,0,0,0,0,0,0
200,0.0,0.0,26.106195449829,8.2312755584717,0.0,0.0,0.0,0.0,0.0,-0.46852266788483,1.4654787778854,-0.00037103725480847,-0.044364143162966,0.029310595244169,-0.057874355465174,-9.7807887868839e-06,-0.065427742898464,6.8071618443355e-05,0.0,0.0,-0.073713697493076,0.0026528406888247,0.022098127752542,0.07226300984621,-7.3608230195532e-06,-0.073713697493076,0.0,0.0,0.0,20.890781402588,0.006975909229368,1.5919708013535,0,0,0,0,0,0,0,0,0,0,0,0,0,0,0,0,0,0,0,0,0,0,0,0,0,0,0,0,0,0,0,0
201,0.0,0.0,25.800514221191,12.434719085693,0.0,0.0,0.0,0.0,0.0,-0.46846696734428,1.4000519514084,-0.00025064471992664,-0.044366795569658,0.029317021369934,-0.057880152016878,-1.4299045687949e-05,-0.06542631238699,6.4586129155941e-05,0.0,0.0,-0.072888255119324,0.0053287437185645,0.033774022012949,0.073355488479137,-6.3921715991455e-06,-0.072888255119324,0.0,0.0,0.0,20.914115905762,0.0070917224511504,1.5926666259766,0,0,0,0,0,0,0,0,0,0,0,0,0,0,0,0,0,0,0,0,0,0,0,0,0,0,0,0,0,0,0,0
202,0.0,0.0,25.415002822876,16.49320602417,0.0,0.0,0.0,0.0,0.0,-0.46848100423813,1.3346258401871,-0.00019989864085801,-0.044373478740454,0.029323039576411,-0.057881284505129,-1.9358076315257e-05,-0.065426118671894,6.5282540163025e-05,0.0,0.0,-0.071781396865845,0.0067214383743703,0.045217793434858,0.070825688540936,-7.0286400841724e-06,-0.071781396865845,0.0,0.0,0.0,20.933309555054,0.0067114885896444,1.5914130210876,0,0,0,0,0,0,0,0,0,0,0,0,0,0,0,0,0,0,0,0,0,0,0,0,0,0,0,0,0,0,0,0
203,0.0,0.0,24.87904548645,20.565692901611,0.0,0.0,0.0,0.0,0.0,-0.46851766109467,1.2692006826401,-0.00017292519623879,-0.044377971440554,0.029331084340811,-0.057887110859156,-2.3512720872532e-05,-0.065424583852291,6.1633225413971e-05,0.0,0.0,-0.070301100611687,0.0093481540679932,0.056632913649082,0.071069791913033,-6.0587553889491e-06,-0.070301100611687,0.0,0.0,0.0,20.922752380371,0.006874383892864,1.5909503698349,0,0,0,0,0,0,0,0,0,0,0,0,0,0,0,0,0,0,0,0,0,0,0,0,0,0,0,0,0,0,0,0
204,0.0,0.0,24.280941009521,24.595048904419,0.0,0.0,0.0,0.0,0.0,-0.46856391429901,1.2037757635117,-0.00015506523777731,-0.04438429698348,0.029336558654904,-0.057889614254236,-2.735717134783e-05,-0.065424963831902,6.2363433244172e-05,0.0,0.0,-0.06857430934906,0.010432086884975,0.06793300062418,0.07031736522913,-6.8076719799137e-06,-0.06857430934906,0.0,0.0,0.0,20.938894271851,0.0062026805244386,1.5902663469315,0,0,0,0,0,0,0,0,0,0,0,0,0,0,0,0,0,0,0,0,0,0,0,0,0,0,0,0,0,0,0,0
205,0.0,0.0,23.537014007568,28.593996047974,0.0,0.0,0.0,0.0,0.0,-0.46861487627029,1.1383516788483,-0.00014293762797024,-0.044393315911293,0.029344171285629,-0.057894725352526,-3.106246367679e-05,-0.065423615276814,5.8228186389897e-05,0.0,0.0,-0.066492334008217,0.012978324666619,0.079125553369522,0.069786243140697,-5.6511576076446e-06,-0.066492334008217,0.0,0.0,0.0,20.934284210205,0.0061538680456579,1.589902639389,0,0,0,0,0,0,0,0,0,0,0,0,0,0,0,0,0,0,0,0,0,0,0,0,0,0,0,0,0,0,0,0
206,0.0,0.0,22.736179351807,32.53137588501,0.0,0.0,0.0,0.0,0.0,-0.46866831183434,1.0729277133942,-0.00013281722203828,-0.044396836310625,0.029349410906434,-0.057900134474039,-3.4132830478484e-05,-0.065424256026745,5.8471843658481e-05,0.0,0.0,-0.0641850233078,0.013970372267067,0.090163096785545,0.068712063133717,-6.8091126195213e-06,-0.0641850233078,0.0,0.0,0.0,20.959449768066,0.0053762434981763,1.5891426801682,0,0,0,0,0,0,0,0,0,0,0,0,0,0,0,0,0,0,0,0,0,0,0,0,0,0,0,0,0,0,0,0
207,0.0,0.0,21.791318893433,36.429039001465,0.0,0.0,0.0,0.0,0.0,-0.46872311830521,1.0075045824051,-0.00012514027184807,-0.044407494366169,0.029356122016907,-0.057901836931705,-3.7425052141771e-05,-0.065422847867012,5.3916613978799e-05,0.0,0.0,-0.061539076268673,0.016485972329974,0.10106848180294,0.0680181235075,-4.9643640522845e-06,-0.061539076268673,0.0,0.0,0.0,20.935535430908,0.0053497143089771,1.5887494087219,0,0,0,0,0,0,0,0,0,0,0,0,0,0,0,0,0,0,0,0,0,0,0,0,0,0,0,0,0,0,0,0
208,0.0,0.0,20.724536895752,40.2487449646,0.0,0.0,0.0,0.0,0.0,-0.46877694129944,0.94208085536957,-0.00011629408982117,-0.044412445276976,0.02935890480876,-0.05790751427412,-3.8812315324321e-05,-0.065424099564552,5.374586180551e-05,0.0,0.0,-0.058592949062586,0.01861273124814,0.11178710311651,0.066658303141594,-6.1111741160857e-06,-0.058592949062586,0.0,0.0,0.0,20.886215209961,0.0059368079528213,1.5881370306015,0,0,0,0,0,0,0,0,0,0,0,0,0,0,0,0,0,0,0,0,0,0,0,0,0,0,0,0,0,0,0,0
209,0.0,0.0,19.594976425171,43.935470581055,0.0,0.0,0.0,0.0,0.0,-0.46883097290993,0.87665778398514,-0.00010901784116868,-0.04442310333252,0.029364977031946,-0.057907279580832,-4.1843599319691e-05,-0.065422579646111,4.8581681767246e-05,0.0,0.0,-0.055437199771404,0.019709600135684,0.12223973125219,0.064336717128754,-4.9758791647037e-06,-0.055437199771404,0.0,0.0,0.0,20.841199874878,0.0065509723499417,1.5862072706223,0,0,0,0,0,0,0,0,0,0,0,0,0,0,0,0,0,0,0,0,0,0,0,0,0,0,0,0,0,0,0,0
210,0.0,0.0,18.391136169434,47.682468414307,0.0,0.0,0.0,0.0,0.0,-0.46888372302055,0.81123405694962,-0.00010077473416459,-0.044427298009396,0.029367426410317,-0.05791275575757,-4.2362753447378e-05,-0.06542431563139,4.7754481784068e-05,0.0,0.0,-0.052065953612328,0.02100532874465,0.13269497454166,0.06538937240839,-5.6355092965532e-06,-0.052065953612328,0.0,0.0,0.0,20.836578369141,0.0065096602775156,1.5860509872437,0,0,0,0,0,0,0,0,0,0,0,0,0,0,0,0,0,0,0,0,0,0,0,0,0,0,0,0,0,0,0,0
211,0.0,0.0,17.114868164062,51.375938415527,0.0,0.0,0.0,0.0,0.0,-0.46893584728241,0.74581027030945,-9.3535243649967e-05,-0.044442102313042,0.029371548444033,-0.057910777628422,-4.462764627533e-05,-0.065423466265202,4.2394040065119e-05,0.0,0.0,-0.048490155488253,0.022270230576396,0.14299726486206,0.064454562962055,-4.8473261813342e-06,-0.048490155488253,0.0,0.0,0.0,20.837270736694,0.0064308727160096,1.5858972072601,0,0,0,0,0,0,0,0,0,0,0,0,0,0,0,0,0,0,0,0,0,0,0,0,0,0,0,0,0,0,0,0
212,0.0,0.0,15.781423568726,55.01823425293,0.0,0.0,0.0,0.0,0.0,-0.46898618340492,0.68038576841354,-8.566854376113e-05,-0.044446274638176,0.029374394565821,-0.057917896658182,-4.4275395339355e-05,-0.0654251947999,4.1268198401667e-05,0.0,0.0,-0.044739410281181,0.023266982287169,0.15315207839012,0.063562087714672,-6.0137949731143e-06,-0.044739410281181,0.0,0.0,0.0,20.791826248169,0.0061651659198105,1.5856946706772,0,0,0,0,0,0,0,0,0,0,0,0,0,0,0,0,0,0,0,0,0,0,0,0,0,0,0,0,0,0,0,0
213,0.0,0.0,14.375072479248,58.587177276611,0.0,0.0,0.0,0.0,0.0,-0.46903610229492,0.61496084928513,-7.868415559642e-05,-0.044456951320171,0.029378680512309,-0.057914666831493,-4.6167220716598e-05,-0.065424658358097,3.531221227604e-05,0.0,0.0,-0.040802549570799,0.024540591984987,0.16313290596008,0.062281180173159,-4.8737620090833e-06,-0.040802549570799,0.0,0.0,0.0,20.782537460327,0.0062337885610759,1.5851966142654,0,0,0,0,0,0,0,0,0,0,0,0,0,0,0,0,0,0,0,0,0,0,0,0,0,0,0,0,0,0,0,0
214,0.0,0.0,12.93447303772,62.14709854126,0.0,0.0,0.0,0.0,0.0,-0.46908447146416,0.54953467845917,-7.1689486503601e-05,-0.044458564370871,0.029380580410361,-0.057919379323721,-4.526975681074e-05,-0.065426930785179,3.3141772291856e-05,0.0,0.0,-0.036742471158504,0.025137858465314,0.17303457856178,0.062124382704496,-5.3364360610431e-06,-0.036742471158504,0.0,0.0,0.0,20.80357170105,0.0057189031504095,1.58513879776,0,0,0,0,0,0,0,0,0,0,0,0,0,0,0,0,0,0,0,0,0,0,0,0,0,0,0,0,0,0,0,0
215,0.0,0.0,11.420623779297,65.580177307129,0.0,0.0,0.0,0.0,0.0,-0.4691321849823,0.4841080904007,-6.6635489929467e-05,-0.044468957930803,0.029384391382337,-0.05791399627924,-4.6973462303868e-05,-0.065426386892796,2.6737678126665e-05,0.0,0.0,-0.032512199133635,0.026416616514325,0.18269671499729,0.05990994349122,-5.0472408474889e-06,-0.032512199133635,0.0,0.0,0.0,20.791330337524,0.006172202527523,1.5839359760284,0,0,0,0,0,0,0,0,0,0,0,0,0,0,0,0,0,0,0,0,0,0,0,0,0,0,0,0,0,0,0,0
216,0.0,0.0,9.864933013916,69.038597106934,0.0,0.0,0.0,0.0,0.0,-0.46917796134949,0.4186800122261,-6.1642684158869e-05,-0.044470105320215,0.029386328533292,-0.057919524610043,-4.5072512875777e-05,-0.065428912639618,2.4325649064849e-05,0.0,0.0,-0.028165822848678,0.027146616950631,0.19233864545822,0.060352813452482,-5.2951504585508e-06,-0.028165822848678,0.0,0.0,0.0,20.810888290405,0.0061723361723125,1.5837225914001,0,0,0,0,0,0,0,0,0,0,0,0,0,0,0,0,0,0,0,0,0,0,0,0,0,0,0,0,0,0,0,0
217,0.0,0.0,8.3096189498901,72.46467590332,0.0,0.0,0.0,0.0,0.0,-0.46922308206558,0.3532512485981,-5.8711491874419e-05,-0.044479753822088,0.029389949515462,-0.057912945747375,-4.6674609620823e-05,-0.065428718924522,1.8002545402851e-05,0.0,0.0,-0.02377056889236,0.027140084654093,0.2018863260746,0.059787932783365,-5.2723817134392e-06,-0.02377056889236,0.0,0.0,0.0,20.818056106567,0.0055721024982631,1.5832535028458,0,0,0,0,0,0,0,0,0,0,0,0,0,0,0,0,0,0,0,0,0,0,0,0,0,0,0,0,0,0,0,0
218,0.0,0.0,6.6654229164124,75.841804504395,0.0,0.0,0.0,0.0,0.0,-0.46926617622375,0.28782078623772,-5.6198496167781e-05,-0.044480476528406,0.029392663389444,-0.057919088751078,-4.4150725443615e-05,-0.065431334078312,1.5296120182029e-05,0.0,0.0,-0.019209241494536,0.028691371902823,0.21132361888885,0.058934099972248,-5.26525082023e-06,-0.019209241494536,0.0,0.0,0.0,20.805849075317,0.0060373642481863,1.582905292511,0,0,0,0,0,0,0,0,0,0,0,0,0,0,0,0,0,0,0,0,0,0,0,0,0,0,0,0,0,0,0,0
219,0.0,0.0,4.9759879112244,79.208297729492,0.0,0.0,0.0,0.0,0.0,-0.46930867433548,0.22238932549953,-5.5805747251725e-05,-0.044488709419966,0.029396176338196,-0.057911835610867,-4.5729040721199e-05,-0.065431542694569,9.2589452833636e-06,0.0,0.0,-0.01455111708492,0.02948079071939,0.22071202099323,0.05874814838171,-5.4122720030136e-06,-0.01455111708492,0.0,0.0,0.0,20.799926757812,0.0067198430188,1.5829209089279,0,0,0,0,0,0,0,0,0,0,0,0,0,0,0,0,0,0,0,0,0,0,0,0,0,0,0,0,0,0,0,0
220,0.0,0.0,3.3117964267731,82.566696166992,0.0,0.0,0.0,0.0,0.0,-0.46934911608696,0.15695603191853,-5.6153596233344e-05,-0.044489335268736,0.029399842023849,-0.057918570935726,-4.2708223190857e-05,-0.065434128046036,6.3679249251436e-06,0.0,0.0,-0.0099049862474203,0.029040487483144,0.23006363213062,0.058607161045074,-5.1323363550182e-06,-0.0099049862474203,0.0,0.0,0.0,20.834812164307,0.0066285501234233,1.5827515125275,0,0,0,0,0,0,0,0,0,0,0,0,0,0,0,0,0,0,0,0,0,0,0,0,0,0,0,0,0,0,0,0
221,0.0,0.0,1.5901511907578,85.956016540527,0.0,0.0,0.0,0.0,0.0,-0.46938902139664,0.091521486639977,-5.8477606216911e-05,-0.044496107846498,0.029403069987893,-0.057911217212677,-4.4264837924857e-05,-0.065434791147709,9.1850216676903e-07,0.0,0.0,-0.005160478875041,0.030042953789234,0.23944030702114,0.059146709740162,-5.4222746257437e-06,-0.005160478875041,0.0,0.0,0.0,20.826557159424,0.0068804081529379,1.5836037397385,0,0,0,0,0,0,0,0,0,0,0,0,0,0,0,0,0,0,0,0,0,0,0,0,0,0,0,0,0,0,0,0
222,0.0,0.0,0.089030288159847,89.304664611816,0.0,0.0,0.0,0.0,0.0,-0.46942681074142,0.026085022836924,-6.1715312767774e-05,-0.044497285038233,0.029407683759928,-0.057918533682823,-4.0862629248295e-05,-0.065437234938145,-1.9738763512578e-06,0.0,0.0,-0.00046806497266516,0.029302323237062,0.24875019490719,0.058437012135983,-4.9229838623432e-06,-0.00046806497266516,0.0,0.0,0.0,20.828639984131,0.0066173588857055,1.5835330486298,0,0,0,0,0,0,0,0,0,0,0,0,0,0,0,0,0,0,0,0,0,0,0,0,0,0,0,0,0,0,0,0
223,0.0,0.0,1.7779034376144,92.704040527344,0.0,0.0,0.0,0.0,0.0,-0.46946415305138,-0.039352931082249,-6.6568201873451e-05,-0.044502817094326,0.029410425573587,-0.057911649346352,-4.2392781324452e-05,-0.065438359975815,-6.5502872530487e-06,0.0,0.0,0.0042377864010632,0.029471049085259,0.25813016295433,0.059322420507669,-5.3487128752749e-06,0.0042377864010632,0.0,0.0,0.0,20.826601028442,0.0060693752020597,1.584326505661,0,0,0,0,0,0,0,0,0,0,0,0,0,0,0,0,0,0,0,0,0,0,0,0,0,0,0,0,0,0,0,0
224,0.0,0.0,3.4913992881775,96.061752319336,0.0,0.0,0.0,0.0,0.0,-0.46949928998947,-0.10479281842709,-7.2359252953902e-05,-0.044505219906569,0.029415752738714,-0.057919323444366,-3.8715421396773e-05,-0.065440587699413,-9.2635573309963e-06,0.0,0.0,0.0089704636484385,0.029901484027505,0.2674580514431,0.058595269918442,-4.6567561184929e-06,0.0089704636484385,0.0,0.0,0.0,20.850051879883,0.0063384938985109,1.584617972374,0,0,0,0,0,0,0,0,0,0,0,0,0,0,0,0,0,0,0,0,0,0,0,0,0,0,0,0,0,0,0,0
225,0.0,0.0,5.1646075248718,99.363586425781,0.0,0.0,0.0,0.0,0.0,-0.46953400969505,-0.1702344417572,-7.9220306361094e-05,-0.044509828090668,0.029417743906379,-0.05791337043047,-4.0155202441383e-05,-0.065442182123661,-1.2736832104565e-05,0.0,0.0,0.013630473986268,0.029197987169027,0.27671891450882,0.057620134204626,-5.0055114115821e-06,0.013630473986268,0.0,0.0,0.0,20.843915939331,0.0066533680073917,1.5836308002472,0,0,0,0,0,0,0,0,0,0,0,0,0,0,0,0,0,0,0,0,0,0,0,0,0,0,0,0,0,0,0,0
226,0.0,0.0,6.8389420509338,102.75221252441,0.0,0.0,0.0,0.0,0.0,-0.46956649422646,-0.23567795753479,-8.6933374404907e-05,-0.044513925909996,0.029423443600535,-0.057921085506678,-3.6327732232166e-05,-0.065444104373455,-1.5144415556279e-05,0.0,0.0,0.018268179148436,0.029218358919024,0.28612473607063,0.059134710580111,-4.291929599276e-06,0.018268179148436,0.0,0.0,0.0,20.838567733765,0.0066835810430348,1.5838648080826,0,0,0,0,0,0,0,0,0,0,0,0,0,0,0,0,0,0,0,0,0,0,0,0,0,0,0,0,0,0,0,0
227,0.0,0.0,8.4695291519165,106.10220336914,0.0,0.0,0.0,0.0,0.0,-0.46959847211838,-0.30112338066101,-9.5091992989182e-05,-0.044518146663904,0.029424717649817,-0.05791687220335,-3.7421403249027e-05,-0.0654461607337,-1.7382164514856e-05,0.0,0.0,0.022811504080892,0.028454611077905,0.29550370573997,0.058460775762796,-4.502852789301e-06,0.022811504080892,0.0,0.0,0.0,20.829654693604,0.0068274070508778,1.5829803943634,0,0,0,0,0,0,0,0,0,0,0,0,0,0,0,0,0,0,0,0,0,0,0,0,0,0,0,0,0,0,0,0
228,0.0,0.0,10.098009109497,109.57499694824,0.0,0.0,0.0,0.0,0.0,-0.4696281850338,-0.3665706217289,-0.00010400340397609,-0.044524326920509,0.029430536553264,-0.057924542576075,-3.3838452509372e-05,-0.065447703003883,-1.943098322954e-05,0.0,0.0,0.027311790734529,0.028418235480785,0.30509451031685,0.06060379371047,-4.0977397475217e-06,0.027311790734529,0.0,0.0,0.0,20.815864562988,0.0066583785228431,1.5837652683258,0,0,0,0,0,0,0,0,0,0,0,0,0,0,0,0,0,0,0,0,0,0,0,0,0,0,0,0,0,0,0,0
229,0.0,0.0,11.66722869873,113.05677032471,0.0,0.0,0.0,0.0,0.0,-0.46965628862381,-0.43201977014542,-0.00011328978143865,-0.04453232511878,0.029434878379107,-0.057929612696171,-3.2998534152284e-05,-0.06544978171587,-2.0769615730387e-05,0.0,0.0,0.031679011881351,0.027383821085095,0.31474202871323,0.060760747641325,-4.2331025724707e-06,0.031679011881351,0.0,0.0,0.0,20.805801391602,0.006275103893131,1.583983540535,0,0,0,0,0,0,0,0,0,0,0,0,0,0,0,0,0,0,0,0,0,0,0,0,0,0,0,0,0,0,0,0
230,0.0,0.0,13.195965766907,116.51647186279,0.0,0.0,0.0,0.0,0.0,-0.4696838259697,-0.49747094511986,-0.00012210005661473,-0.044537361711264,0.029437499120831,-0.057930327951908,-3.1647057767259e-05,-0.06545153260231,-2.2043472199584e-05,0.0,0.0,0.035931654274464,0.026678452268243,0.32440680265427,0.060374990105629,-3.0460932975984e-06,0.035931654274464,0.0,0.0,0.0,20.797775268555,0.0063065458089113,1.5832656621933,0,0,0,0,0,0,0,0,0,0,0,0,0,0,0,0,0,0,0,0,0,0,0,0,0,0,0,0,0,0,0,0
231,0.0,0.0,14.727426528931,120.04568481445,0.0,0.0,0.0,0.0,0.0,-0.46971076726913,-0.56292390823364,-0.00013046828098595,-0.044537648558617,0.029436837881804,-0.057930089533329,-3.2997555535985e-05,-0.06545378267765,-2.1746192942373e-05,0.0,0.0,0.040123641490936,0.02672472782433,0.33422675728798,0.061588998883963,-4.2974897951353e-06,0.040123641490936,0.0,0.0,0.0,20.798891067505,0.006921227555722,1.5833035707474,0,0,0,0,0,0,0,0,0,0,0,0,0,0,0,0,0,0,0,0,0,0,0,0,0,0,0,0,0,0,0,0
232,0.0,0.0,16.204242706299,123.59479522705,0.0,0.0,0.0,0.0,0.0,-0.46973553299904,-0.62837851047516,-0.0001393143174937,-0.044548027217388,0.02944028750062,-0.057930961251259,-2.833404505509e-05,-0.065455049276352,-2.3261654860107e-05,0.0,0.0,0.04416536167264,0.025772955268621,0.34413504600525,0.061935305595398,-2.3464081095881e-06,0.04416536167264,0.0,0.0,0.0,20.781600952148,0.0076750586740673,1.582888007164,0,0,0,0,0,0,0,0,0,0,0,0,0,0,0,0,0,0,0,0,0,0,0,0,0,0,0,0,0,0,0,0
233,0.0,0.0,17.599071502686,127.2434463501,0.0,0.0,0.0,0.0,0.0,-0.46975907683372,-0.69383537769318,-0.00014717085286975,-0.044548518955708,0.029437188059092,-0.057927835732698,-2.7995878554066e-05,-0.065457738935947,-2.1972544345772e-05,0.0,0.0,0.04800708591938,0.024341773241758,0.35425239801407,0.06367327272892,-2.6041616365546e-06,0.04800708591938,0.0,0.0,0.0,20.792325973511,0.0077424389310181,1.5830652713776,0,0,0,0,0,0,0,0,0,0,0,0,0,0,0,0,0,0,0,0,0,0,0,0,0,0,0,0,0,0,0,0
234,0.0,0.0,18.877494812012,131.00578308105,0.0,0.0,0.0,0.0,0.0,-0.46977937221527,-0.75929397344589,-0.00015581026673317,-0.044558331370354,0.02943872846663,-0.057927217334509,-2.3861506633693e-05,-0.065458983182907,-2.2536440155818e-05,0.0,0.0,0.051591079682112,0.022310307249427,0.36460301280022,0.065657086670399,-2.370300990151e-06,0.051591079682112,0.0,0.0,0.0,20.774078369141,0.0066433972679079,1.583859205246,0,0,0,0,0,0,0,0,0,0,0,0,0,0,0,0,0,0,0,0,0,0,0,0,0,0,0,0,0,0,0,0
235,0.0,0.0,20.15380859375,134.77891540527,0.0,0.0,0.0,0.0,0.0,-0.46979811787605,-0.82475489377975,-0.00016349120414816,-0.044556312263012,0.029435558244586,-0.057925876230001,-2.3812297513359e-05,-0.065461903810501,-2.0459407096496e-05,0.0,0.0,0.055073697119951,0.022273195907474,0.3750416636467,0.065846100449562,-2.6767390863824e-06,0.055073697119951,0.0,0.0,0.0,20.78050994873,0.0069791115820408,1.5843698978424,0,0,0,0,0,0,0,0,0,0,0,0,0,0,0,0,0,0,0,0,0,0,0,0,0,0,0,0,0,0,0,0
236,0.0,0.0,21.30686378479,138.60710144043,0.0,0.0,0.0,0.0,0.0,-0.46981298923492,-0.89021742343903,-0.00017305149231106,-0.044566828757524,0.029437759891152,-0.057924583554268,-1.9472941858112e-05,-0.065462805330753,-2.129475979018e-05,0.0,0.0,0.058271855115891,0.02012225240469,0.38563272356987,0.066806115210056,-2.3563145532535e-06,0.058271855115891,0.0,0.0,0.0,20.772846221924,0.0066085387952626,1.5845843553543,0,0,0,0,0,0,0,0,0,0,0,0,0,0,0,0,0,0,0,0,0,0,0,0,0,0,0,0,0,0,0,0
237,0.0,0.0,22.382911682129,142.49198913574,0.0,0.0,0.0,0.0,0.0,-0.46982562541962,-0.95568227767944,-0.0001823928905651,-0.044563464820385,0.029435301199555,-0.057925164699554,-1.9377770513529e-05,-0.065465867519379,-1.8716102204053e-05,0.0,0.0,0.061244070529938,0.018778175115585,0.39637926220894,0.067796513438225,-2.4157538973668e-06,0.061244070529938,0.0,0.0,0.0,20.754159927368,0.0063914875499904,1.5848289728165,0,0,0,0,0,0,0,0,0,0,0,0,0,0,0,0,0,0,0,0,0,0,0,0,0,0,0,0,0,0,0,0
238,0.0,0.0,23.400279998779,146.47344970703,0.0,0.0,0.0,0.0,0.0,-0.46983286738396,-1.0211485624313,-0.00019556505139917,-0.044573552906513,0.029437677934766,-0.057923059910536,-1.5056138181535e-05,-0.065466441214085,-1.9773620806518e-05,0.0,0.0,0.064009167253971,0.017754137516022,0.40733861923218,0.06948134303093,-2.2833205548523e-06,0.064009167253971,0.0,0.0,0.0,20.740770339966,0.0065819723531604,1.585830450058,0,0,0,0,0,0,0,0,0,0,0,0,0,0,0,0,0,0,0,0,0,0,0,0,0,0,0,0,0,0,0,0
239,0.0,0.0,24.278600692749,150.46794128418,0.0,0.0,0.0,0.0,0.0,-0.46992573142052,-1.0871162414551,-0.0005124764284119,-0.046565845608711,0.028518740087748,-0.055692575871944,-7.5380929047242e-05,-0.066018648445606,-0.00025272386847064,0.0,0.0,0.066508054733276,0.015658639371395,0.41841623187065,0.069620847702026,0.00032903294777498,0.066508054733276,0.0,0.0,0.0,20.747585296631,0.006233346182853,1.585480928421,0,0,0,0,0,0,0,0,0,0,0,0,0,0,0,0,0,0,0,0,0,0,0,0,0,0,0,0,0,0,0,0
240,0.0,0.0,25.092079162598,154.64387512207,0.0,0.0,0.0,0.0,0.0,-0.47002249956131,-1.1536600589752,-0.00080441863974556,-0.048481024801731,0.02695369720459,-0.052760239690542,-7.9692399594933e-05,-0.066634073853493,-0.00020915127242915,0.0,0.0,0.068797796964645,0.014743898063898,0.42986971139908,0.072742491960526,0.00054604903561994,0.068797796964645,0.0,0.0,0.0,20.75679397583,0.0063864821568131,1.5866852998734,0,0,0,0,0,0,0,0,0,0,0,0,0,0,0,0,0,0,0,0,0,0,0,0,0,0,0,0,0,0,0,0
241,0.0,0.0,25.774658203125,158.87406921387,0.0,0.0,0.0,0.0,0.0,-0.47006112337112,-1.2208241224289,-0.0010378985898569,-0.049957402050495,0.025135047733784,-0.049364145845175,-6.8526140239555e-05,-0.067273668944836,-0.00011156870459672,0.0,0.0,0.070747889578342,0.012448349036276,0.44152078032494,0.07373334467411,0.00053508812561631,0.070747889578342,0.0,0.0,0.0,20.753705978394,0.0063704079948366,1.5872772932053,0,0,0,0,0,0,0,0,0,0,0,0,0,0,0,0,0,0,0,0,0,0,0,0,0,0,0,0,0,0,0,0
242,0.0,0.0,26.334108352661,163.14227294922,0.0,0.0,0.0,0.0,0.0,-0.47000375390053,-1.288640499115,-0.0012504226760939,-0.050898712128401,0.023254927247763,-0.04580145701766,-5.317404793459e-05,-0.067934192717075,-7.0423739089165e-06,0.0,0.0,0.072354055941105,0.010223002173007,0.45334297418594,0.074456945061684,0.00045874522766098,0.072354055941105,0.0,0.0,0.0,20.728670120239,0.0063695921562612,1.5871279239655,0,0,0,0,0,0,0,0,0,0,0,0,0,0,0,0,0,0,0,0,0,0,0,0,0,0,0,0,0,0,0,0
243,0.0,0.0,26.752292633057,167.51388549805,0.0,0.0,0.0,0.0,0.0,-0.46982237696648,-1.3571220636368,-0.0015085387276486,-0.051240067929029,0.021369230002165,-0.042179372161627,-4.7872414143058e-05,-0.068595439195633,6.1160571931396e-05,0.0,0.0,0.073580361902714,0.0076784477569163,0.46542176604271,0.076305963099003,0.00037975239683874,0.073580361902714,0.0,0.0,0.0,20.722723007202,0.0059893419966102,1.5873249769211,0,0,0,0,0,0,0,0,0,0,0,0,0,0,0,0,0,0,0,0,0,0,0,0,0,0,0,0,0,0,0,0
244,0.0,0.0,27.048448562622,171.9412689209,0.0,0.0,0.0,0.0,0.0,-0.46939215064049,-1.4262745380402,-0.0019638920202851,-0.051006771624088,0.019538594409823,-0.038619481027126,-4.3392039515311e-05,-0.06926217675209,0.00011047665611841,0.0,0.0,0.074450254440308,0.0054935240186751,0.47767585515976,0.077306397259235,0.00032461862429045,0.074450254440308,0.0,0.0,0.0,20.713788986206,0.0057720588520169,1.5873048305511,0,0,0,0,0,0,0,0,0,0,0,0,0,0,0,0,0,0,0,0,0,0,0,0,0,0,0,0,0,0,0,0
245,0.0,0.0,27.236310958862,176.4563293457,0.0,0.0,0.0,0.0,0.0,-0.46811282634735,-1.4960967302322,-0.0032488075084984,-0.050167594105005,0.017755299806595,-0.03512991592288,-4.6065502829151e-05,-0.069924041628838,0.00012873810192104,0.0,0.0,0.074979811906815,0.0035690632648766,0.4901382625103,0.078848153352737,0.00029025151161477,0.074979811906815,0.0,0.0,0.0,20.706300735474,0.0060216975398362,1.5876985788345,0,0,0,0,0,0,0,0,0,0,0,0,0,0,0,0,0,0,0,0,0,0,0,0,0,0,0,0,0,0,0,0
246,0.0,0.0,27.226718902588,178.98623657227,0.0,0.0,0.0,0.0,0.0,-0.42313358187675,-1.5665826797485,-0.048223342746496,-0.048772074282169,0.016052292659879,-0.031771510839462,-4.4783562771045e-05,-0.070587031543255,0.00014131389616523,0.0,0.0,0.075032323598862,0.00010927068797173,-0.49727186560631,0.079590618610382,0.00027668772963807,0.075032323598862,0.0,0.0,0.0,20.718088150024,0.0053328955546021,1.5879236459732,0,0,0,0,0,0,0,0,0,0,0,0,0,0,0,0,0,0,0,0,0,0,0,0,0,0,0,0,0,0,0,0
247,0.0,0.0,27.085580825806,174.41555786133,0.0,0.0,0.0,0.0,0.0,2.6677813529968,-1.5038491487503,-3.1391370296478,-0.046787567436695,0.014418546110392,-0.028549335896969,-4.7972665925045e-05,-0.07124625146389,0.00013900017074775,0.0,0.0,0.074701309204102,-0.002192466519773,-0.48461413383484,0.079820267856121,0.00027087348280475,0.074701309204102,0.0,0.0,0.0,20.734994888306,0.0049012498930097,1.5877612829208,0,0,0,0,0,0,0,0,0,0,0,0,0,0,0,0,0,0,0,0,0,0,0,0,0,0,0,0,0,0,0,0
248,0.0,0.0,26.810161590576,169.79176330566,0.0,0.0,0.0,0.0,0.0,2.6693091392517,-1.4320298433304,-3.140664100647,-0.044274017214775,0.012889753095806,-0.025517228990793,-4.5884960854892e-05,-0.071906007826328,0.00014164856111165,0.0,0.0,0.073979698121548,-0.004535358864814,-0.47184377908707,0.080744594335556,0.00027159243472852,0.073979698121548,0.0,0.0,0.0,20.748220443726,0.0047637051902711,1.5879907608032,0,0,0,0,0,0,0,0,0,0,0,0,0,0,0,0,0,0,0,0,0,0,0,0,0,0,0,0,0,0,0,0
249,0.0,0.0,26.410835266113,165.14622497559,0.0,0.0,0.0,0.0,0.0,2.66978764534,-1.3595484495163,-3.1411480903625,-0.041199386119843,0.011464064009488,-0.02269852720201,-4.8574427637504e-05,-0.072563871741295,0.00013684305304196,0.0,0.0,0.072881087660789,-0.0066991457715631,-0.45902317762375,0.081121750175953,0.00027043069712818,0.072881087660789,0.0,0.0,0.0,20.77046585083,0.0051309876143932,1.5882654190063,0,0,0,0,0,0,0,0,0,0,0,0,0,0,0,0,0,0,0,0,0,0,0,0,0,0,0,0,0,0,0,0
250,0.0,0.0,25.82134437561,160.51557922363,0.0,0.0,0.0,0.0,0.0,2.6700086593628,-1.2864055633545,-3.1413743495941,-0.037635017186403,0.010181390680373,-0.020146120339632,-4.6242705138866e-05,-0.073222115635872,0.00014018813089933,0.0,0.0,0.071306854486465,-0.010017160326242,-0.44622161984444,0.080859705805779,0.0002713747380767,0.071306854486465,0.0,0.0,0.0,20.7897605896,0.0048212204128504,1.5883259773254,0,0,0,0,0,0,0,0,0,0,0,0,0,0,0,0,0,0,0,0,0,0,0,0,0,0,0,0,0,0,0,0
251,0.0,0.0,25.09672164917,155.85662841797,0.0,0.0,0.0,0.0,0.0,2.6701338291168,-1.2126016616821,-3.1415085792542,-0.03355310484767,0.0090460060164332,-0.017898136749864,-4.9450798542239e-05,-0.073879823088646,0.00013726169709116,0.0,0.0,0.069340199232101,-0.012379418127239,-0.43338826298714,0.081353329122066,0.00026764540234581,0.069340199232101,0.0,0.0,0.0,20.78865814209,0.0048899655230343,1.5889155864716,0,0,0,0,0,0,0,0,0,0,0,0,0,0,0,0,0,0,0,0,0,0,0,0,0,0,0,0,0,0,0,0
252,0.0,0.0,24.22819519043,151.22915649414,0.0,0.0,0.0,0.0,0.0,2.6702079772949,-1.1381371021271,-3.141589641571,-0.029037261381745,0.0080973487347364,-0.015999665483832,-4.7515419282718e-05,-0.074537463486195,0.00014198273129296,0.0,0.0,0.06697042286396,-0.014892840757966,-0.42062398791313,0.080802939832211,0.00026580461417325,0.06697042286396,0.0,0.0,0.0,20.795307159424,0.0050371335819364,1.5892772674561,0,0,0,0,0,0,0,0,0,0,0,0,0,0,0,0,0,0,0,0,0,0,0,0,0,0,0,0,0,0,0,0
253,0.0,0.0,23.203702926636,146.61297607422,0.0,0.0,0.0,0.0,0.0,2.6702575683594,-1.06301176548,3.1415367126465,-0.024065604433417,0.0073411953635514,-0.014496467076242,-5.1488132157829e-05,-0.075195334851742,0.00013965567632113,0.0,0.0,0.064183838665485,-0.017620803788304,-0.4079087972641,0.080606237053871,0.00025998160708696,0.064183838665485,0.0,0.0,0.0,20.817436218262,0.0050771492533386,1.5899208784103,0,0,0,0,0,0,0,0,0,0,0,0,0,0,0,0,0,0,0,0,0,0,0,0,0,0,0,0,0,0,0,0
254,0.0,0.0,22.025964736938,142.05973815918,0.0,0.0,0.0,0.0,0.0,2.6702890396118,-0.98722618818283,3.1414980888367,-0.018732542172074,0.0068125422112644,-0.013420386239886,-4.9746959120966e-05,-0.075852513313293,0.00014400237705559,0.0,0.0,0.060991678386927,-0.020299550145864,-0.39532861113548,0.079506985843182,0.00025583981187083,0.060991678386927,0.0,0.0,0.0,20.803705215454,0.004805164411664,1.5901782512665,0,0,0,0,0,0,0,0,0,0,0,0,0,0,0,0,0,0,0,0,0,0,0,0,0,0,0,0,0,0,0,0
255,0.0,0.0,20.759065628052,137.51856994629,0.0,0.0,0.0,0.0,0.0,2.6703119277954,-0.91078019142151,3.1414656639099,-0.0130225867033,0.0065167150460184,-0.01282096747309,-5.4111784265842e-05,-0.076510436832905,0.00014079395623412,0.0,0.0,0.057495899498463,-0.021861335262656,-0.3828127682209,0.07929665595293,0.00025021345936693,0.057495899498463,0.0,0.0,0.0,20.808633804321,0.0054186899214983,1.5906248092651,0,0,0,0,0,0,0,0,0,0,0,0,0,0,0,0,0,0,0,0,0,0,0,0,0,0,0,0,0,0,0,0
256,0.0,0.0,19.315868377686,133.06343078613,0.0,0.0,0.0,0.0,0.0,2.6703259944916,-0.8336746096611,3.1414434909821,-0.0070385192520916,0.0064825508743525,-0.012714618816972,-5.2126935770502e-05,-0.077167138457298,0.00014374838792719,0.0,0.0,0.053575053811073,-0.024943513795733,-0.37047538161278,0.077794015407562,0.00024504473549314,0.053575053811073,0.0,0.0,0.0,20.804485321045,0.0050027901306748,1.5906388759613,0,0,0,0,0,0,0,0,0,0,0,0,0,0,0,0,0,0,0,0,0,0,0,0,0,0,0,0,0,0,0,0
257,0.0,0.0,17.777103424072,128.63632202148,0.0,0.0,0.0,0.0,0.0,2.6703364849091,-0.75590932369232,3.1414220333099,-0.000771519029513,0.0067146918736398,-0.013152829371393,-5.6514225434512e-05,-0.077824935317039,0.00013912739814259,0.0,0.0,0.049358695745468,-0.026616534218192,-0.35823082923889,0.077304765582085,0.00023997163225431,0.049358695745468,0.0,0.0,0.0,20.82040977478,0.0050520924851298,1.5907459259033,0,0,0,0,0,0,0,0,0,0,0,0,0,0,0,0,0,0,0,0,0,0,0,0,0,0,0,0,0,0,0,0
258,0.0,0.0,16.137437820435,124.25016021729,0.0,0.0,0.0,0.0,0.0,2.6703414916992,-0.67748522758484,3.1414065361023,0.0056699309498072,0.0072349701076746,-0.014136070385575,-5.4000451200409e-05,-0.078481152653694,0.00014049440505914,0.0,0.0,0.044849872589111,-0.028382636606693,-0.34609717130661,0.076588399708271,0.00023493621847592,0.044849872589111,0.0,0.0,0.0,20.826877593994,0.0052693174220622,1.5907897949219,0,0,0,0,0,0,0,0,0,0,0,0,0,0,0,0,0,0,0,0,0,0,0,0,0,0,0,0,0,0,0,0
259,0.0,0.0,14.362050056458,119.8533706665,0.0,0.0,0.0,0.0,0.0,2.6703445911407,-0.5984023809433,3.141389131546,0.012287763878703,0.008047609589994,-0.015716614201665,-5.8229838032275e-05,-0.079138718545437,0.00013447774108499,0.0,0.0,0.040006924420595,-0.030756529420614,-0.33399242162704,0.07677361369133,0.00022983190137893,0.040006924420595,0.0,0.0,0.0,20.830509185791,0.0052677500061691,1.5918179750443,0,0,0,0,0,0,0,0,0,0,0,0,0,0,0,0,0,0,0,0,0,0,0,0,0,0,0,0,0,0,0,0
260,0.0,0.0,12.55077457428,115.50197601318,0.0,0.0,0.0,0.0,0.0,2.6703436374664,-0.51866161823273,3.1413750648499,0.01897038333118,0.0091666709631681,-0.017878852784634,-5.5061536841094e-05,-0.079794488847256,0.00013441356713884,0.0,0.0,0.034990858286619,-0.031387444585562,-0.32199487090111,0.075979366898537,0.00022526762040798,0.034990858286619,0.0,0.0,0.0,20.843170166016,0.0061315381899476,1.5922725200653,0,0,0,0,0,0,0,0,0,0,0,0,0,0,0,0,0,0,0,0,0,0,0,0,0,0,0,0,0,0,0,0
261,0.0,0.0,10.62108039856,111.19351959229,0.0,0.0,0.0,0.0,0.0,2.6703417301178,-0.43826308846474,3.1413581371307,0.025712812319398,0.010596225969493,-0.020674802362919,-5.9106492699357e-05,-0.080451779067516,0.00012717563367914,0.0,0.0,0.029689893126488,-0.033458713442087,-0.31009349226952,0.075229078531265,0.00022081211500335,0.029689893126488,0.0,0.0,0.0,20.857086181641,0.0063359551131725,1.5927357673645,0,0,0,0,0,0,0,0,0,0,0,0,0,0,0,0,0,0,0,0,0,0,0,0,0,0,0,0,0,0,0,0
262,0.0,0.0,8.6191244125366,106.91047668457,0.0,0.0,0.0,0.0,0.0,2.6703357696533,-0.35720762610435,3.1413428783417,0.032403096556664,0.012341790832579,-0.024072619155049,-5.5226966651389e-05,-0.081107154488564,0.00012593278370332,0.0,0.0,0.024184729903936,-0.034724831581116,-0.29825288057327,0.074783354997635,0.00021589129755739,0.024184729903936,0.0,0.0,0.0,20.890693664551,0.0065219579264522,1.5931160449982,0,0,0,0,0,0,0,0,0,0,0,0,0,0,0,0,0,0,0,0,0,0,0,0,0,0,0,0,0,0,0,0
263,0.0,0.0,6.5835590362549,102.70527648926,0.0,0.0,0.0,0.0,0.0,2.6703293323517,-0.27549535036087,3.1413235664368,0.039029531180859,0.01440760307014,-0.028123145923018,-5.9116024203831e-05,-0.0817641466856,0.00011770208220696,0.0,0.0,0.018547467887402,-0.035316068679094,-0.28654184937477,0.07342404872179,0.00021124657359906,0.018547467887402,0.0,0.0,0.0,20.920217514038,0.0066535100340843,1.5922468900681,0,0,0,0,0,0,0,0,0,0,0,0,0,0,0,0,0,0,0,0,0,0,0,0,0,0,0,0,0,0,0,0
264,0.0,0.0,4.4713749885559,98.459907531738,0.0,0.0,0.0,0.0,0.0,2.6703188419342,-0.19312711060047,3.1413049697876,0.045482564717531,0.016789754852653,-0.032778155058622,-5.4498421377502e-05,-0.082419194281101,0.00011556265235413,0.0,0.0,0.012725911103189,-0.036658257246017,-0.27477017045021,0.074122242629528,0.00020630599465221,0.012725911103189,0.0,0.0,0.0,20.948947906494,0.0067060091532767,1.592221736908,0,0,0,0,0,0,0,0,0,0,0,0,0,0,0,0,0,0,0,0,0,0,0,0,0,0,0,0,0,0,0,0
265,0.0,0.0,2.3126881122589,94.202896118164,0.0,0.0,0.0,0.0,0.0,2.6703073978424,-0.11010303348303,3.1412813663483,0.05174396187067,0.019493110477924,-0.038086600601673,-5.8351906773169e-05,-0.083075888454914,0.00010657405800885,0.0,0.0,0.0067798681557178,-0.037474881857634,-0.26296707987785,0.074324570596218,0.00020131358178332,0.0067798681557178,0.0,0.0,0.0,20.951202392578,0.0066847004927695,1.5922924280167,0,0,0,0,0,0,0,0,0,0,0,0,0,0,0,0,0,0,0,0,0,0,0,0,0,0,0,0,0,0,0,0
266,0.0,0.0,0.14330317080021,89.940116882324,0.0,0.0,0.0,0.0,0.0,2.6702914237976,-0.02642391435802,3.1412568092346,0.057709682732821,0.02250343747437,-0.043983813375235,-5.300723205437e-05,-0.083730690181255,0.00010380548337707,0.0,0.0,0.00077649363083765,-0.037667199969292,-0.25112757086754,0.07442270219326,0.00019571084703784,0.00077649363083765,0.0,0.0,0.0,20.965799331665,0.0068341656588018,1.5919978618622,0,0,0,0,0,0,0,0,0,0,0,0,0,0,0,0,0,0,0,0,0,0,0,0,0,0,0,0,0,0,0,0
267,0.0,0.0,2.0878973007202,85.609870910645,0.0,0.0,0.0,0.0,0.0,2.6702740192413,0.057910099625587,3.1412262916565,0.063355125486851,0.025827130302787,-0.050516564399004,-5.7006887800526e-05,-0.084387078881264,9.4318966148421e-05,0.0,0.0,-0.0053475173190236,-0.038751658052206,-0.23914259672165,0.075598955154419,0.00019013816199731,-0.0053475173190236,0.0,0.0,0.0,21.00944519043,0.0065615982748568,1.5926097631454,0,0,0,0,0,0,0,0,0,0,0,0,0,0,0,0,0,0,0,0,0,0,0,0,0,0,0,0,0,0,0,0
268,0.0,0.0,4.2973065376282,81.26798248291,0.0,0.0,0.0,0.0,0.0,2.6702508926392,0.14289835095406,3.1411926746368,0.068585105240345,0.029438415542245,-0.057603783905506,-5.0960563385161e-05,-0.085041724145412,9.1143534518778e-05,0.0,0.0,-0.011449080891907,-0.038378302007914,-0.22708009183407,0.075799681246281,0.00018315759371035,-0.011449080891907,0.0,0.0,0.0,21.033267974854,0.0064313965849578,1.5924990177155,0,0,0,0,0,0,0,0,0,0,0,0,0,0,0,0,0,0,0,0,0,0,0,0,0,0,0,0,0,0,0,0
269,0.0,0.0,6.5005350112915,76.902961730957,0.0,0.0,0.0,0.0,0.0,2.6703357696533,0.22796955704689,3.1414062976837,0.070380173623562,0.033287759870291,-0.064837165176868,-0.00012269600119907,-0.085082083940506,0.00021766767895315,0.0,0.0,-0.017533937469125,-0.038318235427141,-0.21495777368546,0.076149702072144,0.00013536027108785,-0.017533937469125,0.0,0.0,0.0,21.066293716431,0.0061566359363496,1.5924112796783,0,0,0,0,0,0,0,0,0,0,0,0,0,0,0,0,0,0,0,0,0,0,0,0,0,0,0,0,0,0,0,0
270,0.0,0.0,8.6253414154053,72.441024780273,0.0,0.0,0.0,0.0,0.0,2.670444726944,0.31306239962578,-3.1415672302246,0.070685364305973,0.037037059664726,-0.072311379015446,-9.9566444987431e-05,-0.085096172988415,0.00015543331392109,0.0,0.0,-0.023457042872906,-0.036972835659981,-0.2026369124651,0.077852644026279,0.00011202559107915,-0.023457042872906,0.0,0.0,0.0,21.089113235474,0.0069306655786932,1.5929507017136,0,0,0,0,0,0,0,0,0,0,0,0,0,0,0,0,0,0,0,0,0,0,0,0,0,0,0,0,0,0,0,0
271,0.0,0.0,10.725129127502,67.989402770996,0.0,0.0,0.0,0.0,0.0,2.670526266098,0.39816033840179,-3.1414420604706,0.070173993706703,0.040772974491119,-0.079823814332485,-5.2264578698669e-05,-0.085097946226597,6.9022782554384e-05,0.0,0.0,-0.02927547134459,-0.036529816687107,-0.19026362895966,0.077685572206974,0.00011840159277199,-0.02927547134459,0.0,0.0,0.0,21.108190536499,0.0067642536014318,1.5927773714066,0,0,0,0,0,0,0,0,0,0,0,0,0,0,0,0,0,0,0,0,0,0,0,0,0,0,0,0,0,0,0,0
272,0.0,0.0,12.732069969177,63.483753204346,0.0,0.0,0.0,0.0,0.0,2.6705675125122,0.48325634002686,-3.1414031982422,0.069192223250866,0.044491712003946,-0.087286122143269,-9.2236386990407e-06,-0.085094809532166,1.6992968312479e-06,0.0,0.0,-0.03486980125308,-0.034898292273283,-0.17772610485554,0.078640855848789,0.0001294265530305,-0.03486980125308,0.0,0.0,0.0,21.150243759155,0.0069491630420089,1.5923180580139,0,0,0,0,0,0,0,0,0,0,0,0,0,0,0,0,0,0,0,0,0,0,0,0,0,0,0,0,0,0,0,0
273,0.0,0.0,14.703510284424,58.936653137207,0.0,0.0,0.0,0.0,0.0,2.6705768108368,0.56834894418716,-3.1414189338684,0.067799299955368,0.048209317028522,-0.094673998653889,1.4117687896942e-05,-0.085091538727283,-2.8325461244094e-05,0.0,0.0,-0.040312986820936,-0.034275289624929,-0.16503125429153,0.079372130334377,0.0001328408397967,-0.040312986820936,0.0,0.0,0.0,21.174575805664,0.006240266840905,1.5917241573334,0,0,0,0,0,0,0,0,0,0,0,0,0,0,0,0,0,0,0,0,0,0,0,0,0,0,0,0,0,0,0,0
274,0.0,0.0,16.530612945557,54.326503753662,0.0,0.0,0.0,0.0,0.0,2.6705648899078,0.65343868732452,-3.1414635181427,0.066001728177071,0.051895540207624,-0.10196495056152,2.5875082428684e-05,-0.085088990628719,-4.0099726902554e-05,0.0,0.0,-0.045423235744238,-0.031756453216076,-0.1521360129118,0.080476835370064,0.00013251480413601,-0.045423235744238,0.0,0.0,0.0,21.210130691528,0.0062957461923361,1.5905351638794,0,0,0,0,0,0,0,0,0,0,0,0,0,0,0,0,0,0,0,0,0,0,0,0,0,0,0,0,0,0,0,0
275,0.0,0.0,18.270462036133,49.58032989502,0.0,0.0,0.0,0.0,0.0,2.6705422401428,0.73852676153183,-3.141517162323,0.063734956085682,0.055543947964907,-0.10914047807455,2.559638414823e-05,-0.085087686777115,-3.793953510467e-05,0.0,0.0,-0.05027112737298,-0.030236789956689,-0.13891902565956,0.082851625978947,0.00012930297816638,-0.05027112737298,0.0,0.0,0.0,21.242238998413,0.0063911965116858,1.5902585983276,0,0,0,0,0,0,0,0,0,0,0,0,0,0,0,0,0,0,0,0,0,0,0,0,0,0,0,0,0,0,0,0
276,0.0,0.0,19.908498764038,44.799446105957,0.0,0.0,0.0,0.0,0.0,2.6705121994019,0.82361388206482,-3.1415741443634,0.060988258570433,0.059118960052729,-0.11616905778646,2.5096620447584e-05,-0.085086926817894,-3.4517233871156e-05,0.0,0.0,-0.054817106574774,-0.028464425355196,-0.12552835047245,0.08345689624548,0.00012470156070776,-0.054817106574774,0.0,0.0,0.0,21.267816543579,0.0059014917351305,1.589205622673,0,0,0,0,0,0,0,0,0,0,0,0,0,0,0,0,0,0,0,0,0,0,0,0,0,0,0,0,0,0,0,0
277,0.0,0.0,21.388263702393,39.921211242676,0.0,0.0,0.0,0.0,0.0,2.6704776287079,0.9087005853653,3.141553401947,0.057729378342628,0.062612794339657,-0.12302348017693,1.9828457880067e-05,-0.085086539387703,-2.9766655643471e-05,0.0,0.0,-0.058956235647202,-0.025706488639116,-0.11186429858208,0.08515489846468,0.00012028465425828,-0.058956235647202,0.0,0.0,0.0,21.298072814941,0.0058994069695473,1.5880610942841,0,0,0,0,0,0,0,0,0,0,0,0,0,0,0,0,0,0,0,0,0,0,0,0,0,0,0,0,0,0,0,0
278,0.0,0.0,22.740753173828,34.930610656738,0.0,0.0,0.0,0.0,0.0,2.6704342365265,0.9937869310379,3.1414895057678,0.053982269018888,0.065994389355183,-0.1296704262495,1.8995151549461e-05,-0.085086278617382,-2.7949778086622e-05,0.0,0.0,-0.062718346714973,-0.023491684347391,-0.097902186214924,0.087115541100502,0.00011370986612746,-0.062718346714973,0.0,0.0,0.0,21.316055297852,0.0057027055881917,1.587296962738,0,0,0,0,0,0,0,0,0,0,0,0,0,0,0,0,0,0,0,0,0,0,0,0,0,0,0,0,0,0,0,0
279,0.0,0.0,23.925790786743,29.829574584961,0.0,0.0,0.0,0.0,0.0,2.6703791618347,1.0788729190826,3.1414151191711,0.049740757793188,0.069261305034161,-0.13608299195766,1.4708574781253e-05,-0.085085846483707,-2.6661286028684e-05,0.0,0.0,-0.0660245642066,-0.02057584002614,-0.08364699780941,0.089042417705059,0.00010697442485252,-0.0660245642066,0.0,0.0,0.0,21.332294464111,0.0057365694083273,1.5867846012115,0,0,0,0,0,0,0,0,0,0,0,0,0,0,0,0,0,0,0,0,0,0,0,0,0,0,0,0,0,0,0,0
280,0.0,0.0,24.943918228149,24.636363983154,0.0,0.0,0.0,0.0,0.0,2.6703000068665,1.1639585494995,3.141316652298,0.045045170933008,0.072386518120766,-0.14223164319992,1.5215768144117e-05,-0.085085555911064,-2.7235020752414e-05,0.0,0.0,-0.068859428167343,-0.017670733854175,-0.069134518504143,0.090651467442513,9.8946482466999e-05,-0.068859428167343,0.0,0.0,0.0,21.345834732056,0.0057129031047225,1.5863885879517,0,0,0,0,0,0,0,0,0,0,0,0,0,0,0,0,0,0,0,0,0,0,0,0,0,0,0,0,0,0,0,0
281,0.0,0.0,25.784839630127,19.375854492188,0.0,0.0,0.0,0.0,0.0,2.6701776981354,1.2490438222885,3.1411745548248,0.039903163909912,0.07536768168211,-0.1480917185545,1.3747559023614e-05,-0.085085064172745,-2.8005953936372e-05,0.0,0.0,-0.071192242205143,-0.014586480334401,-0.054415047168732,0.091826379299164,9.0360874310136e-05,-0.071192242205143,0.0,0.0,0.0,21.351377487183,0.0055667404085398,1.5858573913574,0,0,0,0,0,0,0,0,0,0,0,0,0,0,0,0,0,0,0,0,0,0,0,0,0,0,0,0,0,0,0,0
282,0.0,0.0,26.4312915802,14.022154808044,0.0,0.0,0.0,0.0,0.0,2.6699669361115,1.3341286182404,3.1409432888031,0.034339118748903,0.078190706670284,-0.15364247560501,1.2877737390227e-05,-0.085084691643715,-2.8749762350344e-05,0.0,0.0,-0.072984330356121,-0.0112030133605,-0.0394636541605,0.093453146517277,7.9681951319799e-05,-0.072984330356121,0.0,0.0,0.0,21.366548538208,0.0055141616612673,1.5857616662979,0,0,0,0,0,0,0,0,0,0,0,0,0,0,0,0,0,0,0,0,0,0,0,0,0,0,0,0,0,0,0,0
283,0.0,0.0,26.835901260376,8.6884927749634,0.0,0.0,0.0,0.0,0.0,2.6695141792297,1.4192128181458,3.140469789505,0.028370894491673,0.080841988325119,-0.1588536798954,1.1749237273762e-05,-0.085084185004234,-2.8561937142513e-05,0.0,0.0,-0.074151061475277,-0.0069920727983117,-0.024477360770106,0.093102991580963,6.9713627453893e-05,-0.074151061475277,0.0,0.0,0.0,21.381660461426,0.0060867588035762,1.5845296382904,0,0,0,0,0,0,0,0,0,0,0,0,0,0,0,0,0,0,0,0,0,0,0,0,0,0,0,0,0,0,0,0
284,0.0,0.0,27.060855865479,3.2908170223236,0.0,0.0,0.0,0.0,0.0,2.6678743362427,1.5042963027954,3.1388072967529,0.022039372473955,0.08330937474966,-0.16371208429337,1.2614912520803e-05,-0.085083320736885,-3.1585248507326e-05,0.0,0.0,-0.074781760573387,-0.0038656878750771,-0.009348176419735,0.09422043710947,6.0504891735036e-05,-0.074781760573387,0.0,0.0,0.0,21.397008895874,0.0062906513921916,1.5838729143143,0,0,0,0,0,0,0,0,0,0,0,0,0,0,0,0,0,0,0,0,0,0,0,0,0,0,0,0,0,0,0,0
285,0.0,0.0,27.10161781311,2.0532901287079,0.0,0.0,0.0,0.0,0.0,-0.46026355028152,1.5522118806839,0.010647379793227,0.015361621044576,0.085583783686161,-0.16818328201771,1.1811323020083e-05,-0.085082970559597,-2.963817496493e-05,0.0,0.0,-0.074865527451038,-0.00066242140019313,0.0057141757570207,0.093285262584686,4.9012433009921e-05,-0.074865527451038,0.0,0.0,0.0,21.38897895813,0.0061097517609596,1.5821995735168,0,0,0,0,0,0,0,0,0,0,0,0,0,0,0,0,0,0,0,0,0,0,0,0,0,0,0,0,0,0,0,0
286,0.0,0.0,26.926578521729,7.4333128929138,0.0,0.0,0.0,0.0,0.0,-0.46887281537056,1.4671305418015,0.0020145424641669,0.0083725927397609,0.08765684813261,-0.17226618528366,1.2994930330024e-05,-0.085081778466702,-3.2903357350733e-05,0.0,0.0,-0.074353836476803,0.0030941211152822,0.020824091508985,0.093911670148373,3.9103921153583e-05,-0.074353836476803,0.0,0.0,0.0,21.416231155396,0.0061222366057336,1.5811927318573,0,0,0,0,0,0,0,0,0,0,0,0,0,0,0,0,0,0,0,0,0,0,0,0,0,0,0,0,0,0,0,0
287,0.0,0.0,26.552070617676,12.829568862915,0.0,0.0,0.0,0.0,0.0,-0.46971154212952,1.3820489645004,0.0011531448690221,0.0010989705333486,0.089516595005989,-0.17592321336269,1.2256678019185e-05,-0.085081599652767,-2.9614302547998e-05,0.0,0.0,-0.073273986577988,0.0065636686049402,0.035926345735788,0.09419447183609,2.7270863938611e-05,-0.073273986577988,0.0,0.0,0.0,21.432384490967,0.0059978920035064,1.5808389186859,0,0,0,0,0,0,0,0,0,0,0,0,0,0,0,0,0,0,0,0,0,0,0,0,0,0,0,0,0,0,0,0
288,0.0,0.0,25.997484207153,18.168182373047,0.0,0.0,0.0,0.0,0.0,-0.47002020478249,1.296968460083,0.00082064210437238,-0.0064286510460079,0.091160036623478,-0.17916032671928,1.3643326383317e-05,-0.085080079734325,-3.2768817618489e-05,0.0,0.0,-0.071662299335003,0.0096967676654458,0.050880838185549,0.093187473714352,1.7408325220458e-05,-0.071662299335003,0.0,0.0,0.0,21.426937103271,0.0055242269299924,1.5802183151245,0,0,0,0,0,0,0,0,0,0,0,0,0,0,0,0,0,0,0,0,0,0,0,0,0,0,0,0,0,0,0,0
289,0.0,0.0,25.227897644043,23.424854278564,0.0,0.0,0.0,0.0,0.0,-0.47017788887024,1.2118883132935,0.00064069387735799,-0.014174214564264,0.09257347881794,-0.18194136023521,1.2765091923939e-05,-0.085080191493034,-2.8303064027568e-05,0.0,0.0,-0.069474168121815,0.013437060639262,0.065628863871098,0.091756798326969,5.2411355682125e-06,-0.069474168121815,0.0,0.0,0.0,21.4264793396,0.0054782629013062,1.5792882442474,0,0,0,0,0,0,0,0,0,0,0,0,0,0,0,0,0,0,0,0,0,0,0,0,0,0,0,0,0,0,0,0
290,0.0,0.0,24.241889953613,28.60026550293,0.0,0.0,0.0,0.0,0.0,-0.47026968002319,1.1268093585968,0.00052578485338017,-0.022113176062703,0.093759313225746,-0.18427686393261,1.4194463801687e-05,-0.085078284144402,-3.1327228498412e-05,0.0,0.0,-0.066718205809593,0.017204532399774,0.080153919756413,0.090337119996548,-4.5385586417979e-06,-0.066718205809593,0.0,0.0,0.0,21.431396484375,0.0060227978974581,1.57834815979,0,0,0,0,0,0,0,0,0,0,0,0,0,0,0,0,0,0,0,0,0,0,0,0,0,0,0,0,0,0,0,0
291,0.0,0.0,23.103265762329,33.66918182373,0.0,0.0,0.0,0.0,0.0,-0.47032925486565,1.0417306423187,0.00044540624367073,-0.030197532847524,0.09470446407795,-0.18613439798355,1.282684297621e-05,-0.085078828036785,-2.5540215574438e-05,0.0,0.0,-0.063508816063404,0.01985589787364,0.094403520226479,0.08847788721323,-1.6864580175024e-05,-0.063508816063404,0.0,0.0,0.0,21.43327331543,0.0063196565024555,1.5769853591919,0,0,0,0,0,0,0,0,0,0,0,0,0,0,0,0,0,0,0,0,0,0,0,0,0,0,0,0,0,0,0,0
292,0.0,0.0,21.810031890869,38.682304382324,0.0,0.0,0.0,0.0,0.0,-0.47036874294281,0.95665335655212,0.0003844955645036,-0.038413215428591,0.095410451292992,-0.18752802908421,1.4355086022988e-05,-0.085076428949833,-2.8734348234138e-05,0.0,0.0,-0.05985851213336,0.022544817999005,0.10844919830561,0.087502129375935,-2.63638648903e-05,-0.05985851213336,0.0,0.0,0.0,21.453601837158,0.0063831424340606,1.5761247873306,0,0,0,0,0,0,0,0,0,0,0,0,0,0,0,0,0,0,0,0,0,0,0,0,0,0,0,0,0,0,0,0
293,0.0,0.0,20.370029449463,43.565700531006,0.0,0.0,0.0,0.0,0.0,-0.47039687633514,0.87157624959946,0.00033787207212299,-0.046698618680239,0.095866315066814,-0.18843165040016,1.3053288967058e-05,-0.085077553987503,-2.1856438252144e-05,0.0,0.0,-0.055795952677727,0.025093967095017,0.1221694201231,0.085237391293049,-3.8808113458799e-05,-0.055795952677727,0.0,0.0,0.0,21.445728302002,0.0066010430455208,1.5746810436249,0,0,0,0,0,0,0,0,0,0,0,0,0,0,0,0,0,0,0,0,0,0,0,0,0,0,0,0,0,0,0,0
294,0.0,0.0,18.809112548828,48.390621185303,0.0,0.0,0.0,0.0,0.0,-0.47041672468185,0.78650051355362,0.00029931499739178,-0.055051103234291,0.096088096499443,-0.18885892629623,1.3695032976102e-05,-0.085074700415134,-2.4789189410512e-05,0.0,0.0,-0.051379468291998,0.027195015922189,0.13567726314068,0.084214568138123,-4.8135039833141e-05,-0.051379468291998,0.0,0.0,0.0,21.446899414062,0.0064203683286905,1.5736948251724,0,0,0,0,0,0,0,0,0,0,0,0,0,0,0,0,0,0,0,0,0,0,0,0,0,0,0,0,0,0,0,0
295,0.0,0.0,17.121397018433,53.104537963867,0.0,0.0,0.0,0.0,0.0,-0.47043198347092,0.70142471790314,0.00026931261527352,-0.063395231962204,0.096046112477779,-0.18879289925098,1.2504946425906e-05,-0.085076443850994,-1.6885061995708e-05,0.0,0.0,-0.04661799967289,0.029395988211036,0.14889334142208,0.082276433706284,-6.0197420680197e-05,-0.04661799967289,0.0,0.0,0.0,21.449346542358,0.0064462590962648,1.5724147558212,0,0,0,0,0,0,0,0,0,0,0,0,0,0,0,0,0,0,0,0,0,0,0,0,0,0,0,0,0,0,0,0
296,0.0,0.0,15.343637466431,57.724369049072,0.0,0.0,0.0,0.0,0.0,-0.4704432785511,0.61635035276413,0.00024353782646358,-0.071743912994862,0.095772854983807,-0.18824605643749,1.3004788343096e-05,-0.085073247551918,-1.9992112356704e-05,0.0,0.0,-0.041586995124817,0.030958451330662,0.1618497222662,0.080631665885448,-6.9300935138017e-05,-0.041586995124817,0.0,0.0,0.0,21.447734832764,0.0062495856545866,1.5708857774734,0,0,0,0,0,0,0,0,0,0,0,0,0,0,0,0,0,0,0,0,0,0,0,0,0,0,0,0,0,0,0,0
297,0.0,0.0,13.460848808289,62.314384460449,0.0,0.0,0.0,0.0,0.0,-0.4704527258873,0.53127545118332,0.00022446834191214,-0.080004438757896,0.095239244401455,-0.18721218407154,1.1402668860683e-05,-0.085075795650482,-1.0744746759883e-05,0.0,0.0,-0.036280363798141,0.032780084758997,0.17465832829475,0.08011057972908,-8.0769408668857e-05,-0.036280363798141,0.0,0.0,0.0,21.440732955933,0.0059092282317579,1.5701884031296,0,0,0,0,0,0,0,0,0,0,0,0,0,0,0,0,0,0,0,0,0,0,0,0,0,0,0,0,0,0,0,0
298,0.0,0.0,11.462027549744,66.842224121094,0.0,0.0,0.0,0.0,0.0,-0.47045987844467,0.44620209932327,0.00020747691451106,-0.088204242289066,0.094472818076611,-0.18569682538509,1.2288933248783e-05,-0.085072055459023,-1.5164169781201e-05,0.0,0.0,-0.030697446316481,0.03479665517807,0.1872783601284,0.079022243618965,-8.9363806182519e-05,-0.030697446316481,0.0,0.0,0.0,21.442289352417,0.0060467128641903,1.5698794126511,0,0,0,0,0,0,0,0,0,0,0,0,0,0,0,0,0,0,0,0,0,0,0,0,0,0,0,0,0,0,0,0
299,0.0,0.0,9.3903274536133,71.25,0.0,0.0,0.0,0.0,0.0,-0.47046607732773,0.36112797260284,0.00019642124243546,-0.096239328384399,0.093453533947468,-0.18371295928955,1.0964879948006e-05,-0.085075259208679,-5.1583292588475e-06,0.0,0.0,-0.024923883378506,0.036057416349649,0.19963036477566,0.076926216483116,-0.00010057876352221,-0.024923883378506,0.0,0.0,0.0,21.440464019775,0.0066753192804754,1.5687079429626,0,0,0,0,0,0,0,0,0,0,0,0,0,0,0,0,0,0,0,0,0,0,0,0,0,0,0,0,0,0,0,0
300,0.0,0.0,7.293824672699,75.609436035156,0.0,0.0,0.0,0.0,0.0,-0.47047102451324,0.27605536580086,0.0001862732169684,-0.1041509732604,0.092210181057453,-0.18125478923321,1.1797628758359e-05,-0.085071206092834,-1.0440249752719e-05,0.0,0.0,-0.019051663577557,0.036481902003288,0.21184039115906,0.07607913762331,-0.00010896251478698,-0.019051663577557,0.0,0.0,0.0,21.413257598877,0.0068202051334083,1.5673582553864,0,0,0,0,0,0,0,0,0,0,0,0,0,0,0,0,0,0,0,0,0,0,0,0,0,0,0,0,0,0,0,0
301,0.0,0.0,5.1709408760071,79.967910766602,0.0,0.0,0.0,0.0,0.0,-0.47047564387321,0.1909816712141,0.00018177443416789,-0.11182378232479,0.090723529458046,-0.17835572361946,1.0797571121657e-05,-0.085074998438358,2.13053468201e-07,0.0,0.0,-0.01309674885124,0.036931842565536,0.22400127351284,0.076061926782131,-0.00011947280290769,-0.01309674885124,0.0,0.0,0.0,21.441272735596,0.0064291837625206,1.5664870738983,0,0,0,0,0,0,0,0,0,0,0,0,0,0,0,0,0,0,0,0,0,0,0,0,0,0,0,0,0,0,0,0
302,0.0,0.0,2.9807112216949,84.316696166992,0.0,0.0,0.0,0.0,0.0,-0.47047951817513,0.10590942203999,0.0001772598043317,-0.11931097507477,0.089023865759373,-0.17499597370625,1.1624993931036e-05,-0.085070841014385,-6.1525570345111e-06,0.0,0.0,-0.0070066368207335,0.038099333643913,0.23611091077328,0.075889185070992,-0.0001273846719414,-0.0070066368207335,0.0,0.0,0.0,21.421445846558,0.006481799762696,1.5661919116974,0,0,0,0,0,0,0,0,0,0,0,0,0,0,0,0,0,0,0,0,0,0,0,0,0,0,0,0,0,0,0,0
303,0.0,0.0,0.80315613746643,88.620681762695,0.0,0.0,0.0,0.0,0.0,-0.47048318386078,0.020835764706135,0.0001781073078746,-0.12649051845074,0.08709504455328,-0.17123112082481,1.1381789590814e-05,-0.085075080394745,4.7836660996836e-06,0.0,0.0,-0.00092646735720336,0.037868775427341,0.2481304705143,0.075106799602509,-0.00013672957720701,-0.00092646735720336,0.0,0.0,0.0,21.414295196533,0.0062996121123433,1.5652074813843,0,0,0,0,0,0,0,0,0,0,0,0,0,0,0,0,0,0,0,0,0,0,0,0,0,0,0,0,0,0,0,0
304,0.0,0.0,1.3858995437622,92.974311828613,0.0,0.0,0.0,0.0,0.0,-0.47048625349998,-0.064236685633659,0.00017804677190725,-0.13342387974262,0.084967337548733,-0.16702656447887,1.2335694918875e-05,-0.085071116685867,-2.709214868446e-06,0.0,0.0,0.0051677525043488,0.038062047213316,0.26022526621819,0.075969621539116,-0.00014418260252569,0.0051677525043488,0.0,0.0,0.0,21.413974761963,0.0058049806393683,1.5650968551636,0,0,0,0,0,0,0,0,0,0,0,0,0,0,0,0,0,0,0,0,0,0,0,0,0,0,0,0,0,0,0,0
305,0.0,0.0,3.6168956756592,97.343124389648,0.0,0.0,0.0,0.0,0.0,-0.47048869729042,-0.14931084215641,0.00018286056001671,-0.13998794555664,0.082629300653934,-0.16245897114277,1.3255114936328e-05,-0.08507563918829,8.2170454334118e-06,0.0,0.0,0.011309999041259,0.038786362856627,0.27235645055771,0.076234176754951,-0.0001518649951322,0.011309999041259,0.0,0.0,0.0,21.406337738037,0.0060469550080597,1.565465092659,0,0,0,0,0,0,0,0,0,0,0,0,0,0,0,0,0,0,0,0,0,0,0,0,0,0,0,0,0,0,0,0
306,0.0,0.0,5.805034160614,101.6742477417,0.0,0.0,0.0,0.0,0.0,-0.47049036622047,-0.23438397049904,0.00018547686340753,-0.14624582231045,0.080110885202885,-0.15748296678066,1.4281914445746e-05,-0.085071951150894,-7.8977205930642e-07,0.0,0.0,0.017350004985929,0.03803076595068,0.2844523191452,0.075572922825813,-0.00015945021004882,0.017350004985929,0.0,0.0,0.0,21.387275695801,0.0064088348299265,1.5647220611572,0,0,0,0,0,0,0,0,0,0,0,0,0,0,0,0,0,0,0,0,0,0,0,0,0,0,0,0,0,0,0,0
307,0.0,0.0,7.9469389915466,106.04148864746,0.0,0.0,0.0,0.0,0.0,-0.47049072384834,-0.3194588124752,0.00019166596757714,-0.1520806401968,0.077404871582985,-0.15219122171402,1.6515474271728e-05,-0.085076160728931,9.5132363640005e-06,0.0,0.0,0.023266421630979,0.037218194454908,0.29664620757103,0.076202660799026,-0.00016510039858986,0.023266421630979,0.0,0.0,0.0,21.362003326416,0.0065526766702533,1.5638995170593,0,0,0,0,0,0,0,0,0,0,0,0,0,0,0,0,0,0,0,0,0,0,0,0,0,0,0,0,0,0,0,0
308,0.0,0.0,10.006429672241,110.45289611816,0.0,0.0,0.0,0.0,0.0,-0.47048977017403,-0.40453287959099,0.00019408670777921,-0.15755516290665,0.074538007378578,-0.14652816951275,1.7533213394927e-05,-0.085073135793209,-6.9304888938859e-07,0.0,0.0,0.028985261917114,0.03577271848917,0.30896380543709,0.076970472931862,-0.00017216939886566,0.028985261917114,0.0,0.0,0.0,21.349521636963,0.0061263903044164,1.5627694129944,0,0,0,0,0,0,0,0,0,0,0,0,0,0,0,0,0,0,0,0,0,0,0,0,0,0,0,0,0,0,0,0
309,0.0,0.0,12.049637794495,114.92054748535,0.0,0.0,0.0,0.0,0.0,-0.47048616409302,-0.48960849642754,0.00019829145458061,-0.16256208717823,0.071510814130306,-0.14060296118259,2.12881132029e-05,-0.085076749324799,8.9615541583044e-06,0.0,0.0,0.034598264843225,0.035484854131937,0.32143816351891,0.077951163053513,-0.00017586392641533,0.034598264843225,0.0,0.0,0.0,21.321857452393,0.0063770590350032,1.5619390010834,0,0,0,0,0,0,0,0,0,0,0,0,0,0,0,0,0,0,0,0,0,0,0,0,0,0,0,0,0,0,0,0
310,0.0,0.0,14.054041862488,119.51050567627,0.0,0.0,0.0,0.0,0.0,-0.47048023343086,-0.57468378543854,0.00019699438416865,-0.16715875267982,0.0683439001441,-0.13435019552708,2.2074258595239e-05,-0.085074692964554,-1.9461865576886e-06,0.0,0.0,0.040053598582745,0.034801375120878,0.33418706059456,0.080083280801773,-0.00018207922403235,0.040053598582745,0.0,0.0,0.0,21.294860839844,0.0067879185080528,1.5621762275696,0,0,0,0,0,0,0,0,0,0,0,0,0,0,0,0,0,0,0,0,0,0,0,0,0,0,0,0,0,0,0,0
311,0.0,0.0,15.920852661133,124.16167449951,0.0,0.0,0.0,0.0,0.0,-0.47046941518784,-0.65976047515869,0.00019479944603518,-0.17125330865383,0.065047778189182,-0.12789227068424,2.7369560484658e-05,-0.085077501833439,7.0205878728302e-06,0.0,0.0,0.045175597071648,0.032398074865341,0.34712266921997,0.081150561571121,-0.00018391023331787,0.045175597071648,0.0,0.0,0.0,21.291229248047,0.0065088216215372,1.561793923378,0,0,0,0,0,0,0,0,0,0,0,0,0,0,0,0,0,0,0,0,0,0,0,0,0,0,0,0,0,0,0,0
312,0.0,0.0,17.688148498535,128.8837890625,0.0,0.0,0.0,0.0,0.0,-0.47045436501503,-0.74483722448349,0.00018448081391398,-0.17489215731621,0.061635483056307,-0.12115930020809,2.7545083867153e-05,-0.085076533257961,-4.4028815864294e-06,0.0,0.0,0.050010520964861,0.030655816197395,0.36026746034622,0.082386784255505,-0.00018931008526124,0.050010520964861,0.0,0.0,0.0,21.279777526855,0.0063285389915109,1.561194062233,0,0,0,0,0,0,0,0,0,0,0,0,0,0,0,0,0,0,0,0,0,0,0,0,0,0,0,0,0,0,0,0
313,0.0,0.0,19.364721298218,133.75466918945,0.0,0.0,0.0,0.0,0.0,-0.47043058276176,-0.82991504669189,0.0001686458272161,-0.17800550162792,0.058127608150244,-0.1142792403698,3.4134165616706e-05,-0.085078291594982,3.6735739286087e-06,0.0,0.0,0.054556485265493,0.029072595760226,0.37375417351723,0.084982000291348,-0.00018911932420451,0.054556485265493,0.0,0.0,0.0,21.258832931519,0.0062284460291266,1.5616233348846,0,0,0,0,0,0,0,0,0,0,0,0,0,0,0,0,0,0,0,0,0,0,0,0,0,0,0,0,0,0,0,0
314,0.0,0.0,20.948253631592,138.6615447998,0.0,0.0,0.0,0.0,0.0,-0.47039830684662,-0.91499334573746,0.0001396419829689,-0.18062321841717,0.054528594017029,-0.10718379169703,3.3539294236107e-05,-0.085078537464142,-8.2267488323851e-06,0.0,0.0,0.05879507958889,0.027444545179605,0.38740333914757,0.085609175264835,-0.00019330518261995,0.05879507958889,0.0,0.0,0.0,21.253265380859,0.0070606917142868,1.5612993240356,0,0,0,0,0,0,0,0,0,0,0,0,0,0,0,0,0,0,0,0,0,0,0,0,0,0,0,0,0,0,0,0
315,0.0,0.0,22.364540100098,143.6891784668,0.0,0.0,0.0,0.0,0.0,-0.47034877538681,-1.0000722408295,9.5665011031087e-05,-0.18270245194435,0.050868552178144,-0.099998444318771,4.1172803321388e-05,-0.085078872740269,-1.0929148857031e-06,0.0,0.0,0.062591053545475,0.024528188630939,0.40135055780411,0.087714567780495,-0.00019069948757533,0.062591053545475,0.0,0.0,0.0,21.231466293335,0.0073865433223546,1.5611768960953,0,0,0,0,0,0,0,0,0,0,0,0,0,0,0,0,0,0,0,0,0,0,0,0,0,0,0,0,0,0,0,0
316,0.0,0.0,23.592044830322,148.80656433105,0.0,0.0,0.0,0.0,0.0,-0.47028043866158,-1.0851516723633,2.7759488148149e-05,-0.18424844741821,0.047145485877991,-0.092664316296577,3.9108545024646e-05,-0.085079059004784,-1.2973941011296e-05,0.0,0.0,0.065894655883312,0.021229803562164,0.41554221510887,0.089280247688293,-0.00019417933071963,0.065894655883312,0.0,0.0,0.0,21.205451965332,0.0071938754990697,1.5608062744141,0,0,0,0,0,0,0,0,0,0,0,0,0,0,0,0,0,0,0,0,0,0,0,0,0,0,0,0,0,0,0,0
317,0.0,0.0,24.659646987915,154.01812744141,0.0,0.0,0.0,0.0,0.0,-0.47017094492912,-1.1702309846878,-8.0224010162055e-05,-0.18526688218117,0.043395180255175,-0.085295163094997,4.7433910367545e-05,-0.085079193115234,-6.6462175709603e-06,0.0,0.0,0.068738989531994,0.018443409353495,0.42997878789902,0.09092228859663,-0.00018976905266754,0.068738989531994,0.0,0.0,0.0,21.195629119873,0.0071530565619469,1.5605409145355,0,0,0,0,0,0,0,0,0,0,0,0,0,0,0,0,0,0,0,0,0,0,0,0,0,0,0,0,0,0,0,0
318,0.0,0.0,25.538997650146,159.34754943848,0.0,0.0,0.0,0.0,0.0,-0.47000202536583,-1.2553111314774,-0.00025268117315136,-0.18572641909122,0.039609089493752,-0.077848739922047,4.3513442506082e-05,-0.085080862045288,-1.7724589270074e-05,0.0,0.0,0.071066237986088,0.015156134031713,0.4446876347065,0.092978991568089,-0.00019141496159136,0.071066237986088,0.0,0.0,0.0,21.182775497437,0.0068943663500249,1.5608159303665,0,0,0,0,0,0,0,0,0,0,0,0,0,0,0,0,0,0,0,0,0,0,0,0,0,0,0,0,0,0,0,0
319,0.0,0.0,26.232130050659,164.7165222168,0.0,0.0,0.0,0.0,0.0,-0.46969127655029,-1.3403913974762,-0.00056610908359289,-0.18566183745861,0.035832893103361,-0.07042158395052,5.1832437748089e-05,-0.085079848766327,-1.2114247510908e-05,0.0,0.0,0.072870090603828,0.011912543326616,0.45952692627907,0.093667224049568,-0.0001849038671935,0.072870090603828,0.0,0.0,0.0,21.191770553589,0.006835070438683,1.5606452226639,0,0,0,0,0,0,0,0,0,0,0,0,0,0,0,0,0,0,0,0,0,0,0,0,0,0,0,0,0,0,0,0
320,0.0,0.0,26.751417160034,170.14099121094,0.0,0.0,0.0,0.0,0.0,-0.46902379393578,-1.4254733324051,-0.0012411000207067,-0.18502753973007,0.032047882676125,-0.062989935278893,4.5585409679916e-05,-0.08508325368166,-2.1816698790644e-05,0.0,0.0,0.074164181947708,0.0088782273232937,0.47450479865074,0.094636961817741,-0.00018503368482925,0.074164181947708,0.0,0.0,0.0,21.167642593384,0.0072279777377844,1.5605293512344,0,0,0,0,0,0,0,0,0,0,0,0,0,0,0,0,0,0,0,0,0,0,0,0,0,0,0,0,0,0,0,0
321,0.0,0.0,27.055332183838,175.61572265625,0.0,0.0,0.0,0.0,0.0,-0.46640968322754,-1.5105547904968,-0.0038622450083494,-0.1838786303997,0.028308127075434,-0.055631257593632,5.4144889872987e-05,-0.085080996155739,-1.6953703379841e-05,0.0,0.0,0.074874766170979,0.0051268441602588,0.48959302902222,0.09551116079092,-0.00017747300444171,0.074874766170979,0.0,0.0,0.0,21.161115646362,0.0074658477678895,1.5605812072754,0,0,0,0,0,0,0,0,0,0,0,0,0,0,0,0,0,0,0,0,0,0,0,0,0,0,0,0,0,0,0,0
322,0.0,0.0,27.114068984985,178.88848876953,0.0,0.0,0.0,0.0,0.0,2.6599676609039,-1.5459517240524,-3.1302509307861,-0.18215991556644,0.02459018304944,-0.048341769725084,4.5975244574947e-05,-0.085085779428482,-2.558909545769e-05,0.0,0.0,0.07495029270649,0.00084969401359558,-0.49527755379677,0.09588085860014,-0.00017546942399349,0.07495029270649,0.0,0.0,0.0,21.168159484863,0.0071040997281671,1.5606781244278,0,0,0,0,0,0,0,0,0,0,0,0,0,0,0,0,0,0,0,0,0,0,0,0,0,0,0,0,0,0,0,0
323,0.0,0.0,26.985095977783,173.41227722168,0.0,0.0,0.0,0.0,0.0,2.6682741641998,-1.4608691930771,-3.1385688781738,-0.17994578182697,0.020950539037585,-0.041176740080118,5.4595024266746e-05,-0.085082359611988,-2.1547641154029e-05,0.0,0.0,0.074487134814262,-0.00241758977063,-0.48019486665726,0.09553574025631,-0.00016658095410094,0.074487134814262,0.0,0.0,0.0,21.141490936279,0.0071641700342298,1.5605340003967,0,0,0,0,0,0,0,0,0,0,0,0,0,0,0,0,0,0,0,0,0,0,0,0,0,0,0,0,0,0,0,0
324,0.0,0.0,26.647754669189,167.97573852539,0.0,0.0,0.0,0.0,0.0,2.6693472862244,-1.3757830858231,-3.1396570205688,-0.17717312276363,0.017363119870424,-0.03415322303772,4.4447006075643e-05,-0.085088238120079,-2.8811769880122e-05,0.0,0.0,0.073452845215797,-0.0060499766841531,-0.46521258354187,0.094845630228519,-0.00016227590094786,0.073452845215797,0.0,0.0,0.0,21.140035629272,0.0072137750685215,1.560139298439,0,0,0,0,0,0,0,0,0,0,0,0,0,0,0,0,0,0,0,0,0,0,0,0,0,0,0,0,0,0,0,0
325,0.0,0.0,26.101350784302,162.55905151367,0.0,0.0,0.0,0.0,0.0,2.669757604599,-1.2906976938248,-3.1400828361511,-0.17393121123314,0.013884476386011,-0.027303548529744,5.28092168679e-05,-0.085083909332752,-2.5338540581288e-05,0.0,0.0,0.071852959692478,-0.0096900407224894,-0.45031815767288,0.094496190547943,-0.0001534843177069,0.071852959692478,0.0,0.0,0.0,21.140438079834,0.0072225187905133,1.5601068735123,0,0,0,0,0,0,0,0,0,0,0,0,0,0,0,0,0,0,0,0,0,0,0,0,0,0,0,0,0,0,0,0
326,0.0,0.0,25.367460250854,157.18725585938,0.0,0.0,0.0,0.0,0.0,2.6699879169464,-1.2056094408035,-3.1403305530548,-0.17015294730663,0.010489162057638,-0.020664965733886,4.085971522727e-05,-0.085090585052967,-3.1020190363051e-05,0.0,0.0,0.069731332361698,-0.012954846024513,-0.4355688393116,0.09371480345726,-0.00014605463366024,0.069731332361698,0.0,0.0,0.0,21.135608673096,0.0074646542780101,1.5602781772614,0,0,0,0,0,0,0,0,0,0,0,0,0,0,0,0,0,0,0,0,0,0,0,0,0,0,0,0,0,0,0,0
327,0.0,0.0,24.408666610718,151.90483093262,0.0,0.0,0.0,0.0,0.0,2.6701257228851,-1.1205221414566,-3.1404860019684,-0.16593718528748,0.0072301407344639,-0.014247226528823,4.8772410082165e-05,-0.085085660219193,-2.7972972020507e-05,0.0,0.0,0.067036665976048,-0.016871212050319,-0.4210512638092,0.092152275145054,-0.00013708668120671,0.067036665976048,0.0,0.0,0.0,21.142337799072,0.0070741749368608,1.5603350400925,0,0,0,0,0,0,0,0,0,0,0,0,0,0,0,0,0,0,0,0,0,0,0,0,0,0,0,0,0,0,0,0
328,0.0,0.0,23.298656463623,146.68859863281,0.0,0.0,0.0,0.0,0.0,2.670229434967,-1.0354317426682,-3.1406080722809,-0.16121834516525,0.0040858746506274,-0.0081059690564871,3.5425618989393e-05,-0.085092790424824,-3.1981911888579e-05,0.0,0.0,0.063902415335178,-0.019500991329551,-0.40673720836639,0.090998984873295,-0.0001276614057133,0.063902415335178,0.0,0.0,0.0,21.135040283203,0.0072369463741779,1.5606021881104,0,0,0,0,0,0,0,0,0,0,0,0,0,0,0,0,0,0,0,0,0,0,0,0,0,0,0,0,0,0,0,0
329,0.0,0.0,21.98677444458,141.56517028809,0.0,0.0,0.0,0.0,0.0,2.6703016757965,-0.95034235715866,-3.1406989097595,-0.15609861910343,0.0011020263191313,-0.0022298851981759,4.283205998945e-05,-0.085087619721889,-2.9285800337675e-05,0.0,0.0,0.06025904417038,-0.023015644401312,-0.39267709851265,0.089377082884312,-0.00011899643141078,0.06025904417038,0.0,0.0,0.0,21.104354858398,0.0068350220099092,1.5610412359238,0,0,0,0,0,0,0,0,0,0,0,0,0,0,0,0,0,0,0,0,0,0,0,0,0,0,0,0,0,0,0,0
330,0.0,0.0,20.571231842041,136.5196685791,0.0,0.0,0.0,0.0,0.0,2.6703653335571,-0.86524993181229,-3.1407799720764,-0.15051989257336,-0.0017361481441185,0.0033100803848356,2.8671740437858e-05,-0.085094809532166,-3.1593765015714e-05,0.0,0.0,0.056280482560396,-0.024813449010253,-0.37884902954102,0.08801906555891,-0.00010755202674773,0.056280482560396,0.0,0.0,0.0,21.114782333374,0.0073931212536991,1.5615389347076,0,0,0,0,0,0,0,0,0,0,0,0,0,0,0,0,0,0,0,0,0,0,0,0,0,0,0,0,0,0,0,0
331,0.0,0.0,18.970439910889,131.60894775391,0.0,0.0,0.0,0.0,0.0,2.6704139709473,-0.78015851974487,-3.1408455371857,-0.14458137750626,-0.0043933987617493,0.0085433963686228,3.5633453080663e-05,-0.085089735686779,-2.9203452868387e-05,0.0,0.0,0.051848407834768,-0.028037747368217,-0.36534622311592,0.085664421319962,-9.8659940704238e-05,0.051848407834768,0.0,0.0,0.0,21.125312805176,0.0070307399146259,1.5617134571075,0,0,0,0,0,0,0,0,0,0,0,0,0,0,0,0,0,0,0,0,0,0,0,0,0,0,0,0,0,0,0,0
332,0.0,0.0,17.261898040771,126.78440093994,0.0,0.0,0.0,0.0,0.0,2.6704611778259,-0.69506412744522,-3.1409070491791,-0.13823811709881,-0.0068754353560507,0.013388009741902,2.1317795471987e-05,-0.085096620023251,-2.9813161745551e-05,0.0,0.0,0.047105945646763,-0.029905965551734,-0.35208544135094,0.08416260778904,-8.6301457486115e-05,0.047105945646763,0.0,0.0,0.0,21.116230010986,0.0070275119505823,1.5619432926178,0,0,0,0,0,0,0,0,0,0,0,0,0,0,0,0,0,0,0,0,0,0,0,0,0,0,0,0,0,0,0,0
333,0.0,0.0,15.434239387512,122.05168914795,0.0,0.0,0.0,0.0,0.0,2.6704993247986,-0.60997068881989,-3.1409585475922,-0.13158021867275,-0.0091597279533744,0.017887830734253,2.799238973239e-05,-0.085091948509216,-2.7708503694157e-05,0.0,0.0,0.042047936469316,-0.031976595520973,-0.33907052874565,0.082558207213879,-7.7921285992488e-05,0.042047936469316,0.0,0.0,0.0,21.133852005005,0.0069008711725473,1.5622168779373,0,0,0,0,0,0,0,0,0,0,0,0,0,0,0,0,0,0,0,0,0,0,0,0,0,0,0,0,0,0,0,0
334,0.0,0.0,13.518166542053,117.42649841309,0.0,0.0,0.0,0.0,0.0,2.6705386638641,-0.52487450838089,-3.1410069465637,-0.12458100169897,-0.011241789907217,0.021954612806439,1.4183525308908e-05,-0.085098147392273,-2.6662568416214e-05,0.0,0.0,0.036741673946381,-0.033506438136101,-0.32631918787956,0.080683298408985,-6.4662621298339e-05,0.036741673946381,0.0,0.0,0.0,21.132659912109,0.0067647057585418,1.5620710849762,0,0,0,0,0,0,0,0,0,0,0,0,0,0,0,0,0,0,0,0,0,0,0,0,0,0,0,0,0,0,0,0
335,0.0,0.0,11.512318611145,112.87995147705,0.0,0.0,0.0,0.0,0.0,2.6705720424652,-0.43977916240692,-3.1410477161407,-0.11731591820717,-0.013112715445459,0.025641897693276,2.0770388800884e-05,-0.08509411662817,-2.4824255888234e-05,0.0,0.0,0.031198479235172,-0.03506475687027,-0.31377404928207,0.079309724271297,-5.6099310313584e-05,0.031198479235172,0.0,0.0,0.0,21.13551902771,0.0064857164397836,1.5619260072708,0,0,0,0,0,0,0,0,0,0,0,0,0,0,0,0,0,0,0,0,0,0,0,0,0,0,0,0,0,0,0,0
336,0.0,0.0,9.4398918151855,108.38421630859,0.0,0.0,0.0,0.0,0.0,2.6706073284149,-0.35468146204948,-3.1410844326019,-0.10978092253208,-0.014758249744773,0.028861662372947,8.0716563388705e-06,-0.085099317133427,-2.2221664039535e-05,0.0,0.0,0.025471867993474,-0.036213204264641,-0.30137866735458,0.078424081206322,-4.2543128074612e-05,0.025471867993474,0.0,0.0,0.0,21.138980865479,0.0063497493974864,1.5619878768921,0,0,0,0,0,0,0,0,0,0,0,0,0,0,0,0,0,0,0,0,0,0,0,0,0,0,0,0,0,0,0,0
337,0.0,0.0,7.3374071121216,103.95442962646,0.0,0.0,0.0,0.0,0.0,2.6706383228302,-0.26958441734314,-3.1411147117615,-0.10203222930431,-0.016183026134968,0.031671516597271,1.4630991245212e-05,-0.085096180438995,-2.0515351934591e-05,0.0,0.0,0.019636111333966,-0.036730092018843,-0.28914555907249,0.077273145318031,-3.480102532194e-05,0.019636111333966,0.0,0.0,0.0,21.14379119873,0.0065216138027608,1.5616742372513,0,0,0,0,0,0,0,0,0,0,0,0,0,0,0,0,0,0,0,0,0,0,0,0,0,0,0,0,0,0,0,0
338,0.0,0.0,5.1887722015381,99.544204711914,0.0,0.0,0.0,0.0,0.0,2.6706717014313,-0.184485450387,-3.141140460968,-0.094091363251209,-0.01736276037991,0.033988732844591,3.5486953038344e-06,-0.085100136697292,-1.6761083315942e-05,0.0,0.0,0.013679562136531,-0.037521608173847,-0.27698466181755,0.076932445168495,-2.0855875845882e-05,0.013679562136531,0.0,0.0,0.0,21.133296966553,0.0068064425140619,1.5617353916168,0,0,0,0,0,0,0,0,0,0,0,0,0,0,0,0,0,0,0,0,0,0,0,0,0,0,0,0,0,0,0,0
339,0.0,0.0,3.0025250911713,95.162979125977,0.0,0.0,0.0,0.0,0.0,2.6707012653351,-0.099386893212795,-3.1411604881287,-0.085992559790611,-0.018314870074391,0.035870414227247,1.0532675332797e-05,-0.085097946226597,-1.5514155165874e-05,0.0,0.0,0.007628720253706,-0.038170013576746,-0.26489827036858,0.076427027583122,-1.2806162885681e-05,0.007628720253706,0.0,0.0,0.0,21.142545700073,0.0069672195240855,1.5618759393692,0,0,0,0,0,0,0,0,0,0,0,0,0,0,0,0,0,0,0,0,0,0,0,0,0,0,0,0,0,0,0,0
340,0.0,0.0,0.80505663156509,90.848243713379,0.0,0.0,0.0,0.0,0.0,2.6707336902618,-0.014287088066339,-3.1411743164062,-0.0777807533741,-0.019010689109564,0.037245988845825,7.7205891102494e-07,-0.085100539028645,-1.014939880406e-05,0.0,0.0,0.0015422090655193,-0.038352333009243,-0.25293493270874,0.075267173349857,7.2449762456017e-07,0.0015422090655193,0.0,0.0,0.0,21.145235061646,0.0068227504380047,1.5612062215805,0,0,0,0,0,0,0,0,0,0,0,0,0,0,0,0,0,0,0,0,0,0,0,0,0,0,0,0,0,0,0,0
341,0.0,0.0,1.3697689771652,86.497200012207,0.0,0.0,0.0,0.0,0.0,2.6707632541656,0.07081251591444,-3.1411828994751,-0.069471135735512,-0.019474051892757,0.038166414946318,8.1349990068702e-06,-0.085099309682846,-9.1104329840164e-06,0.0,0.0,-0.0045108930207789,-0.037949305027723,-0.24090959131718,0.075902372598648,8.5597539509763e-06,-0.0045108930207789,0.0,0.0,0.0,21.146673202515,0.0074061653576791,1.5609629154205,0,0,0,0,0,0,0,0,0,0,0,0,0,0,0,0,0,0,0,0,0,0,0,0,0,0,0,0,0,0,0,0
342,0.0,0.0,3.5952186584473,82.162368774414,0.0,0.0,0.0,0.0,0.0,2.6707956790924,0.15591277182102,-3.1411843299866,-0.061130411922932,-0.019673708826303,0.038575988262892,-2.423457203804e-07,-0.085100524127483,-2.7919036256208e-06,0.0,0.0,-0.01063771545887,-0.038819998502731,-0.2288955450058,0.075620003044605,2.1428797481349e-05,-0.01063771545887,0.0,0.0,0.0,21.140716552734,0.0068709487095475,1.5608050823212,0,0,0,0,0,0,0,0,0,0,0,0,0,0,0,0,0,0,0,0,0,0,0,0,0,0,0,0,0,0,0,0
343,0.0,0.0,5.7720537185669,77.799774169922,0.0,0.0,0.0,0.0,0.0,2.6708261966705,0.24101296067238,-3.1411805152893,-0.052754282951355,-0.019639814272523,0.038518235087395,7.6889336924069e-06,-0.085100159049034,-2.0947422854078e-06,0.0,0.0,-0.01666104234755,-0.037963155657053,-0.21680563688278,0.076106451451778,2.9780901968479e-05,-0.01666104234755,0.0,0.0,0.0,21.145082473755,0.0068069053813815,1.5605384111404,0,0,0,0,0,0,0,0,0,0,0,0,0,0,0,0,0,0,0,0,0,0,0,0,0,0,0,0,0,0,0,0
344,0.0,0.0,7.9072413444519,73.381156921387,0.0,0.0,0.0,0.0,0.0,2.6708602905273,0.3261131644249,-3.1411683559418,-0.044427957385778,-0.019341172650456,0.037955038249493,5.3456960813492e-07,-0.085100069642067,4.9477362153993e-06,0.0,0.0,-0.022577665746212,-0.037224110215902,-0.20457896590233,0.077084697782993,4.1949857404688e-05,-0.022577665746212,0.0,0.0,0.0,21.1536693573,0.0070295133627951,1.5605647563934,0,0,0,0,0,0,0,0,0,0,0,0,0,0,0,0,0,0,0,0,0,0,0,0,0,0,0,0,0,0,0,0
345,0.0,0.0,9.9930934906006,68.913017272949,0.0,0.0,0.0,0.0,0.0,2.6708931922913,0.41121342778206,-3.1411514282227,-0.036130603402853,-0.018810959532857,0.036919608712196,8.8960650828085e-06,-0.085100464522839,5.2135947044007e-06,0.0,0.0,-0.028360737487674,-0.036354772746563,-0.19221204519272,0.077951647341251,5.0217331590829e-05,-0.028360737487674,0.0,0.0,0.0,21.161624908447,0.0073021082207561,1.5606433153152,0,0,0,0,0,0,0,0,0,0,0,0,0,0,0,0,0,0,0,0,0,0,0,0,0,0,0,0,0,0,0,0
346,0.0,0.0,12.020939826965,64.373184204102,0.0,0.0,0.0,0.0,0.0,2.6709308624268,0.49631318449974,-3.1411244869232,-0.02796159312129,-0.018020402640104,0.035393491387367,2.6783566227095e-06,-0.085099242627621,1.2757860531565e-05,0.0,0.0,-0.033980842679739,-0.035330913960934,-0.17965595424175,0.07920315861702,6.1684804677498e-05,-0.033980842679739,0.0,0.0,0.0,21.175359725952,0.007627728395164,1.5609745979309,0,0,0,0,0,0,0,0,0,0,0,0,0,0,0,0,0,0,0,0,0,0,0,0,0,0,0,0,0,0,0,0
347,0.0,0.0,13.998344421387,59.796928405762,0.0,0.0,0.0,0.0,0.0,2.6709690093994,0.58141303062439,-3.141092300415,-0.019886393100023,-0.017003560438752,0.033398523926735,1.1267760783085e-05,-0.085100241005421,1.247764157597e-05,0.0,0.0,-0.039435222744942,-0.034441668540239,-0.16695652902126,0.0798419713974,7.054787420202e-05,-0.039435222744942,0.0,0.0,0.0,21.169277191162,0.0073410915210843,1.5609922409058,0,0,0,0,0,0,0,0,0,0,0,0,0,0,0,0,0,0,0,0,0,0,0,0,0,0,0,0,0,0,0,0
348,0.0,0.0,15.875263214111,55.141826629639,0.0,0.0,0.0,0.0,0.0,2.671014547348,0.6665118932724,-3.1410481929779,-0.012014009989798,-0.015736198052764,0.030936615541577,5.8481828091317e-06,-0.085098072886467,2.0355406377348e-05,0.0,0.0,-0.044626109302044,-0.032677341252565,-0.15403361618519,0.081218481063843,8.1069796578959e-05,-0.044626109302044,0.0,0.0,0.0,21.179340362549,0.0072623947635293,1.5609502792358,0,0,0,0,0,0,0,0,0,0,0,0,0,0,0,0,0,0,0,0,0,0,0,0,0,0,0,0,0,0,0,0
349,0.0,0.0,17.626401901245,50.438652038574,0.0,0.0,0.0,0.0,0.0,2.6710634231567,0.7516108751297,-3.1409964561462,-0.0043014367111027,-0.01425070501864,0.028016855940223,1.4194267350831e-05,-0.085099540650845,1.9359815269127e-05,0.0,0.0,-0.049495201557875,-0.030473407357931,-0.14092844724655,0.082060396671295,8.9742563432083e-05,-0.049495201557875,0.0,0.0,0.0,21.183090209961,0.0073510678485036,1.5601921081543,0,0,0,0,0,0,0,0,0,0,0,0,0,0,0,0,0,0,0,0,0,0,0,0,0,0,0,0,0,0,0,0
350,0.0,0.0,19.271364212036,45.630256652832,0.0,0.0,0.0,0.0,0.0,2.6711239814758,0.83670854568481,-3.1409287452698,0.003141098190099,-0.012529511936009,0.024661846458912,9.5499735834892e-06,-0.085096716880798,2.729309926508e-05,0.0,0.0,-0.054059240967035,-0.028610954061151,-0.12754040956497,0.083897612988949,9.903937461786e-05,-0.054059240967035,0.0,0.0,0.0,21.205549240112,0.0073911314830184,1.5597379207611,0,0,0,0,0,0,0,0,0,0,0,0,0,0,0,0,0,0,0,0,0,0,0,0,0,0,0,0,0,0,0,0
351,0.0,0.0,20.804929733276,40.719955444336,0.0,0.0,0.0,0.0,0.0,2.6711945533752,0.92180550098419,-3.1408474445343,0.010360079817474,-0.010598287917674,0.020862985402346,1.7708673112793e-05,-0.085097268223763,2.650972965057e-05,0.0,0.0,-0.05829319730401,-0.026660580188036,-0.11386965215206,0.0856798812747,0.00010517983901082,-0.05829319730401,0.0,0.0,0.0,21.218126296997,0.0071741905994713,1.5595163106918,0,0,0,0,0,0,0,0,0,0,0,0,0,0,0,0,0,0,0,0,0,0,0,0,0,0,0,0,0,0,0,0
352,0.0,0.0,22.152830123901,35.734493255615,0.0,0.0,0.0,0.0,0.0,2.6712875366211,1.0069011449814,-3.140739440918,0.017242737114429,-0.0084557952359319,0.016677048057318,1.3726973520534e-05,-0.085095055401325,3.3351367164869e-05,0.0,0.0,-0.062057074159384,-0.023409590125084,-0.099960088729858,0.086991593241692,0.00011571959475987,-0.062057074159384,0.0,0.0,0.0,21.224637985229,0.0075833573937416,1.5587810277939,0,0,0,0,0,0,0,0,0,0,0,0,0,0,0,0,0,0,0,0,0,0,0,0,0,0,0,0,0,0,0,0
353,0.0,0.0,23.365816116333,30.654563903809,0.0,0.0,0.0,0.0,0.0,2.6714074611664,1.0919967889786,-3.1406035423279,0.023841867223382,-0.0061191241256893,0.012076056562364,2.1064055545139e-05,-0.085095897316933,3.1066909286892e-05,0.0,0.0,-0.065419770777225,-0.021047879010439,-0.085781209170818,0.088643804192543,0.00012271518062335,-0.065419770777225,0.0,0.0,0.0,21.22186088562,0.0076579414308071,1.558199763298,0,0,0,0,0,0,0,0,0,0,0,0,0,0,0,0,0,0,0,0,0,0,0,0,0,0,0,0,0,0,0,0
354,0.0,0.0,24.433309555054,25.54238319397,0.0,0.0,0.0,0.0,0.0,2.6715846061707,1.1770912408829,-3.1404078006744,0.030051462352276,-0.0035889944992959,0.0071241655386984,1.6594092812738e-05,-0.085094332695007,3.5787750675809e-05,0.0,0.0,-0.068349368870258,-0.018500685691833,-0.071443982422352,0.089207157492638,0.0001305821351707,-0.068349368870258,0.0,0.0,0.0,21.221265792847,0.0071784169413149,1.5568512678146,0,0,0,0,0,0,0,0,0,0,0,0,0,0,0,0,0,0,0,0,0,0,0,0,0,0,0,0,0,0,0,0
355,0.0,0.0,25.293508529663,20.309289932251,0.0,0.0,0.0,0.0,0.0,2.6718561649323,1.2621859312057,-3.1401174068451,0.035899247974157,-0.00088569498620927,0.0018140921602026,1.8458847989677e-05,-0.085094451904297,3.6187142541166e-05,0.0,0.0,-0.070729933679104,-0.014874946326017,-0.056809686124325,0.091319769620895,0.00013835907157045,-0.070729933679104,0.0,0.0,0.0,21.22748374939,0.0073505770415068,1.5560674667358,0,0,0,0,0,0,0,0,0,0,0,0,0,0,0,0,0,0,0,0,0,0,0,0,0,0,0,0,0,0,0,0
356,0.0,0.0,25.964263916016,15.009092330933,0.0,0.0,0.0,0.0,0.0,2.6723392009735,1.3472796678543,-3.1396143436432,0.041336495429277,0.0019877532031387,-0.0038336971774697,2.0670016965596e-05,-0.085093662142754,3.6626086512115e-05,0.0,0.0,-0.072579212486744,-0.011565691791475,-0.041982885450125,0.09249297529459,0.00014120324340183,-0.072579212486744,0.0,0.0,0.0,21.230031967163,0.0075440239161253,1.5553077459335,0,0,0,0,0,0,0,0,0,0,0,0,0,0,0,0,0,0,0,0,0,0,0,0,0,0,0,0,0,0,0,0
357,0.0,0.0,26.451858520508,9.6605215072632,0.0,0.0,0.0,0.0,0.0,2.6734063625336,1.4323729276657,-3.1385264396667,0.046356320381165,0.0050153750926256,-0.0097810728475451,2.25438761845e-05,-0.085093088448048,3.7515135772992e-05,0.0,0.0,-0.073898136615753,-0.0083633670583367,-0.027011636644602,0.093339696526527,0.00014678121078759,-0.073898136615753,0.0,0.0,0.0,21.23681640625,0.0075069079175591,1.5545289516449,0,0,0,0,0,0,0,0,0,0,0,0,0,0,0,0,0,0,0,0,0,0,0,0,0,0,0,0,0,0,0,0
358,0.0,0.0,26.74829864502,4.2697916030884,0.0,0.0,0.0,0.0,0.0,2.6778721809387,1.5174649953842,-3.1340391635895,0.050930049270391,0.0081858551129699,-0.016012093052268,2.4798251615721e-05,-0.085092879831791,3.8154848880367e-05,0.0,0.0,-0.07466646283865,-0.0050240894779563,-0.011926976963878,0.094077885150909,0.0001497640623711,-0.07466646283865,0.0,0.0,0.0,21.238349914551,0.0072857914492488,1.5538697242737,0,0,0,0,0,0,0,0,0,0,0,0,0,0,0,0,0,0,0,0,0,0,0,0,0,0,0,0,0,0,0,0
359,0.0,0.0,26.830223083496,1.1203497648239,0.0,0.0,0.0,0.0,0.0,-0.48321568965912,1.539031624794,-0.011920039542019,0.055039964616299,0.011484426446259,-0.022490203380585,2.4297542040586e-05,-0.08509186655283,3.8139391108416e-05,0.0,0.0,-0.074841581285,-0.0012754877097905,0.0031770269852132,0.094068884849548,0.00015435184468515,-0.074841581285,0.0,0.0,0.0,21.250257492065,0.0072183441370726,1.5529314279556,0,0,0,0,0,0,0,0,0,0,0,0,0,0,0,0,0,0,0,0,0,0,0,0,0,0,0,0,0,0,0,0
360,0.0,0.0,26.721340179443,6.5227074623108,0.0,0.0,0.0,0.0,0.0,-0.47432726621628,1.4539415836334,-0.0030105130281299,0.058667037636042,0.014896841719747,-0.029196351766586,2.5122937586275e-05,-0.085091806948185,3.7253830669215e-05,0.0,0.0,-0.074460908770561,0.0020576606038958,0.018297484144568,0.094283893704414,0.00015731291205157,-0.074460908770561,0.0,0.0,0.0,21.239440917969,0.0068826163187623,1.5522170066833,0,0,0,0,0,0,0,0,0,0,0,0,0,0,0,0,0,0,0,0,0,0,0,0,0,0,0,0,0,0,0,0
361,0.0,0.0,26.38542175293,11.936370849609,0.0,0.0,0.0,0.0,0.0,-0.47293692827225,1.3688505887985,-0.0016000587493181,0.061793223023415,0.018409283831716,-0.036095507442951,2.436327849864e-05,-0.08509100228548,3.6085533793084e-05,0.0,0.0,-0.073467798531055,0.006022363435477,0.03341044485569,0.094482757151127,0.00015946837083902,-0.073467798531055,0.0,0.0,0.0,21.256917953491,0.0068818079307675,1.5520399808884,0,0,0,0,0,0,0,0,0,0,0,0,0,0,0,0,0,0,0,0,0,0,0,0,0,0,0,0,0,0,0,0
362,0.0,0.0,25.830898284912,17.282453536987,0.0,0.0,0.0,0.0,0.0,-0.47237405180931,1.2837597131729,-0.00101834081579,0.064406603574753,0.022006550803781,-0.043164514005184,2.5148579879897e-05,-0.085090965032578,3.4533004509285e-05,0.0,0.0,-0.071880079805851,0.0098388707265258,0.048362042754889,0.093305163085461,0.00016061107453424,-0.071880079805851,0.0,0.0,0.0,21.253938674927,0.0071985856629908,1.5514931678772,0,0,0,0,0,0,0,0,0,0,0,0,0,0,0,0,0,0,0,0,0,0,0,0,0,0,0,0,0,0,0,0
363,0.0,0.0,25.108951568604,22.564075469971,0.0,0.0,0.0,0.0,0.0,-0.47207179665565,1.1986691951752,-0.00069859303766862,0.066494829952717,0.025673633441329,-0.05036748200655,2.4667886464158e-05,-0.085090287029743,3.2962801924441e-05,0.0,0.0,-0.069791473448277,0.012761330232024,0.063138015568256,0.092181712388992,0.00016096209583338,-0.069791473448277,0.0,0.0,0.0,21.261110305786,0.0070577305741608,1.5507808923721,0,0,0,0,0,0,0,0,0,0,0,0,0,0,0,0,0,0,0,0,0,0,0,0,0,0,0,0,0,0,0,0
364,0.0,0.0,24.197412490845,27.750949859619,0.0,0.0,0.0,0.0,0.0,-0.47188344597816,1.1135790348053,-0.00049429788487032,0.068050116300583,0.029394822195172,-0.057678785175085,2.5395909688086e-05,-0.085090212523937,3.1119667255552e-05,0.0,0.0,-0.067175082862377,0.016069915145636,0.077671281993389,0.090529575943947,0.00016058933397289,-0.067175082862377,0.0,0.0,0.0,21.246725082397,0.007061256095767,1.5497018098831,0,0,0,0,0,0,0,0,0,0,0,0,0,0,0,0,0,0,0,0,0,0,0,0,0,0,0,0,0,0,0,0
365,0.0,0.0,23.108917236328,32.875240325928,0.0,0.0,0.0,0.0,0.0,-0.47175577282906,1.0284892320633,-0.00035220666904934,0.069064989686012,0.033154062926769,-0.065062381327152,2.5106864995905e-05,-0.085089616477489,2.9335902581806e-05,0.0,0.0,-0.064064808189869,0.01915717124939,0.092002838850021,0.089438892900944,0.00015933487156872,-0.064064808189869,0.0,0.0,0.0,21.232534408569,0.0070407427847385,1.5489211082458,0,0,0,0,0,0,0,0,0,0,0,0,0,0,0,0,0,0,0,0,0,0,0,0,0,0,0,0,0,0,0,0
366,0.0,0.0,21.853818893433,37.907077789307,0.0,0.0,0.0,0.0,0.0,-0.4716634452343,0.94339966773987,-0.00024706122349016,0.069537185132504,0.036935925483704,-0.072491697967052,2.5537397959852e-05,-0.085089392960072,2.7497237169882e-05,0.0,0.0,-0.060492776334286,0.022062676027417,0.10607494413853,0.08782684803009,0.00015708655701019,-0.060492776334286,0.0,0.0,0.0,21.242521286011,0.0070834346115589,1.5480955839157,0,0,0,0,0,0,0,0,0,0,0,0,0,0,0,0,0,0,0,0,0,0,0,0,0,0,0,0,0,0,0,0
367,0.0,0.0,20.420944213867,42.839881896973,0.0,0.0,0.0,0.0,0.0,-0.4715940952301,0.85831052064896,-0.0001664471346885,0.069460190832615,0.040722735226154,-0.079928874969482,2.5652811018517e-05,-0.085089042782784,2.5528564947308e-05,0.0,0.0,-0.056454479694366,0.025163168087602,0.11987189948559,0.086099423468113,0.0001547773135826,-0.056454479694366,0.0,0.0,0.0,21.23769569397,0.0076010683551431,1.5473177433014,0,0,0,0,0,0,0,0,0,0,0,0,0,0,0,0,0,0,0,0,0,0,0,0,0,0,0,0,0,0,0,0
368,0.0,0.0,18.871320724487,47.662780761719,0.0,0.0,0.0,0.0,0.0,-0.47153896093369,0.77322167158127,-0.00010197302617598,0.068838901817799,0.044500097632408,-0.087349273264408,2.622351894388e-05,-0.085088662803173,2.4360773750232e-05,0.0,0.0,-0.052067674696445,0.027196433395147,0.13337443768978,0.084183014929295,0.00015039795835037,-0.052067674696445,0.0,0.0,0.0,21.230157852173,0.0078563475981355,1.5461912155151,0,0,0,0,0,0,0,0,0,0,0,0,0,0,0,0,0,0,0,0,0,0,0,0,0,0,0,0,0,0,0,0
369,0.0,0.0,17.215034484863,52.405303955078,0.0,0.0,0.0,0.0,0.0,-0.47149410843849,0.6881331205368,-4.9676596972859e-05,0.067672960460186,0.04825247824192,-0.094718851149082,2.748022779997e-05,-0.085088491439819,2.1725823899033e-05,0.0,0.0,-0.047364812344313,0.029054775834084,0.14663441479206,0.082781121134758,0.00014711217954755,-0.047364812344313,0.0,0.0,0.0,21.205907821655,0.0077734333463013,1.5451381206512,0,0,0,0,0,0,0,0,0,0,0,0,0,0,0,0,0,0,0,0,0,0,0,0,0,0,0,0,0,0,0,0
370,0.0,0.0,15.432954788208,57.080905914307,0.0,0.0,0.0,0.0,0.0,-0.4714567065239,0.60304486751556,-5.9606300055748e-06,0.065968073904514,0.051959436386824,-0.10200038552284,2.6986037482857e-05,-0.0850879997015,2.1076451957924e-05,0.0,0.0,-0.042332366108894,0.031245043501258,0.15968044102192,0.081614308059216,0.00014190218644217,-0.042332366108894,0.0,0.0,0.0,21.213792800903,0.007814166136086,1.5444974899292,0,0,0,0,0,0,0,0,0,0,0,0,0,0,0,0,0,0,0,0,0,0,0,0,0,0,0,0,0,0,0,0
371,0.0,0.0,13.550454139709,61.663970947266,0.0,0.0,0.0,0.0,0.0,-0.4714241027832,0.51795697212219,3.081925024162e-05,0.063731476664543,0.055611465126276,-0.10917370021343,2.9491624445654e-05,-0.085087835788727,1.8357368389843e-05,0.0,0.0,-0.037027414888144,0.032992843538523,0.17247688770294,0.079999983310699,0.00013701351417694,-0.037027414888144,0.0,0.0,0.0,21.19762802124,0.007977744564414,1.5437053442001,0,0,0,0,0,0,0,0,0,0,0,0,0,0,0,0,0,0,0,0,0,0,0,0,0,0,0,0,0,0,0,0
372,0.0,0.0,11.585293769836,66.185302734375,0.0,0.0,0.0,0.0,0.0,-0.47139605879784,0.43286946415901,6.2741695728619e-05,0.060975797474384,0.059183288365602,-0.11619209498167,2.8697913876385e-05,-0.085087388753891,1.9274495571153e-05,0.0,0.0,-0.031496424227953,0.034428615123034,0.18508507311344,0.078923597931862,0.00013009231770411,-0.031496424227953,0.0,0.0,0.0,21.184885025024,0.0080469893291593,1.5430868864059,0,0,0,0,0,0,0,0,0,0,0,0,0,0,0,0,0,0,0,0,0,0,0,0,0,0,0,0,0,0,0,0
373,0.0,0.0,9.5540895462036,70.655914306641,0.0,0.0,0.0,0.0,0.0,-0.47137036919594,0.34778237342834,9.0347231889609e-05,0.057706974446774,0.062671288847923,-0.12304369360209,3.1148916605162e-05,-0.085086949169636,1.7183481759275e-05,0.0,0.0,-0.025782104581594,0.035574939101934,0.1975349932909,0.078039072453976,0.00012372931814753,-0.025782104581594,0.0,0.0,0.0,21.163782119751,0.0079497545957565,1.5426399707794,0,0,0,0,0,0,0,0,0,0,0,0,0,0,0,0,0,0,0,0,0,0,0,0,0,0,0,0,0,0,0,0
374,0.0,0.0,7.5013675689697,75.083541870117,0.0,0.0,0.0,0.0,0.0,-0.47134730219841,0.26269561052322,0.00011513858044054,0.053942978382111,0.06604803353548,-0.12968032062054,3.053624095628e-05,-0.085086651146412,1.8161188563681e-05,0.0,0.0,-0.01997434347868,0.035942949354649,0.20985171198845,0.077289499342442,0.00011619401630014,-0.01997434347868,0.0,0.0,0.0,21.143697738647,0.0072089191526175,1.5420769453049,0,0,0,0,0,0,0,0,0,0,0,0,0,0,0,0,0,0,0,0,0,0,0,0,0,0,0,0,0,0,0,0
375,0.0,0.0,5.3779439926147,79.445953369141,0.0,0.0,0.0,0.0,0.0,-0.47132498025894,0.17760932445526,0.00013732173829339,0.049697447568178,0.069311402738094,-0.1360926926136,3.3551292290213e-05,-0.085086077451706,1.6947644326137e-05,0.0,0.0,-0.01400753762573,0.037169396877289,0.22201238572598,0.076151460409164,0.00010866523371078,-0.01400753762573,0.0,0.0,0.0,21.128101348877,0.0070593375712633,1.5413436889648,0,0,0,0,0,0,0,0,0,0,0,0,0,0,0,0,0,0,0,0,0,0,0,0,0,0,0,0,0,0,0,0
376,0.0,0.0,3.2183265686035,83.781723022461,0.0,0.0,0.0,0.0,0.0,-0.47130435705185,0.09252343326807,0.00015788771270309,0.044992703944445,0.072435326874256,-0.14223469793797,3.2668674975866e-05,-0.085085809230804,1.8190310584032e-05,0.0,0.0,-0.0079530961811543,0.037792276591063,0.23409402370453,0.075687229633331,9.9841076007579e-05,-0.0079530961811543,0.0,0.0,0.0,21.099899291992,0.006957646459341,1.5406950712204,0,0,0,0,0,0,0,0,0,0,0,0,0,0,0,0,0,0,0,0,0,0,0,0,0,0,0,0,0,0,0,0
377,0.0,0.0,1.0379393100739,88.085906982422,0.0,0.0,0.0,0.0,0.0,-0.4712837934494,0.0074381115846336,0.00017673044931144,0.039843570441008,0.075419150292873,-0.14809918403625,3.5839580959873e-05,-0.085085049271584,1.7674903574516e-05,0.0,0.0,-0.0018515032716095,0.038146235048771,0.24610315263271,0.075135886669159,9.129707905231e-05,-0.0018515032716095,0.0,0.0,0.0,21.077772140503,0.0069948360323906,1.5398411750793,0,0,0,0,0,0,0,0,0,0,0,0,0,0,0,0,0,0,0,0,0,0,0,0,0,0,0,0,0,0,0,0
378,0.0,0.0,1.1452091932297,92.418327331543,0.0,0.0,0.0,0.0,0.0,-0.47126469016075,-0.077646777033806,0.00019474883447401,0.034279100596905,0.078236721456051,-0.15364183485508,3.4361539292149e-05,-0.085084825754166,1.9188935766579e-05,0.0,0.0,0.0042530056089163,0.038184609264135,0.25815266370773,0.075628966093063,8.1482452515047e-05,0.0042530056089163,0.0,0.0,0.0,21.058185577393,0.0067102760076523,1.5394732952118,0,0,0,0,0,0,0,0,0,0,0,0,0,0,0,0,0,0,0,0,0,0,0,0,0,0,0,0,0,0,0,0
379,0.0,0.0,3.3352451324463,96.74422454834,0.0,0.0,0.0,0.0,0.0,-0.47124534845352,-0.1627309769392,0.00021158346498851,0.02831400372088,0.080890350043774,-0.15885843336582,3.7581638025586e-05,-0.085083819925785,1.9152566892444e-05,0.0,0.0,0.010352876968682,0.038295656442642,0.2701997756958,0.07551483809948,7.2314076533075e-05,0.010352876968682,0.0,0.0,0.0,21.031892776489,0.0067383293062449,1.5389856100082,0,0,0,0,0,0,0,0,0,0,0,0,0,0,0,0,0,0,0,0,0,0,0,0,0,0,0,0,0,0,0,0
380,0.0,0.0,5.5028214454651,101.10877990723,0.0,0.0,0.0,0.0,0.0,-0.47122752666473,-0.2478147149086,0.0002282568893861,0.021985625848174,0.083353124558926,-0.16370695829391,3.5313190892339e-05,-0.085083723068237,2.0872361346846e-05,0.0,0.0,0.016385085880756,0.037893041968346,0.28233313560486,0.076189644634724,6.1703467508778e-05,0.016385085880756,0.0,0.0,0.0,21.006916046143,0.0065626227296889,1.5387507677078,0,0,0,0,0,0,0,0,0,0,0,0,0,0,0,0,0,0,0,0,0,0,0,0,0,0,0,0,0,0,0,0
381,0.0,0.0,7.6438059806824,105.48039245605,0.0,0.0,0.0,0.0,0.0,-0.47120946645737,-0.33289760351181,0.00024405398289673,0.015306118875742,0.085631638765335,-0.16818641126156,3.8508191209985e-05,-0.085082411766052,2.1009991542087e-05,0.0,0.0,0.022328324615955,0.037419218569994,0.29451504349709,0.076312072575092,5.1986145990668e-05,0.022328324615955,0.0,0.0,0.0,20.989723205566,0.0066598630510271,1.5381509065628,0,0,0,0,0,0,0,0,0,0,0,0,0,0,0,0,0,0,0,0,0,0,0,0,0,0,0,0,0,0,0,0
382,0.0,0.0,9.7671451568604,109.92121887207,0.0,0.0,0.0,0.0,0.0,-0.47119334340096,-0.41798004508018,0.0002603706670925,0.0083228908479214,0.087697483599186,-0.17225816845894,3.5277025745017e-05,-0.0850825086236,2.2816728233011e-05,0.0,0.0,0.028182512149215,0.037100024521351,0.30686035752296,0.077520057559013,4.0764713048702e-05,0.028182512149215,0.0,0.0,0.0,20.964586257935,0.0069918832741678,1.5381245613098,0,0,0,0,0,0,0,0,0,0,0,0,0,0,0,0,0,0,0,0,0,0,0,0,0,0,0,0,0,0,0,0
383,0.0,0.0,11.784687995911,114.41830444336,0.0,0.0,0.0,0.0,0.0,-0.4711771607399,-0.5030614733696,0.00027602692716755,0.0010426521766931,0.089562401175499,-0.17592372000217,3.837749682134e-05,-0.085080809891224,2.2820126105216e-05,0.0,0.0,0.033788323402405,0.035243447870016,0.31936046481133,0.078500896692276,3.0683258955833e-05,0.033788323402405,0.0,0.0,0.0,20.948535919189,0.006567470729351,1.537731051445,0,0,0,0,0,0,0,0,0,0,0,0,0,0,0,0,0,0,0,0,0,0,0,0,0,0,0,0,0,0,0,0
384,0.0,0.0,13.753018379211,118.98776245117,0.0,0.0,0.0,0.0,0.0,-0.47116386890411,-0.58814251422882,0.00029312624246813,-0.0064753293991089,0.09119613468647,-0.17914964258671,3.404482777114e-05,-0.085081219673157,2.4570377718192e-05,0.0,0.0,0.039223156869411,0.03437289968133,0.33205288648605,0.079763986170292,1.9053199139307e-05,0.039223156869411,0.0,0.0,0.0,20.913070678711,0.0064543578773737,1.5375769138336,0,0,0,0,0,0,0,0,0,0,0,0,0,0,0,0,0,0,0,0,0,0,0,0,0,0,0,0,0,0,0,0
385,0.0,0.0,15.638382911682,123.63847351074,0.0,0.0,0.0,0.0,0.0,-0.47115105390549,-0.67322236299515,0.00030993009568192,-0.01423249207437,0.0926159247756,-0.18193838000298,3.7026988138678e-05,-0.085079066455364,2.4185936126742e-05,0.0,0.0,0.044416330754757,0.032914612442255,0.34496250748634,0.081180348992348,8.7879870989127e-06,0.044416330754757,0.0,0.0,0.0,20.88226890564,0.0063493582420051,1.5375000238419,0,0,0,0,0,0,0,0,0,0,0,0,0,0,0,0,0,0,0,0,0,0,0,0,0,0,0,0,0,0,0,0
386,0.0,0.0,17.411294937134,128.40412902832,0.0,0.0,0.0,0.0,0.0,-0.47114279866219,-0.7583019733429,0.000329744303599,-0.022156238555908,0.093789868056774,-0.18426404893398,3.152214048896e-05,-0.08507989346981,2.5728626496857e-05,0.0,0.0,0.049303647130728,0.030940176919103,0.35815343260765,0.083186537027359,-2.9832244763384e-06,0.049303647130728,0.0,0.0,0.0,20.864128112793,0.0058542033657432,1.5377976894379,0,0,0,0,0,0,0,0,0,0,0,0,0,0,0,0,0,0,0,0,0,0,0,0,0,0,0,0,0,0,0,0
387,0.0,0.0,19.098617553711,133.23916625977,0.0,0.0,0.0,0.0,0.0,-0.47113633155823,-0.84338015317917,0.00035026320256293,-0.03025840036571,0.094740360975266,-0.18612787127495,3.4437303838786e-05,-0.08507727086544,2.479093382135e-05,0.0,0.0,0.053913988173008,0.029436018317938,0.37155705690384,0.084395475685596,-1.332162264589e-05,0.053913988173008,0.0,0.0,0.0,20.850582122803,0.0059652142226696,1.537918806076,0,0,0,0,0,0,0,0,0,0,0,0,0,0,0,0,0,0,0,0,0,0,0,0,0,0,0,0,0,0,0,0
388,0.0,0.0,20.667778015137,138.18334960938,0.0,0.0,0.0,0.0,0.0,-0.47113770246506,-0.9284582734108,0.00037695220089518,-0.03845227509737,0.095434680581093,-0.1875141710043,2.7759169825003e-05,-0.085078604519367,2.6003106540884e-05,0.0,0.0,0.05817873030901,0.027362022548914,0.38524085283279,0.086299955844879,-2.4986582502606e-05,0.05817873030901,0.0,0.0,0.0,20.823472976685,0.006182967685163,1.5382801294327,0,0,0,0,0,0,0,0,0,0,0,0,0,0,0,0,0,0,0,0,0,0,0,0,0,0,0,0,0,0,0,0
389,0.0,0.0,22.07794380188,143.19660949707,0.0,0.0,0.0,0.0,0.0,-0.47114416956902,-1.0135349035263,0.0004073173913639,-0.046761225908995,0.095899470150471,-0.18842053413391,3.0765142582823e-05,-0.085075527429581,2.4431601559627e-05,0.0,0.0,0.062016543000937,0.024576753377914,0.39914089441299,0.087503351271152,-3.5287048376631e-05,0.062016543000937,0.0,0.0,0.0,20.806451797485,0.006268756929785,1.5380921363831,0,0,0,0,0,0,0,0,0,0,0,0,0,0,0,0,0,0,0,0,0,0,0,0,0,0,0,0,0,0,0,0
390,0.0,0.0,23.334329605103,148.34075927734,0.0,0.0,0.0,0.0,0.0,-0.47116628289223,-1.0986115932465,0.00045160020818003,-0.055085476487875,0.096102505922318,-0.18884429335594,2.295976082678e-05,-0.085077412426472,2.5247480152757e-05,0.0,0.0,0.065420523285866,0.021881440654397,0.41335421800613,0.089787401258945,-4.662951323553e-05,0.065420523285866,0.0,0.0,0.0,20.792610168457,0.0062429644167423,1.5384429693222,0,0,0,0,0,0,0,0,0,0,0,0,0,0,0,0,0,0,0,0,0,0,0,0,0,0,0,0,0,0,0,0
391,0.0,0.0,24.43455696106,153.55308532715,0.0,0.0,0.0,0.0,0.0,-0.47120437026024,-1.1836868524551,0.00051017809892073,-0.063459642231464,0.096073135733604,-0.18877701461315,2.6169793272857e-05,-0.08507401496172,2.318686711078e-05,0.0,0.0,0.068374432623386,0.019145721569657,0.42777305841446,0.090974949300289,-5.685670839739e-05,0.068374432623386,0.0,0.0,0.0,20.777675628662,0.0065352260135114,1.5384687185287,0,0,0,0,0,0,0,0,0,0,0,0,0,0,0,0,0,0,0,0,0,0,0,0,0,0,0,0,0,0,0,0
392,0.0,0.0,25.344060897827,158.84239196777,0.0,0.0,0.0,0.0,0.0,-0.4712849855423,-1.2687623500824,0.00060967524768785,-0.071772404015064,0.095781333744526,-0.18823112547398,1.7396860130248e-05,-0.085076384246349,2.3665448679822e-05,0.0,0.0,0.070809818804264,0.015806192532182,0.44240003824234,0.092317752540112,-6.7636989115272e-05,0.070809818804264,0.0,0.0,0.0,20.74220085144,0.0066719641909003,1.5383442640305,0,0,0,0,0,0,0,0,0,0,0,0,0,0,0,0,0,0,0,0,0,0,0,0,0,0,0,0,0,0,0,0
393,0.0,0.0,26.01538848877,164.24476623535,0.0,0.0,0.0,0.0,0.0,-0.47143831849098,-1.3538364171982,0.00078009389108047,-0.080068692564964,0.095257788896561,-0.18719047307968,2.0997313185944e-05,-0.085072845220566,2.1256217223709e-05,0.0,0.0,0.072638519108295,0.01163904927671,0.45728084445,0.094288140535355,-7.7840981248301e-05,0.072638519108295,0.0,0.0,0.0,20.706716537476,0.0059005259536207,1.5387510061264,0,0,0,0,0,0,0,0,0,0,0,0,0,0,0,0,0,0,0,0,0,0,0,0,0,0,0,0,0,0,0,0
394,0.0,0.0,26.533233642578,169.66053771973,0.0,0.0,0.0,0.0,0.0,-0.47183731198311,-1.4389109611511,0.0011949038598686,-0.088227868080139,0.09447630494833,-0.18568442761898,1.1566723514989e-05,-0.085075557231903,2.1602145352517e-05,0.0,0.0,0.073989398777485,0.0089502166956663,0.4722373187542,0.094521425664425,-8.7865555542521e-05,0.073989398777485,0.0,0.0,0.0,20.694841384888,0.0060229375958443,1.538614988327,0,0,0,0,0,0,0,0,0,0,0,0,0,0,0,0,0,0,0,0,0,0,0,0,0,0,0,0,0,0,0,0
395,0.0,0.0,26.810579299927,175.15049743652,0.0,0.0,0.0,0.0,0.0,-0.47372150421143,-1.5239841938019,0.0030931136570871,-0.096303313970566,0.093466892838478,-0.18368721008301,1.5640647688997e-05,-0.085072189569473,1.8836932213162e-05,0.0,0.0,0.074715696275234,0.0047425152733922,0.48734799027443,0.095813296735287,-9.8082862677984e-05,0.074715696275234,0.0,0.0,0.0,20.687566757202,0.0055058714933693,1.53899538517,0,0,0,0,0,0,0,0,0,0,0,0,0,0,0,0,0,0,0,0,0,0,0,0,0,0,0,0,0,0,0,0
396,0.0,0.0,26.910619735718,179.33393859863,0.0,0.0,0.0,0.0,0.0,2.6745238304138,-1.5325338840485,3.138046503067,-0.10417065024376,0.092209048569202,-0.18124610185623,5.9175636124564e-06,-0.085074961185455,1.9632703697425e-05,0.0,0.0,0.074917264282703,0.0016388960648328,-0.49748703837395,0.096259400248528,-0.0001071581573342,0.074917264282703,0.0,0.0,0.0,20.672241210938,0.005589238833636,1.5395177602768,0,0,0,0,0,0,0,0,0,0,0,0,0,0,0,0,0,0,0,0,0,0,0,0,0,0,0,0,0,0,0,0
397,0.0,0.0,26.800401687622,173.84994506836,0.0,0.0,0.0,0.0,0.0,2.6720080375671,-1.4474611282349,3.1405742168427,-0.11188554763794,0.090730503201485,-0.17832632362843,1.0548576938163e-05,-0.085072033107281,1.6604290067335e-05,0.0,0.0,0.074540495872498,-0.002040846273303,-0.48238211870193,0.095705091953278,-0.00011716600420186,0.074540495872498,0.0,0.0,0.0,20.663053512573,0.0057037607766688,1.5395661592484,0,0,0,0,0,0,0,0,0,0,0,0,0,0,0,0,0,0,0,0,0,0,0,0,0,0,0,0,0,0,0,0
398,0.0,0.0,26.482376098633,168.34002685547,0.0,0.0,0.0,0.0,0.0,2.671573638916,-1.3623874187469,3.1410205364227,-0.11932738870382,0.089017629623413,-0.17499044537544,8.4558666912926e-07,-0.085074581205845,1.8288465071237e-05,0.0,0.0,0.073592104017735,-0.0056755635887384,-0.46726661920547,0.096156552433968,-0.00012496624549385,0.073592104017735,0.0,0.0,0.0,20.641012191772,0.0059155421331525,1.5403473377228,0,0,0,0,0,0,0,0,0,0,0,0,0,0,0,0,0,0,0,0,0,0,0,0,0,0,0,0,0,0,0,0
399,0.0,0.0,25.959720611572,162.87939453125,0.0,0.0,0.0,0.0,0.0,2.6713936328888,-1.2773141860962,3.141211271286,-0.12654754519463,0.08709491789341,-0.17119851708412,5.8618466027838e-06,-0.085072576999664,1.5115384485398e-05,0.0,0.0,0.072082422673702,-0.0092573454603553,-0.45228114724159,0.095293752849102,-0.0001353006955469,0.072082422673702,0.0,0.0,0.0,20.622016906738,0.0061816405504942,1.5409945249557,0,0,0,0,0,0,0,0,0,0,0,0,0,0,0,0,0,0,0,0,0,0,0,0,0,0,0,0,0,0,0,0
400,0.0,0.0,25.217958450317,157.49140930176,0.0,0.0,0.0,0.0,0.0,2.6713085174561,-1.192240357399,3.1413090229034,-0.13343745470047,0.084956675767899,-0.16702365875244,-3.2203779483098e-06,-0.085074350237846,1.8345701391809e-05,0.0,0.0,0.069995515048504,-0.013087233528495,-0.43748179078102,0.094024196267128,-0.00014104136789683,0.069995515048504,0.0,0.0,0.0,20.611444473267,0.0061105922795832,1.5414763689041,0,0,0,0,0,0,0,0,0,0,0,0,0,0,0,0,0,0,0,0,0,0,0,0,0,0,0,0,0,0,0,0
401,0.0,0.0,24.285043716431,152.16633605957,0.0,0.0,0.0,0.0,0.0,2.6712560653687,-1.1071665287018,3.1413731575012,-0.14003731310368,0.082622371613979,-0.16242581605911,1.6894434793358e-06,-0.085073813796043,1.4968157302064e-05,0.0,0.0,0.067386753857136,-0.016434164717793,-0.42286750674248,0.092924170196056,-0.00015173881547526,0.067386753857136,0.0,0.0,0.0,20.600618362427,0.0060807005502284,1.5421426296234,0,0,0,0,0,0,0,0,0,0,0,0,0,0,0,0,0,0,0,0,0,0,0,0,0,0,0,0,0,0,0,0
402,0.0,0.0,23.202482223511,146.92604064941,0.0,0.0,0.0,0.0,0.0,2.6712281703949,-1.0220922231674,3.1414158344269,-0.14625768363476,0.080096311867237,-0.15748167037964,-5.8777013691724e-06,-0.085074253380299,2.0096664229641e-05,0.0,0.0,0.064335621893406,-0.019049821421504,-0.4084849357605,0.091442070901394,-0.00015555220306851,0.064335621893406,0.0,0.0,0.0,20.597194671631,0.0065998150967062,1.5426959991455,0,0,0,0,0,0,0,0,0,0,0,0,0,0,0,0,0,0,0,0,0,0,0,0,0,0,0,0,0,0,0,0
403,0.0,0.0,21.923189163208,141.7625579834,0.0,0.0,0.0,0.0,0.0,2.6712081432343,-0.93701875209808,3.1414511203766,-0.15211540460587,0.077385514974594,-0.15214513242245,-7.0589220513284e-07,-0.085073225200176,1.7984015357797e-05,0.0,0.0,0.060779433697462,-0.022489577531815,-0.39432895183563,0.090098805725574,-0.00016168027650565,0.060779433697462,0.0,0.0,0.0,20.583633422852,0.0067258607596159,1.5436178445816,0,0,0,0,0,0,0,0,0,0,0,0,0,0,0,0,0,0,0,0,0,0,0,0,0,0,0,0,0,0,0,0
404,0.0,0.0,20.46727180481,136.70722961426,0.0,0.0,0.0,0.0,0.0,2.6712007522583,-0.85194486379623,3.1414797306061,-0.15756160020828,0.074518226087093,-0.14653240144253,-8.7795388026279e-06,-0.085074841976166,2.3309692551265e-05,0.0,0.0,0.056763976812363,-0.025579752400517,-0.38045364618301,0.08821064978838,-0.00016922372742556,0.056763976812363,0.0,0.0,0.0,20.565172195435,0.0064768376760185,1.5445019006729,0,0,0,0,0,0,0,0,0,0,0,0,0,0,0,0,0,0,0,0,0,0,0,0,0,0,0,0,0,0,0,0
405,0.0,0.0,18.885442733765,131.75819396973,0.0,0.0,0.0,0.0,0.0,2.6711981296539,-0.76687002182007,3.141505241394,-0.16259217262268,0.071501716971397,-0.14059802889824,-5.9029607655248e-06,-0.085074655711651,2.4181750632124e-05,0.0,0.0,0.052386034280062,-0.027786059305072,-0.36685672402382,0.086354628205299,-0.00017791286518332,0.052386034280062,0.0,0.0,0.0,20.569990158081,0.0064579118043184,1.5452054738998,0,0,0,0,0,0,0,0,0,0,0,0,0,0,0,0,0,0,0,0,0,0,0,0,0,0,0,0,0,0,0,0
406,0.0,0.0,17.174470901489,126.93321990967,0.0,0.0,0.0,0.0,0.0,2.6711966991425,-0.68179434537888,3.1415297985077,-0.1671601831913,0.06833216547966,-0.13436767458916,-3.2948980788206e-06,-0.085074670612812,2.3630682335352e-05,0.0,0.0,0.047657337039709,-0.030040668323636,-0.35356464982033,0.084185518324375,-0.00017858632782008,0.047657337039709,0.0,0.0,0.0,20.561532974243,0.0062478827312589,1.5455029010773,0,0,0,0,0,0,0,0,0,0,0,0,0,0,0,0,0,0,0,0,0,0,0,0,0,0,0,0,0,0,0,0
407,0.0,0.0,15.369229316711,122.1540222168,0.0,0.0,0.0,0.0,0.0,2.6711959838867,-0.59671920537949,3.1415579319,-0.17128439247608,0.065037950873375,-0.12789280712605,-5.0171724979009e-06,-0.085075728595257,2.9138353056624e-05,0.0,0.0,0.042649291455746,-0.031689237803221,-0.34044519066811,0.083384454250336,-0.00018182933854405,0.042649291455746,0.0,0.0,0.0,20.561254501343,0.0066145756281912,1.5464046001434,0,0,0,0,0,0,0,0,0,0,0,0,0,0,0,0,0,0,0,0,0,0,0,0,0,0,0,0,0,0,0,0
408,0.0,0.0,13.477283477783,117.48641967773,0.0,0.0,0.0,0.0,0.0,2.6711988449097,-0.51164257526398,3.1415858268738,-0.17491194605827,0.061624977737665,-0.1211875975132,-4.8016431719589e-06,-0.085076861083508,3.1140512874117e-05,0.0,0.0,0.037390127778053,-0.033207159489393,-0.32759681344032,0.0814358741045,-0.00018647820979822,0.037390127778053,0.0,0.0,0.0,20.545385360718,0.0069945999421179,1.5468097925186,0,0,0,0,0,0,0,0,0,0,0,0,0,0,0,0,0,0,0,0,0,0,0,0,0,0,0,0,0,0,0,0
409,0.0,0.0,11.456762313843,112.87523651123,0.0,0.0,0.0,0.0,0.0,2.6712129116058,-0.42608088254929,-3.1413099765778,-0.18149757385254,0.058861739933491,-0.11562883108854,-2.0980729459552e-05,-0.085641108453274,0.00021446829487104,0.0,0.0,0.031784668564796,-0.035593613982201,-0.31489333510399,0.080497868359089,-0.00032885788823478,0.031784668564796,0.0,0.0,0.0,20.534547805786,0.0069522350095212,1.5474561452866,0,0,0,0,0,0,0,0,0,0,0,0,0,0,0,0,0,0,0,0,0,0,0,0,0,0,0,0,0,0,0,0
410,0.0,0.0,9.3400802612305,108.32243347168,0.0,0.0,0.0,0.0,0.0,2.6712741851807,-0.33997333049774,-3.1410727500916,-0.18846379220486,0.055832844227552,-0.10983037948608,-2.6450981749804e-05,-0.086244136095047,0.00020402479276527,0.0,0.0,0.025922292843461,-0.037337560206652,-0.30232366919518,0.07947700470686,-0.0003944858617615,0.025922292843461,0.0,0.0,0.0,20.532217025757,0.0064675700850785,1.547919511795,0,0,0,0,0,0,0,0,0,0,0,0,0,0,0,0,0,0,0,0,0,0,0,0,0,0,0,0,0,0,0,0
411,0.0,0.0,7.1621694564819,103.77198028564,0.0,0.0,0.0,0.0,0.0,2.6713488101959,-0.25325950980186,-3.1409275531769,-0.19524663686752,0.052571821957827,-0.10356154292822,-2.5499350158498e-05,-0.086878232657909,0.00016088769189082,0.0,0.0,0.01988523080945,-0.038384135812521,-0.28978109359741,0.079421527683735,-0.00037243065889925,0.01988523080945,0.0,0.0,0.0,20.527721405029,0.0062321298755705,1.5486341714859,0,0,0,0,0,0,0,0,0,0,0,0,0,0,0,0,0,0,0,0,0,0,0,0,0,0,0,0,0,0,0,0
412,0.0,0.0,4.9197163581848,99.20426940918,0.0,0.0,0.0,0.0,0.0,2.6714191436768,-0.16590900719166,-3.1408302783966,-0.20167139172554,0.049050774425268,-0.09671576321125,-5.9016124396294e-06,-0.08752378821373,0.000126457089209,0.0,0.0,0.013680494390428,-0.039475332945585,-0.27721935510635,0.079706564545631,-0.00033714403980412,0.013680494390428,0.0,0.0,0.0,20.512001037598,0.0061059216968715,1.5498042106628,0,0,0,0,0,0,0,0,0,0,0,0,0,0,0,0,0,0,0,0,0,0,0,0,0,0,0,0,0,0,0,0
413,0.0,0.0,2.6318905353546,94.65828704834,0.0,0.0,0.0,0.0,0.0,2.6714861392975,-0.07790357619524,-3.1407518386841,-0.20759676396847,0.045266188681126,-0.089362390339375,2.9142902349122e-06,-0.088182546198368,9.5983436040115e-05,0.0,0.0,0.0073497854173183,-0.040239449590445,-0.26468789577484,0.079317092895508,-0.00030935165705159,0.0073497854173183,0.0,0.0,0.0,20.513263702393,0.0058015827089548,1.5505670309067,0,0,0,0,0,0,0,0,0,0,0,0,0,0,0,0,0,0,0,0,0,0,0,0,0,0,0,0,0,0,0,0
414,0.0,0.0,0.32501205801964,90.098266601562,0.0,0.0,0.0,0.0,0.0,2.6715457439423,0.010762272402644,-3.1406745910645,-0.21294586360455,0.041204590350389,-0.081409052014351,1.709594289423e-05,-0.088839076459408,8.6744585132692e-05,0.0,0.0,0.00095097842859104,-0.040543481707573,-0.25211262702942,0.079551473259926,-0.0002808578137774,0.00095097842859104,0.0,0.0,0.0,20.494318008423,0.0056938254274428,1.5511558055878,0,0,0,0,0,0,0,0,0,0,0,0,0,0,0,0,0,0,0,0,0,0,0,0,0,0,0,0,0,0,0,0
415,0.0,0.0,2.0032689571381,85.539115905762,0.0,0.0,0.0,0.0,0.0,2.6716094017029,0.10009305179119,-3.1405909061432,-0.21762888133526,0.036877226084471,-0.072960808873177,1.5094176887942e-05,-0.089498683810234,7.5593510700855e-05,0.0,0.0,-0.0055066454224288,-0.040894139558077,-0.239501491189,0.079532332718372,-0.00025797256967053,-0.0055066454224288,0.0,0.0,0.0,20.485860824585,0.0052928193472326,1.5512447357178,0,0,0,0,0,0,0,0,0,0,0,0,0,0,0,0,0,0,0,0,0,0,0,0,0,0,0,0,0,0,0,0
416,0.0,0.0,4.3230295181274,80.875350952148,0.0,0.0,0.0,0.0,0.0,2.6716749668121,0.19008608162403,-3.140496969223,-0.22159299254417,0.032297398895025,-0.063995458185673,2.6979558242601e-05,-0.090157464146614,7.0760106609669e-05,0.0,0.0,-0.011958449147642,-0.040733870118856,-0.22666445374489,0.081357032060623,-0.00024641255731694,-0.011958449147642,0.0,0.0,0.0,20.476415634155,0.0055344006977975,1.5521302223206,0,0,0,0,0,0,0,0,0,0,0,0,0,0,0,0,0,0,0,0,0,0,0,0,0,0,0,0,0,0,0,0
417,0.0,0.0,6.6397733688354,76.153701782227,0.0,0.0,0.0,0.0,0.0,2.6717536449432,0.28074264526367,-3.1403851509094,-0.22479873895645,0.0275041423738,-0.054621893912554,2.0567569663399e-05,-0.090815216302872,6.5081469074357e-05,0.0,0.0,-0.01839704439044,-0.040665030479431,-0.2136599868536,0.082365840673447,-0.00023022195091471,-0.01839704439044,0.0,0.0,0.0,20.480926513672,0.0055960603058338,1.5530031919479,0,0,0,0,0,0,0,0,0,0,0,0,0,0,0,0,0,0,0,0,0,0,0,0,0,0,0,0,0,0,0,0
418,0.0,0.0,8.9099721908569,71.36865234375,0.0,0.0,0.0,0.0,0.0,2.6718428134918,0.37205842137337,-3.1402547359467,-0.22720055282116,0.02250486984849,-0.044834889471531,3.2289648515871e-05,-0.091472774744034,6.3205676269718e-05,0.0,0.0,-0.024733232334256,-0.039845369756222,-0.20046091079712,0.083472438156605,-0.00022292295761872,-0.024733232334256,0.0,0.0,0.0,20.491384506226,0.0058096451684833,1.5535037517548,0,0,0,0,0,0,0,0,0,0,0,0,0,0,0,0,0,0,0,0,0,0,0,0,0,0,0,0,0,0,0,0
419,0.0,0.0,11.159892082214,66.463638305664,0.0,0.0,0.0,0.0,0.0,2.6719536781311,0.46403622627258,-3.1400997638702,-0.22876669466496,0.017345512285829,-0.034741662442684,2.5000806999742e-05,-0.092128843069077,5.6897937611211e-05,0.0,0.0,-0.030989268794656,-0.039474580436945,-0.18695636093616,0.085565194487572,-0.00020607297483366,-0.030989268794656,0.0,0.0,0.0,20.477840423584,0.0057880766689777,1.5545867681503,0,0,0,0,0,0,0,0,0,0,0,0,0,0,0,0,0,0,0,0,0,0,0,0,0,0,0,0,0,0,0,0
420,0.0,0.0,13.339653968811,61.520698547363,0.0,0.0,0.0,0.0,0.0,2.672082901001,0.55667370557785,-3.139919757843,-0.22943998873234,0.012026445008814,-0.024339182302356,3.9882255805423e-05,-0.092788048088551,5.1315681048436e-05,0.0,0.0,-0.037064485251904,-0.038241345435381,-0.17326326668262,0.086227960884571,-0.00019732887449209,-0.037064485251904,0.0,0.0,0.0,20.480218887329,0.0053222337737679,1.5545006990433,0,0,0,0,0,0,0,0,0,0,0,0,0,0,0,0,0,0,0,0,0,0,0,0,0,0,0,0,0,0,0,0
421,0.0,0.0,15.424292564392,56.382526397705,0.0,0.0,0.0,0.0,0.0,2.6722440719604,0.64997053146362,-3.1397035121918,-0.22921384871006,0.0066001694649458,-0.013717302121222,3.8374775613192e-05,-0.093437552452087,4.6566150558647e-05,0.0,0.0,-0.042894668877125,-0.036561585962772,-0.15910549461842,0.089631237089634,-0.00017776848108042,-0.042894668877125,0.0,0.0,0.0,20.479351043701,0.0054944436997175,1.5554282665253,0,0,0,0,0,0,0,0,0,0,0,0,0,0,0,0,0,0,0,0,0,0,0,0,0,0,0,0,0,0,0,0
422,0.0,0.0,17.410697937012,51.121227264404,0.0,0.0,0.0,0.0,0.0,2.6724443435669,0.74392473697662,-3.1394491195679,-0.22804881632328,0.0010907332180068,-0.0029307205695659,4.4381973566487e-05,-0.094098508358002,4.2829829908442e-05,0.0,0.0,-0.048451334238052,-0.034830167889595,-0.14458495378494,0.091781683266163,-0.00016086507821456,-0.048451334238052,0.0,0.0,0.0,20.482248306274,0.0054150964133441,1.5561701059341,0,0,0,0,0,0,0,0,0,0,0,0,0,0,0,0,0,0,0,0,0,0,0,0,0,0,0,0,0,0,0,0
423,0.0,0.0,19.271255493164,45.718215942383,0.0,0.0,0.0,0.0,0.0,2.672703742981,0.83853590488434,-3.1391348838806,-0.22593599557877,-0.0044777751900256,0.0079742269590497,4.8788751882967e-05,-0.094745069742203,4.2355331970612e-05,0.0,0.0,-0.053663399070501,-0.032610766589642,-0.12965856492519,0.094251781702042,-0.00013789685908705,-0.053663399070501,0.0,0.0,0.0,20.47723197937,0.0052382377907634,1.5567967891693,0,0,0,0,0,0,0,0,0,0,0,0,0,0,0,0,0,0,0,0,0,0,0,0,0,0,0,0,0,0,0,0
424,0.0,0.0,20.950576782227,40.156532287598,0.0,0.0,0.0,0.0,0.0,2.6730453968048,0.93380302190781,-3.1387445926666,-0.22281716763973,-0.010049323551357,0.01888676546514,4.9853468226502e-05,-0.095405153930187,3.8662954466417e-05,0.0,0.0,-0.058413580060005,-0.029425537213683,-0.11428642272949,0.097022727131844,-0.00011586054461077,-0.058413580060005,0.0,0.0,0.0,20.480945587158,0.0055518113076687,1.557285785675,0,0,0,0,0,0,0,0,0,0,0,0,0,0,0,0,0,0,0,0,0,0,0,0,0,0,0,0,0,0,0,0
425,0.0,0.0,22.438491821289,34.446403503418,0.0,0.0,0.0,0.0,0.0,2.6734302043915,1.0292870998383,-3.1385748386383,-0.21597974002361,-0.015151747502387,0.028396535664797,7.4921001214534e-05,-0.095513910055161,-0.00020309620595071,0.0,0.0,-0.06265913695097,-0.026288162916899,-0.098490014672279,0.09966316819191,-0.00031915280851535,-0.06265913695097,0.0,0.0,0.0,20.476766586304,0.0056105721741915,1.5580738782883,0,0,0,0,0,0,0,0,0,0,0,0,0,0,0,0,0,0,0,0,0,0,0,0,0,0,0,0,0,0,0,0
426,0.0,0.0,23.703821182251,28.655090332031,0.0,0.0,0.0,0.0,0.0,2.6739058494568,1.1248401403427,-3.1383707523346,-0.20752391219139,-0.019403791055083,0.036933086812496,8.5709885752294e-05,-0.095566421747208,-0.00020293817215133,0.0,0.0,-0.066323965787888,-0.022546023130417,-0.082402221858501,0.10113497823477,-0.00046183686936274,-0.066323965787888,0.0,0.0,0.0,20.486530303955,0.005612610373646,1.558255314827,0,0,0,0,0,0,0,0,0,0,0,0,0,0,0,0,0,0,0,0,0,0,0,0,0,0,0,0,0,0,0,0
427,0.0,0.0,24.728773117065,22.758821487427,0.0,0.0,0.0,0.0,0.0,2.674592256546,1.2204159498215,-3.1378717422485,-0.19825646281242,-0.023171139881015,0.044714406132698,6.701382517349e-05,-0.095579631626606,-0.00010079113417305,0.0,0.0,-0.069349907338619,-0.018330227583647,-0.066007480025291,0.10293363779783,-0.00044144634739496,-0.069349907338619,0.0,0.0,0.0,20.487339019775,0.0060180760920048,1.5583041906357,0,0,0,0,0,0,0,0,0,0,0,0,0,0,0,0,0,0,0,0,0,0,0,0,0,0,0,0,0,0,0,0
428,0.0,0.0,25.527702331543,16.777276992798,0.0,0.0,0.0,0.0,0.0,2.6757292747498,1.3159934282303,-3.1368217468262,-0.18837343156338,-0.026713779196143,0.051928970962763,6.9731628173031e-05,-0.095575422048569,-5.8737045947055e-06,0.0,0.0,-0.071736790239811,-0.014289482496679,-0.049356635659933,0.10436939448118,-0.00034556005266495,-0.071736790239811,0.0,0.0,0.0,20.505180358887,0.0064085144549608,1.5582512617111,0,0,0,0,0,0,0,0,0,0,0,0,0,0,0,0,0,0,0,0,0,0,0,0,0,0,0,0,0,0,0,0
429,0.0,0.0,26.10643196106,10.692437171936,0.0,0.0,0.0,0.0,0.0,2.6782209873199,1.4115656614304,-3.1343469619751,-0.17799399793148,-0.030032793059945,0.058592222630978,6.0985836171312e-05,-0.095574252307415,4.4437721953727e-05,0.0,0.0,-0.073474802076817,-0.010342666879296,-0.032440010458231,0.10613054037094,-0.00024192697310355,-0.073474802076817,0.0,0.0,0.0,20.501691818237,0.0065139252692461,1.5587182044983,0,0,0,0,0,0,0,0,0,0,0,0,0,0,0,0,0,0,0,0,0,0,0,0,0,0,0,0,0,0,0,0
430,0.0,0.0,26.42945098877,4.5799145698547,0.0,0.0,0.0,0.0,0.0,2.6883516311646,1.5071239471436,-3.1241946220398,-0.16721020638943,-0.033124402165413,0.06476679444313,4.3524898501346e-05,-0.095558106899261,8.4424042142928e-05,0.0,0.0,-0.07449346780777,-0.0058069783262908,-0.015407904051244,0.10659045726061,-0.00016922604118008,-0.07449346780777,0.0,0.0,0.0,20.505990982056,0.0066321836784482,1.5588481426239,0,0,0,0,0,0,0,0,0,0,0,0,0,0,0,0,0,0,0,0,0,0,0,0,0,0,0,0,0,0,0,0
431,0.0,0.0,26.473033905029,1.5119596719742,0.0,0.0,0.0,0.0,0.0,-0.50410681962967,1.5388815402985,-0.033439863473177,-0.15600199997425,-0.035943198949099,0.070305250585079,4.1027640691027e-05,-0.095560289919376,7.4788105848711e-05,0.0,0.0,-0.074743866920471,-0.00087691040243953,0.0016297256806865,0.10622526705265,-0.00011622538295342,-0.074743866920471,0.0,0.0,0.0,20.500444412231,0.007083959877491,1.5583242177963,0,0,0,0,0,0,0,0,0,0,0,0,0,0,0,0,0,0,0,0,0,0,0,0,0,0,0,0,0,0,0,0
432,0.0,0.0,26.256288528442,7.6484651565552,0.0,0.0,0.0,0.0,0.0,-0.47877511382103,1.4433423280716,-0.008081341162324,-0.14444035291672,-0.038464810699224,0.075283221900463,3.1555580790155e-05,-0.095550045371056,7.8330071119126e-05,0.0,0.0,-0.074256844818592,0.0036971152294427,0.01874965056777,0.10700530558825,-8.581813017372e-05,-0.074256844818592,0.0,0.0,0.0,20.499717712402,0.0074921613559127,1.5586397647858,0,0,0,0,0,0,0,0,0,0,0,0,0,0,0,0,0,0,0,0,0,0,0,0,0,0,0,0,0,0,0,0
433,0.0,0.0,25.792316436768,13.762693405151,0.0,0.0,0.0,0.0,0.0,-0.47516804933548,1.3477926254272,-0.0044623096473515,-0.13254497945309,-0.040634851902723,0.079544357955456,2.8299982659519e-05,-0.095552057027817,5.5510678066639e-05,0.0,0.0,-0.073055230081081,0.0080379489809275,0.035807248204947,0.10662253201008,-5.9881847846555e-05,-0.073055230081081,0.0,0.0,0.0,20.499761581421,0.0076104458421469,1.5591571331024,0,0,0,0,0,0,0,0,0,0,0,0,0,0,0,0,0,0,0,0,0,0,0,0,0,0,0,0,0,0,0,0
434,0.0,0.0,25.083875656128,19.782030105591,0.0,0.0,0.0,0.0,0.0,-0.47372958064079,1.252244591713,-0.0030207093805075,-0.12034770101309,-0.042468391358852,0.083155274391174,2.8004671548842e-05,-0.095547750592232,5.3238447435433e-05,0.0,0.0,-0.071150541305542,0.01232323423028,0.052648339420557,0.10497259348631,-4.1392195271328e-05,-0.071150541305542,0.0,0.0,0.0,20.489475250244,0.0076000555418432,1.5591229200363,0,0,0,0,0,0,0,0,0,0,0,0,0,0,0,0,0,0,0,0,0,0,0,0,0,0,0,0,0,0,0,0
435,0.0,0.0,24.099769592285,25.743640899658,0.0,0.0,0.0,0.0,0.0,-0.47295925021172,1.1566971540451,-0.0022610211744905,-0.1079433336854,-0.04390686750412,0.086005486547947,2.0940035028616e-05,-0.095547311007977,3.3142263418995e-05,0.0,0.0,-0.068500958383083,0.017156071960926,0.069307886064053,0.10396932065487,-1.9813740436803e-05,-0.068500958383083,0.0,0.0,0.0,20.47513961792,0.0080704744905233,1.5595808029175,0,0,0,0,0,0,0,0,0,0,0,0,0,0,0,0,0,0,0,0,0,0,0,0,0,0,0,0,0,0,0,0
436,0.0,0.0,22.933599472046,31.577941894531,0.0,0.0,0.0,0.0,0.0,-0.47247537970543,1.0611507892609,-0.0017934628995135,-0.095318861305714,-0.044992465525866,0.088151380419731,2.3269345547305e-05,-0.095546826720238,3.3842228731373e-05,0.0,0.0,-0.065279461443424,0.020354663953185,0.085645698010921,0.10175235569477,1.1287361303403e-06,-0.065279461443424,0.0,0.0,0.0,20.457904815674,0.0078086378052831,1.55945789814,0,0,0,0,0,0,0,0,0,0,0,0,0,0,0,0,0,0,0,0,0,0,0,0,0,0,0,0,0,0,0,0
437,0.0,0.0,21.516952514648,37.296897888184,0.0,0.0,0.0,0.0,0.0,-0.47215074300766,0.96560722589493,-0.0014937371015549,-0.082610182464123,-0.045672193169594,0.089533649384975,9.6738131105667e-06,-0.095541030168533,2.0596848116838e-05,0.0,0.0,-0.061388645321131,0.024748828262091,0.10166531056166,0.099740371108055,2.3680173399043e-05,-0.061388645321131,0.0,0.0,0.0,20.451135635376,0.008205097168684,1.5594373941422,0,0,0,0,0,0,0,0,0,0,0,0,0,0,0,0,0,0,0,0,0,0,0,0,0,0,0,0,0,0,0,0
438,0.0,0.0,19.93285369873,42.905963897705,0.0,0.0,0.0,0.0,0.0,-0.47191497683525,0.87006556987762,-0.0012872980441898,-0.069816567003727,-0.045976232737303,0.090163789689541,4.480660209083e-06,-0.095539413392544,2.037586455117e-05,0.0,0.0,-0.056989092379808,0.027690583840013,0.11736654490232,0.097826428711414,4.2861589463428e-05,-0.056989092379808,0.0,0.0,0.0,20.436908721924,0.0081055415794253,1.5594314336777,0,0,0,0,0,0,0,0,0,0,0,0,0,0,0,0,0,0,0,0,0,0,0,0,0,0,0,0,0,0,0,0
439,0.0,0.0,18.189813613892,48.389888763428,0.0,0.0,0.0,0.0,0.0,-0.47173523902893,0.77452319860458,-0.001135332044214,-0.056977450847626,-0.045907642692327,0.090058974921703,5.8780306062545e-06,-0.095542341470718,1.1988419828413e-05,0.0,0.0,-0.052116274833679,0.03049941919744,0.13271936774254,0.095644742250443,7.7633165346924e-05,-0.052116274833679,0.0,0.0,0.0,20.419454574585,0.0077816350385547,1.5592443943024,0,0,0,0,0,0,0,0,0,0,0,0,0,0,0,0,0,0,0,0,0,0,0,0,0,0,0,0,0,0,0,0
440,0.0,0.0,16.274936676025,53.763946533203,0.0,0.0,0.0,0.0,0.0,-0.47159811854362,0.67898231744766,-0.0010266330791637,-0.044146914035082,-0.045472227036953,0.089232444763184,-3.8292387216643e-06,-0.095540449023247,2.0356446839287e-05,0.0,0.0,-0.046771958470345,0.033520676195621,0.14775204658508,0.093731828033924,9.9740806035697e-05,-0.046771958470345,0.0,0.0,0.0,20.401472091675,0.0076887514442205,1.5592547655106,0,0,0,0,0,0,0,0,0,0,0,0,0,0,0,0,0,0,0,0,0,0,0,0,0,0,0,0,0,0,0,0
441,0.0,0.0,14.209021568298,59.055877685547,0.0,0.0,0.0,0.0,0.0,-0.47148925065994,0.58344292640686,-0.00095634500030428,-0.031473889946938,-0.044625665992498,0.087622210383415,-8.2057949839509e-06,-0.09553886204958,-1.0974550832543e-06,0.0,0.0,-0.041013345122337,0.036181781440973,0.16251786053181,0.092300705611706,0.00012478260032367,-0.041013345122337,0.0,0.0,0.0,20.383834838867,0.0076520014554262,1.5598038434982,0,0,0,0,0,0,0,0,0,0,0,0,0,0,0,0,0,0,0,0,0,0,0,0,0,0,0,0,0,0,0,0
442,0.0,0.0,12.02836894989,64.212989807129,0.0,0.0,0.0,0.0,0.0,-0.47140312194824,0.48790487647057,-0.00090550241293386,-0.018878854811192,-0.043430846184492,0.085296362638474,-1.8125008864445e-05,-0.09553837031126,1.1188743883395e-05,0.0,0.0,-0.034926135092974,0.038204431533813,0.1769385933876,0.089953787624836,0.0001448560069548,-0.034926135092974,0.0,0.0,0.0,20.375492095947,0.0078136632218957,1.5598130226135,0,0,0,0,0,0,0,0,0,0,0,0,0,0,0,0,0,0,0,0,0,0,0,0,0,0,0,0,0,0,0,0
443,0.0,0.0,9.7628030776978,69.304626464844,0.0,0.0,0.0,0.0,0.0,-0.47133293747902,0.39236894249916,-0.00087782950140536,-0.0065620741806924,-0.041837349534035,0.082222454249859,-2.3719790988252e-05,-0.095534175634384,-9.0665234893095e-06,0.0,0.0,-0.028582254424691,0.039712399244308,0.19114509224892,0.088812671601772,0.00017081855912693,-0.028582254424691,0.0,0.0,0.0,20.373531341553,0.0076374732889235,1.560084939003,0,0,0,0,0,0,0,0,0,0,0,0,0,0,0,0,0,0,0,0,0,0,0,0,0,0,0,0,0,0,0,0
444,0.0,0.0,7.4024090766907,74.289947509766,0.0,0.0,0.0,0.0,0.0,-0.47127637267113,0.2968336045742,-0.0008587168995291,0.0055801849812269,-0.039909724146128,0.078448250889778,-3.2366704544984e-05,-0.095536015927792,4.1206712921849e-06,0.0,0.0,-0.021987568587065,0.041390541940928,0.20508350431919,0.086963169276714,0.00019389393855818,-0.021987568587065,0.0,0.0,0.0,20.35980796814,0.0079932594671845,1.5599677562714,0,0,0,0,0,0,0,0,0,0,0,0,0,0,0,0,0,0,0,0,0,0,0,0,0,0,0,0,0,0,0,0
445,0.0,0.0,5.0314302444458,79.250099182129,0.0,0.0,0.0,0.0,0.0,-0.47123011946678,0.20130163431168,-0.0008559642592445,0.01733285933733,-0.037600472569466,0.073966652154922,-3.9009399188217e-05,-0.095530435442924,-1.412893016095e-05,0.0,0.0,-0.015306984074414,0.04159539565444,0.21891017258167,0.086527027189732,0.00021400545665529,-0.015306984074414,0.0,0.0,0.0,20.355266571045,0.0073615908622742,1.5599726438522,0,0,0,0,0,0,0,0,0,0,0,0,0,0,0,0,0,0,0,0,0,0,0,0,0,0,0,0,0,0,0,0
446,0.0,0.0,2.5929026603699,84.151763916016,0.0,0.0,0.0,0.0,0.0,-0.47119268774986,0.10576999187469,-0.00085607182700187,0.028808571398258,-0.034973595291376,0.068814553320408,-4.7436613385798e-05,-0.095532357692719,-1.881605953713e-06,0.0,0.0,-0.0084645068272948,0.042798984795809,0.23258651793003,0.085511930286884,0.00023865280672908,-0.0084645068272948,0.0,0.0,0.0,20.338228225708,0.0073222760111094,1.5598909854889,0,0,0,0,0,0,0,0,0,0,0,0,0,0,0,0,0,0,0,0,0,0,0,0,0,0,0,0,0,0,0,0
447,0.0,0.0,0.11396547406912,89.04296875,0.0,0.0,0.0,0.0,0.0,-0.4711617231369,0.010241063311696,-0.00086742878193036,0.03980739787221,-0.031992938369513,0.063006080687046,-5.3365307394415e-05,-0.095527186989784,-1.8661043213797e-05,0.0,0.0,-0.0015270716976374,0.043522644788027,0.24621449410915,0.085332684218884,0.00025702739367262,-0.0015270716976374,0.0,0.0,0.0,20.346048355103,0.0074837999418378,1.5601282119751,0,0,0,0,0,0,0,0,0,0,0,0,0,0,0,0,0,0,0,0,0,0,0,0,0,0,0,0,0,0,0,0
448,0.0,0.0,2.3584797382355,93.952667236328,0.0,0.0,0.0,0.0,0.0,-0.47113624215126,-0.085287719964981,-0.00087952194735408,0.050423599779606,-0.028713142499328,0.056564964354038,-5.9914887970081e-05,-0.095529548823833,-7.8227740232251e-06,0.0,0.0,0.0054057198576629,0.043432552367449,0.25986295938492,0.085661113262177,0.00028024427592754,0.0054057198576629,0.0,0.0,0.0,20.336656570435,0.0073244171217084,1.5606243610382,0,0,0,0,0,0,0,0,0,0,0,0,0,0,0,0,0,0,0,0,0,0,0,0,0,0,0,0,0,0,0,0
449,0.0,0.0,4.8471841812134,98.876792907715,0.0,0.0,0.0,0.0,0.0,-0.47111493349075,-0.18081407248974,-0.00089999311603606,0.060476589947939,-0.025114361196756,0.04953046143055,-6.622957153013e-05,-0.095524840056896,-2.1635823941324e-05,0.0,0.0,0.012352528050542,0.043731141835451,0.27354463934898,0.085916750133038,0.00029505489510484,0.012352528050542,0.0,0.0,0.0,20.32671546936,0.0076470575295389,1.5613471269608,0,0,0,0,0,0,0,0,0,0,0,0,0,0,0,0,0,0,0,0,0,0,0,0,0,0,0,0,0,0,0,0
450,0.0,0.0,7.2751059532166,103.83219146729,0.0,0.0,0.0,0.0,0.0,-0.47109591960907,-0.276341766119,-0.00091812817845494,0.070066533982754,-0.021230284124613,0.041890390217304,-6.7580906033982e-05,-0.095529206097126,-9.8314812930766e-06,0.0,0.0,0.019162001088262,0.042691428214312,0.28730753064156,0.086467728018761,0.00031620301888324,0.019162001088262,0.0,0.0,0.0,20.28875541687,0.0075665879994631,1.5618102550507,0,0,0,0,0,0,0,0,0,0,0,0,0,0,0,0,0,0,0,0,0,0,0,0,0,0,0,0,0,0,0,0
451,0.0,0.0,9.6757841110229,108.86582946777,0.0,0.0,0.0,0.0,0.0,-0.47108122706413,-0.37186685204506,-0.0009431978687644,0.079008467495441,-0.017078066244721,0.033770117908716,-7.8584860602859e-05,-0.095523044466972,-2.5483930585324e-05,0.0,0.0,0.025870466604829,0.042227067053318,0.3012515604496,0.087837532162666,0.00032732807449065,0.025870466604829,0.0,0.0,0.0,20.270624160767,0.0076646823436022,1.5628669261932,0,0,0,0,0,0,0,0,0,0,0,0,0,0,0,0,0,0,0,0,0,0,0,0,0,0,0,0,0,0,0,0
452,0.0,0.0,11.991263389587,113.96411895752,0.0,0.0,0.0,0.0,0.0,-0.47106695175171,-0.46739307045937,-0.00096584990387782,0.087381862103939,-0.012662024237216,0.025078503414989,-7.7673459600192e-05,-0.095527663826942,-1.2657149454753e-05,0.0,0.0,0.032358780503273,0.040757615119219,0.3153717815876,0.088971644639969,0.00034487148514017,0.032358780503273,0.0,0.0,0.0,20.253099441528,0.0075894515030086,1.5637403726578,0,0,0,0,0,0,0,0,0,0,0,0,0,0,0,0,0,0,0,0,0,0,0,0,0,0,0,0,0,0,0,0
453,0.0,0.0,14.227758407593,119.12577819824,0.0,0.0,0.0,0.0,0.0,-0.47105523943901,-0.56291741132736,-0.00099361583124846,0.095060341060162,-0.0080230133607984,0.015988279134035,-8.6178166384343e-05,-0.09552276134491,-2.6419926143717e-05,0.0,0.0,0.03861728310585,0.039389587938786,0.3296811580658,0.090080991387367,0.00035539770033211,0.03861728310585,0.0,0.0,0.0,20.228302001953,0.0078494492918253,1.5643503665924,0,0,0,0,0,0,0,0,0,0,0,0,0,0,0,0,0,0,0,0,0,0,0,0,0,0,0,0,0,0,0,0
454,0.0,0.0,16.34944152832,124.40431213379,0.0,0.0,0.0,0.0,0.0,-0.47104048728943,-0.65844333171844,-0.0010200222022831,0.10208690911531,-0.0031526386737823,0.0064048487693071,-8.2938255218323e-05,-0.095527321100235,-1.3853146811016e-05,0.0,0.0,0.044563185423613,0.03740006685257,0.34428739547729,0.092126056551933,0.00036970915971324,0.044563185423613,0.0,0.0,0.0,20.216846466064,0.0079336557537317,1.5651893615723,0,0,0,0,0,0,0,0,0,0,0,0,0,0,0,0,0,0,0,0,0,0,0,0,0,0,0,0,0,0,0,0
455,0.0,0.0,18.325113296509,129.7858581543,0.0,0.0,0.0,0.0,0.0,-0.47102600336075,-0.75396817922592,-0.0010512353619561,0.10836961120367,0.0018962720641866,-0.0035029251594096,-9.0383546194062e-05,-0.095523700118065,-2.5504519726383e-05,0.0,0.0,0.050121642649174,0.03485719114542,0.35917770862579,0.093927904963493,0.00037522427737713,0.050121642649174,0.0,0.0,0.0,20.207571029663,0.0078220255672932,1.565794467926,0,0,0,0,0,0,0,0,0,0,0,0,0,0,0,0,0,0,0,0,0,0,0,0,0,0,0,0,0,0,0,0
456,0.0,0.0,20.130090713501,135.30574035645,0.0,0.0,0.0,0.0,0.0,-0.47100499272346,-0.84949481487274,-0.0010835989378393,0.11392969638109,0.0071394643746316,-0.013815383426845,-8.5739673522767e-05,-0.09552801400423,-1.3267833310238e-05,0.0,0.0,0.055229548364878,0.03188918530941,0.37442231178284,0.096346594393253,0.00038636761019006,0.055229548364878,0.0,0.0,0.0,20.187826156616,0.007301848847419,1.5665767192841,0,0,0,0,0,0,0,0,0,0,0,0,0,0,0,0,0,0,0,0,0,0,0,0,0,0,0,0,0,0,0,0
457,0.0,0.0,21.776292800903,140.93196105957,0.0,0.0,0.0,0.0,0.0,-0.47098055481911,-0.94502121210098,-0.0011226102942601,0.11871064454317,0.012513045221567,-0.024370951578021,-9.2331873020157e-05,-0.095525659620762,-2.2963349692873e-05,0.0,0.0,0.059885703027248,0.029120035469532,0.38997155427933,0.098206505179405,0.00038840930210426,0.059885703027248,0.0,0.0,0.0,20.17875289917,0.0070953327231109,1.5671616792679,0,0,0,0,0,0,0,0,0,0,0,0,0,0,0,0,0,0,0,0,0,0,0,0,0,0,0,0,0,0,0,0
458,0.0,0.0,23.236238479614,146.70584106445,0.0,0.0,0.0,0.0,0.0,-0.47094202041626,-1.0405496358871,-0.0011698761954904,0.12271066009998,0.018040286377072,-0.035236313939095,-8.6411877418868e-05,-0.095529682934284,-1.1042064215872e-05,0.0,0.0,0.064023084938526,0.025876618921757,0.40589672327042,0.10078728944063,0.00039573357207701,0.064023084938526,0.0,0.0,0.0,20.167909622192,0.0069015431217849,1.5681329965591,0,0,0,0,0,0,0,0,0,0,0,0,0,0,0,0,0,0,0,0,0,0,0,0,0,0,0,0,0,0,0,0
459,0.0,0.0,24.495811462402,152.60987854004,0.0,0.0,0.0,0.0,0.0,-0.47088959813118,-1.1360784769058,-0.00123281753622,0.12590737640858,0.023648027330637,-0.046260196715593,-9.246269473806e-05,-0.095528475940228,-1.8924120013253e-05,0.0,0.0,0.067598029971123,0.022377789020538,0.42216315865517,0.10306314378977,0.00039410198223777,0.067598029971123,0.0,0.0,0.0,20.14910697937,0.0068839187733829,1.5693062543869,0,0,0,0,0,0,0,0,0,0,0,0,0,0,0,0,0,0,0,0,0,0,0,0,0,0,0,0,0,0,0,0
460,0.0,0.0,25.532739639282,158.62240600586,0.0,0.0,0.0,0.0,0.0,-0.4707987010479,-1.231609582901,-0.0013281643623486,0.12828016281128,0.02936534024775,-0.057492952793837,-8.5770661826245e-05,-0.095532186329365,-7.274254130607e-06,0.0,0.0,0.070554502308369,0.018495181575418,0.43872445821762,0.10495942831039,0.00039738559280522,0.070554502308369,0.0,0.0,0.0,20.138454437256,0.0070330547168851,1.5704728364944,0,0,0,0,0,0,0,0,0,0,0,0,0,0,0,0,0,0,0,0,0,0,0,0,0,0,0,0,0,0,0,0
461,0.0,0.0,26.307323455811,164.76280212402,0.0,0.0,0.0,0.0,0.0,-0.47064203023911,-1.3271415233612,-0.0014900465030223,0.12983737885952,0.035112462937832,-0.068796992301941,-9.1524852905422e-05,-0.095531985163689,-1.3652999768965e-05,0.0,0.0,0.072808295488358,0.013911322690547,0.45559853315353,0.10719542950392,0.00039226282387972,0.072808295488358,0.0,0.0,0.0,20.131433486938,0.0068476386368275,1.5721222162247,0,0,0,0,0,0,0,0,0,0,0,0,0,0,0,0,0,0,0,0,0,0,0,0,0,0,0,0,0,0,0,0
462,0.0,0.0,26.827180862427,170.96356201172,0.0,0.0,0.0,0.0,0.0,-0.47026404738426,-1.4226759672165,-0.0018672561272979,0.13054393231869,0.040922589600086,-0.080205693840981,-8.4387786046136e-05,-0.095535412430763,-2.2714400529367e-06,0.0,0.0,0.074360340833664,0.0094645284116268,0.47264856100082,0.10825119167566,0.00039131683297455,0.074360340833664,0.0,0.0,0.0,20.121248245239,0.0068137259222567,1.5736131668091,0,0,0,0,0,0,0,0,0,0,0,0,0,0,0,0,0,0,0,0,0,0,0,0,0,0,0,0,0,0,0,0
463,0.0,0.0,27.086584091187,177.20300292969,0.0,0.0,0.0,0.0,0.0,-0.46854466199875,-1.5182116031647,-0.0035858284682035,0.13043433427811,0.046711672097445,-0.091596938669682,-9.0101697423961e-05,-0.095536053180695,-7.5625375757227e-06,0.0,0.0,0.075190886855125,0.0049102986231446,0.48981207609177,0.10893012583256,0.00038284808397293,0.075190886855125,0.0,0.0,0.0,20.124086380005,0.0069471350871027,1.5750139951706,0,0,0,0,0,0,0,0,0,0,0,0,0,0,0,0,0,0,0,0,0,0,0,0,0,0,0,0,0,0,0,0
464,0.0,0.0,27.066217422485,176.55084228516,0.0,0.0,0.0,0.0,0.0,2.6670639514923,-1.5278424024582,-3.1391878128052,0.12946330010891,0.052515652030706,-0.10298752039671,-8.2830163592007e-05,-0.095539204776287,3.4790200515999e-06,0.0,0.0,0.075262010097504,2.244213828817e-05,-0.49299332499504,0.10904929786921,0.00037792505463585,0.075262010097504,0.0,0.0,0.0,20.130767822266,0.006984721403569,1.5762705802917,0,0,0,0,0,0,0,0,0,0,0,0,0,0,0,0,0,0,0,0,0,0,0,0,0,0,0,0,0,0,0,0
465,0.0,0.0,26.790264129639,170.32005310059,0.0,0.0,0.0,0.0,0.0,2.6693532466888,-1.4323024749756,-3.1414699554443,0.12768752872944,0.058248210698366,-0.11427160352468,-8.8789172878023e-05,-0.095540530979633,-1.2408603424774e-06,0.0,0.0,0.074614495038986,-0.004450255073607,-0.4758348762989,0.10878473520279,0.00036601512692869,0.074614495038986,0.0,0.0,0.0,20.138425827026,0.0073254606686532,1.5775029659271,0,0,0,0,0,0,0,0,0,0,0,0,0,0,0,0,0,0,0,0,0,0,0,0,0,0,0,0,0,0,0,0
466,0.0,0.0,26.20911026001,164.10795593262,0.0,0.0,0.0,0.0,0.0,2.669766664505,-1.3367599248886,3.1413145065308,0.12505538761616,0.063947007060051,-0.12545046210289,-8.1634170783218e-05,-0.095543399453163,9.3360140454024e-06,0.0,0.0,0.073166437447071,-0.0097859064117074,-0.45874634385109,0.1084593757987,0.00035716089769267,0.073166437447071,0.0,0.0,0.0,20.137201309204,0.0070847943425179,1.5791866779327,0,0,0,0,0,0,0,0,0,0,0,0,0,0,0,0,0,0,0,0,0,0,0,0,0,0,0,0,0,0,0,0
467,0.0,0.0,25.389249801636,157.99429321289,0.0,0.0,0.0,0.0,0.0,2.6699502468109,-1.2412153482437,3.1411440372467,0.12164246290922,0.069525070488453,-0.13643458485603,-8.8024105934892e-05,-0.095545247197151,4.6262348405435e-06,0.0,0.0,0.071039251983166,-0.013966870494187,-0.44189178943634,0.1067450940609,0.00034237714135088,0.071039251983166,0.0,0.0,0.0,20.14013671875,0.0071734213270247,1.5804255008698,0,0,0,0,0,0,0,0,0,0,0,0,0,0,0,0,0,0,0,0,0,0,0,0,0,0,0,0,0,0,0,0
468,0.0,0.0,24.298686981201,151.97190856934,0.0,0.0,0.0,0.0,0.0,2.6700496673584,-1.1456682682037,3.1410627365112,0.11739394068718,0.075021237134933,-0.14721149206161,-8.1060919910669e-05,-0.095547810196877,1.4603087947762e-05,0.0,0.0,0.068188741803169,-0.018704306334257,-0.4252809882164,0.10515253990889,0.00032960466342047,0.068188741803169,0.0,0.0,0.0,20.151659011841,0.0068699307739735,1.5817872285843,0,0,0,0,0,0,0,0,0,0,0,0,0,0,0,0,0,0,0,0,0,0,0,0,0,0,0,0,0,0,0,0
469,0.0,0.0,23.004501342773,146.04037475586,0.0,0.0,0.0,0.0,0.0,2.6701209545135,-1.0501190423965,3.1410105228424,0.11240123212337,0.080349184572697,-0.1577078551054,-8.7906213593669e-05,-0.095550015568733,9.3695789473713e-06,0.0,0.0,0.064746007323265,-0.022274993360043,-0.40893083810806,0.1035693064332,0.00031281408155337,0.064746007323265,0.0,0.0,0.0,20.153001785278,0.0071209412999451,1.5833678245544,0,0,0,0,0,0,0,0,0,0,0,0,0,0,0,0,0,0,0,0,0,0,0,0,0,0,0,0,0,0,0,0
470,0.0,0.0,21.472309112549,140.25657653809,0.0,0.0,0.0,0.0,0.0,2.6701700687408,-0.95456749200821,3.1409845352173,0.10660837590694,0.085548639297485,-0.16789916157722,-8.1039339420386e-05,-0.095552213490009,1.8636632376001e-05,0.0,0.0,0.060666732490063,-0.026445617899299,-0.39295125007629,0.10099118202925,0.00029619073029608,0.060666732490063,0.0,0.0,0.0,20.161581039429,0.0068641765974462,1.5846613645554,0,0,0,0,0,0,0,0,0,0,0,0,0,0,0,0,0,0,0,0,0,0,0,0,0,0,0,0,0,0,0,0
471,0.0,0.0,19.756011962891,134.62609863281,0.0,0.0,0.0,0.0,0.0,2.6702134609222,-0.85901361703873,3.1409649848938,0.10012043267488,0.090534962713718,-0.17772813141346,-8.8233129645232e-05,-0.095554642379284,1.2434461496014e-05,0.0,0.0,0.056062579154968,-0.029677927494049,-0.37735924124718,0.098317690193653,0.00027709253481589,0.056062579154968,0.0,0.0,0.0,20.177619934082,0.0066207400523126,1.5855158567429,0,0,0,0,0,0,0,0,0,0,0,0,0,0,0,0,0,0,0,0,0,0,0,0,0,0,0,0,0,0,0,0
472,0.0,0.0,17.869310379028,129.09455871582,0.0,0.0,0.0,0.0,0.0,2.6702473163605,-0.76345771551132,3.1409585475922,0.092881813645363,0.095348544418812,-0.18715992569923,-8.1237536505796e-05,-0.095556445419788,2.0927082005073e-05,0.0,0.0,0.050977766513824,-0.032671511173248,-0.36206161975861,0.096589930355549,0.00025766604812816,0.050977766513824,0.0,0.0,0.0,20.187400817871,0.0065467352978885,1.5867928266525,0,0,0,0,0,0,0,0,0,0,0,0,0,0,0,0,0,0,0,0,0,0,0,0,0,0,0,0,0,0,0,0
473,0.0,0.0,15.828569412231,123.68309020996,0.0,0.0,0.0,0.0,0.0,2.6702806949615,-0.66789954900742,3.1409525871277,0.085009194910526,0.099907718598843,-0.19615341722965,-8.854908082867e-05,-0.09555895626545,1.3457784007187e-05,0.0,0.0,0.045459907501936,-0.035380966961384,-0.34709104895592,0.094496458768845,0.00023666975903325,0.045459907501936,0.0,0.0,0.0,20.19935798645,0.0064393118955195,1.5881162881851,0,0,0,0,0,0,0,0,0,0,0,0,0,0,0,0,0,0,0,0,0,0,0,0,0,0,0,0,0,0,0,0
474,0.0,0.0,13.677321434021,118.40008544922,0.0,0.0,0.0,0.0,0.0,2.6703083515167,-0.57233959436417,3.1409549713135,0.076448015868664,0.10425278544426,-0.20466446876526,-8.1105026765727e-05,-0.095560327172279,2.1159548850846e-05,0.0,0.0,0.039605148136616,-0.037332072854042,-0.33245554566383,0.092252992093563,0.00021428255422506,0.039605148136616,0.0,0.0,0.0,20.208137512207,0.0065461024641991,1.5890606641769,0,0,0,0,0,0,0,0,0,0,0,0,0,0,0,0,0,0,0,0,0,0,0,0,0,0,0,0,0,0,0,0
475,0.0,0.0,11.412746429443,113.20679473877,0.0,0.0,0.0,0.0,0.0,2.6703372001648,-0.47677761316299,3.1409559249878,0.067324779927731,0.10830661654472,-0.21266865730286,-8.8261542259715e-05,-0.095562815666199,1.2289190635784e-05,0.0,0.0,0.033427968621254,-0.039331886917353,-0.31807619333267,0.090688370168209,0.00019241293193772,0.033427968621254,0.0,0.0,0.0,20.235530853271,0.0066500543616712,1.5901926755905,0,0,0,0,0,0,0,0,0,0,0,0,0,0,0,0,0,0,0,0,0,0,0,0,0,0,0,0,0,0,0,0
476,0.0,0.0,9.0643014907837,108.12635803223,0.0,0.0,0.0,0.0,0.0,2.6703617572784,-0.38121408224106,3.140962600708,0.057587154209614,0.11210837215185,-0.22011317312717,-8.0057958257385e-05,-0.095563776791096,1.9247154341429e-05,0.0,0.0,0.026999749243259,-0.040820464491844,-0.30398035049438,0.088717103004456,0.00016762841551099,0.026999749243259,0.0,0.0,0.0,20.258546829224,0.0066297226585448,1.5908637046814,0,0,0,0,0,0,0,0,0,0,0,0,0,0,0,0,0,0,0,0,0,0,0,0,0,0,0,0,0,0,0,0
477,0.0,0.0,6.643545627594,103.08961486816,0.0,0.0,0.0,0.0,0.0,2.6703877449036,-0.28564873337746,3.1409666538239,0.047368697822094,0.11558751016855,-0.22699099779129,-8.6758853285573e-05,-0.095566086471081,9.0238963821321e-06,0.0,0.0,0.020360363647342,-0.042105436325073,-0.2900316119194,0.087955102324486,0.00014472822658718,0.020360363647342,0.0,0.0,0.0,20.280307769775,0.0067352382466197,1.5919580459595,0,0,0,0,0,0,0,0,0,0,0,0,0,0,0,0,0,0,0,0,0,0,0,0,0,0,0,0,0,0,0,0
478,0.0,0.0,4.1505436897278,98.087539672852,0.0,0.0,0.0,0.0,0.0,2.6704096794128,-0.19008216261864,3.1409747600555,0.036621235311031,0.11878041177988,-0.23324145376682,-7.7517877798527e-05,-0.095566727221012,1.5334073395934e-05,0.0,0.0,0.013527899980545,-0.043392740190029,-0.27619683742523,0.087347857654095,0.0001183499553008,0.013527899980545,0.0,0.0,0.0,20.304189682007,0.0066183172166348,1.5934987068176,0,0,0,0,0,0,0,0,0,0,0,0,0,0,0,0,0,0,0,0,0,0,0,0,0,0,0,0,0,0,0,0
479,0.0,0.0,1.6477736234665,93.177955627441,0.0,0.0,0.0,0.0,0.0,2.6704325675964,-0.094514064490795,3.1409792900085,0.025481451302767,0.12162552028894,-0.23887501657009,-8.3491227997001e-05,-0.09556870162487,3.9762394408172e-06,0.0,0.0,0.0066309282556176,-0.043586499989033,-0.26256027817726,0.085733570158482,9.5077426522039e-05,0.0066309282556176,0.0,0.0,0.0,20.325338363647,0.0063573219813406,1.5939644575119,0,0,0,0,0,0,0,0,0,0,0,0,0,0,0,0,0,0,0,0,0,0,0,0,0,0,0,0,0,0,0,0
480,0.0,0.0,0.85163694620132,88.26921081543,0.0,0.0,0.0,0.0,0.0,2.670450925827,0.0010549955768511,3.1409862041473,0.013908390887082,0.12415435165167,-0.24382431805134,-7.3005634476431e-05,-0.095569215714931,9.7700585683924e-06,0.0,0.0,-0.00029007441480644,-0.043555926531553,-0.24894233047962,0.085716255009174,6.7016582761426e-05,-0.00029007441480644,0.0,0.0,0.0,20.364053726196,0.0064320480450988,1.5945287942886,0,0,0,0,0,0,0,0,0,0,0,0,0,0,0,0,0,0,0,0,0,0,0,0,0,0,0,0,0,0,0,0
481,0.0,0.0,3.3594317436218,83.354156494141,0.0,0.0,0.0,0.0,0.0,2.6704695224762,0.096625253558159,3.1409888267517,0.0020366152748466,0.12631703913212,-0.24811674654484,-7.8074263001326e-05,-0.095570646226406,-2.3677152967139e-06,0.0,0.0,-0.0072359731420875,-0.043725352734327,-0.23531146347523,0.085825644433498,4.3924133933615e-05,-0.0072359731420875,0.0,0.0,0.0,20.393924713135,0.0062826476059854,1.595249414444,0,0,0,0,0,0,0,0,0,0,0,0,0,0,0,0,0,0,0,0,0,0,0,0,0,0,0,0,0,0,0,0
482,0.0,0.0,5.8661150932312,78.405258178711,0.0,0.0,0.0,0.0,0.0,2.6704823970795,0.19219632446766,3.1409919261932,-0.010163291357458,0.12813796103001,-0.25168013572693,-6.6207401687279e-05,-0.09557131677866,3.0652602163173e-06,0.0,0.0,-0.014172600582242,-0.043734762817621,-0.22159999608994,0.086413383483887,1.5112718756427e-05,-0.014172600582242,0.0,0.0,0.0,20.411762237549,0.005836030934006,1.5963317155838,0,0,0,0,0,0,0,0,0,0,0,0,0,0,0,0,0,0,0,0,0,0,0,0,0,0,0,0,0,0,0,0
483,0.0,0.0,8.2978649139404,73.448272705078,0.0,0.0,0.0,0.0,0.0,2.6704940795898,0.28776821494102,3.1409895420074,-0.022565459832549,0.12958142161369,-0.2545570731163,-7.0371825131588e-05,-0.095572002232075,-9.4279930635821e-06,0.0,0.0,-0.020951248705387,-0.042449619621038,-0.20783415436745,0.086552530527115,-7.5706843745138e-06,-0.020951248705387,0.0,0.0,0.0,20.439580917358,0.0056151244789362,1.5966559648514,0,0,0,0,0,0,0,0,0,0,0,0,0,0,0,0,0,0,0,0,0,0,0,0,0,0,0,0,0,0,0,0
484,0.0,0.0,10.645665168762,68.42325592041,0.0,0.0,0.0,0.0,0.0,2.6704981327057,0.38334092497826,3.1409847736359,-0.035182364284992,0.13066281378269,-0.2566736638546,-5.7046610891121e-05,-0.095573179423809,-4.1836365198833e-06,0.0,0.0,-0.027536919340491,-0.04101363196969,-0.19388966262341,0.087737180292606,-3.6791047023144e-05,-0.027536919340491,0.0,0.0,0.0,20.46021270752,0.0058033051900566,1.5969718694687,0,0,0,0,0,0,0,0,0,0,0,0,0,0,0,0,0,0,0,0,0,0,0,0,0,0,0,0,0,0,0,0
485,0.0,0.0,12.944504737854,63.298221588135,0.0,0.0,0.0,0.0,0.0,2.6704988479614,0.47891402244568,3.1409726142883,-0.047904349863529,0.13136237859726,-0.25808450579643,-6.0525755543495e-05,-0.095572851598263,-1.6620813767076e-05,0.0,0.0,-0.033971961587667,-0.040180772542953,-0.17969232797623,0.089479722082615,-5.8461992011871e-05,-0.033971961587667,0.0,0.0,0.0,20.495294570923,0.0056475298479199,1.5979206562042,0,0,0,0,0,0,0,0,0,0,0,0,0,0,0,0,0,0,0,0,0,0,0,0,0,0,0,0,0,0,0,0
486,0.0,0.0,15.121797561646,58.112327575684,0.0,0.0,0.0,0.0,0.0,2.6704881191254,0.57448816299438,3.1409540176392,-0.06072099134326,0.13168534636497,-0.2587183713913,-4.570091914502e-05,-0.095574952661991,-1.1397913112887e-05,0.0,0.0,-0.04010821133852,-0.03808918595314,-0.16529384255409,0.090538911521435,-8.8257853349205e-05,-0.04010821133852,0.0,0.0,0.0,20.526628494263,0.0056035998277366,1.5982743501663,0,0,0,0,0,0,0,0,0,0,0,0,0,0,0,0,0,0,0,0,0,0,0,0,0,0,0,0,0,0,0,0
487,0.0,0.0,17.173448562622,52.836547851562,0.0,0.0,0.0,0.0,0.0,2.6704699993134,0.67006224393845,3.1409239768982,-0.073546580970287,0.13162884116173,-0.25863698124886,-4.8969810450217e-05,-0.095573373138905,-2.3477097784053e-05,0.0,0.0,-0.045916438102722,-0.035917483270168,-0.15062882006168,0.092103511095047,-0.00010942268272629,-0.045916438102722,0.0,0.0,0.0,20.556743621826,0.0055589722469449,1.5984036922455,0,0,0,0,0,0,0,0,0,0,0,0,0,0,0,0,0,0,0,0,0,0,0,0,0,0,0,0,0,0,0,0
488,0.0,0.0,19.1162109375,47.45686340332,0.0,0.0,0.0,0.0,0.0,2.6704330444336,0.76563775539398,3.1408796310425,-0.086342163383961,0.13118769228458,-0.25777781009674,-3.2658183044987e-05,-0.095576770603657,-1.8153255950892e-05,0.0,0.0,-0.051406353712082,-0.03404638916254,-0.13565988838673,0.093914180994034,-0.00013876243610866,-0.051406353712082,0.0,0.0,0.0,20.586004257202,0.0049492116086185,1.5985954999924,0,0,0,0,0,0,0,0,0,0,0,0,0,0,0,0,0,0,0,0,0,0,0,0,0,0,0,0,0,0,0,0
489,0.0,0.0,20.850914001465,41.939437866211,0.0,0.0,0.0,0.0,0.0,2.6703805923462,0.86121261119843,3.1408152580261,-0.099052868783474,0.130375623703,-0.25620320439339,-3.64282677765e-05,-0.095573715865612,-2.9746875952696e-05,0.0,0.0,-0.056379672139883,-0.030434435233474,-0.12031663954258,0.096312843263149,-0.00015816887025721,-0.056379672139883,0.0,0.0,0.0,20.618932723999,0.0052232276648283,1.5987972021103,0,0,0,0,0,0,0,0,0,0,0,0,0,0,0,0,0,0,0,0,0,0,0,0,0,0,0,0,0,0,0,0
490,0.0,0.0,22.422780990601,36.276401519775,0.0,0.0,0.0,0.0,0.0,2.6702926158905,0.95678949356079,3.1407196521759,-0.11160676926374,0.12917777895927,-0.2538665831089,-1.8718312276178e-05,-0.095578692853451,-2.4311339075211e-05,0.0,0.0,-0.060895886272192,-0.027622258290648,-0.10458035767078,0.098851665854454,-0.0001880105555756,-0.060895886272192,0.0,0.0,0.0,20.657064437866,0.0052996720187366,1.5994808673859,0,0,0,0,0,0,0,0,0,0,0,0,0,0,0,0,0,0,0,0,0,0,0,0,0,0,0,0,0,0,0,0
491,0.0,0.0,23.776502609253,30.536964416504,0.0,0.0,0.0,0.0,0.0,2.6701655387878,1.0523653030396,3.1405806541443,-0.12398559600115,0.12762354314327,-0.25082296133041,-2.3813317966415e-05,-0.0955740660429,-3.5442142689135e-05,0.0,0.0,-0.064832650125027,-0.02383379638195,-0.088572598993778,0.10017871856689,-0.00020688433141913,-0.064832650125027,0.0,0.0,0.0,20.684598922729,0.0054866569116712,1.5994176864624,0,0,0,0,0,0,0,0,0,0,0,0,0,0,0,0,0,0,0,0,0,0,0,0,0,0,0,0,0,0,0,0
492,0.0,0.0,24.926410675049,24.685934066772,0.0,0.0,0.0,0.0,0.0,2.6699542999268,1.1479434967041,3.1403601169586,-0.1360814422369,0.12568958103657,-0.2470498085022,-4.887968316325e-06,-0.095580726861954,-3.0036506359465e-05,0.0,0.0,-0.06819660961628,-0.020304566249251,-0.072236254811287,0.10212415456772,-0.00023490768217016,-0.06819660961628,0.0,0.0,0.0,20.706811904907,0.0054504540748894,1.5994201898575,0,0,0,0,0,0,0,0,0,0,0,0,0,0,0,0,0,0,0,0,0,0,0,0,0,0,0,0,0,0,0,0
493,0.0,0.0,25.846857070923,18.740438461304,0.0,0.0,0.0,0.0,0.0,2.6696126461029,1.2435201406479,3.1400043964386,-0.14791584014893,0.12341923266649,-0.24258631467819,-1.2204327504151e-05,-0.095574460923672,-4.0841961890692e-05,0.0,0.0,-0.07092197239399,-0.016317563131452,-0.055613651871681,0.10376562178135,-0.00025271248887293,-0.07092197239399,0.0,0.0,0.0,20.73875617981,0.0053435210138559,1.5993640422821,0,0,0,0,0,0,0,0,0,0,0,0,0,0,0,0,0,0,0,0,0,0,0,0,0,0,0,0,0,0,0,0
494,0.0,0.0,26.514019012451,12.712262153625,0.0,0.0,0.0,0.0,0.0,2.6689410209656,1.3390997648239,3.1393208503723,-0.1593454182148,0.12078259885311,-0.23744228482246,7.6399210229283e-06,-0.095582686364651,-3.5762226616498e-05,0.0,0.0,-0.072950638830662,-0.011923640966415,-0.038741167634726,0.10520705580711,-0.00027947974740528,-0.072950638830662,0.0,0.0,0.0,20.761507034302,0.0053602121770382,1.5993202924728,0,0,0,0,0,0,0,0,0,0,0,0,0,0,0,0,0,0,0,0,0,0,0,0,0,0,0,0,0,0,0,0
495,0.0,0.0,26.932058334351,6.6392698287964,0.0,0.0,0.0,0.0,0.0,2.6673200130463,1.4346771240234,3.1376824378967,-0.17043130099773,0.11783462017775,-0.2316332757473,-2.4909120384109e-06,-0.095575012266636,-4.6406963519985e-05,0.0,0.0,-0.074274837970734,-0.0075921854004264,-0.02171141281724,0.10598126798868,-0.00029602646827698,-0.074274837970734,0.0,0.0,0.0,20.790115356445,0.0052342684939504,1.5990790128708,0,0,0,0,0,0,0,0,0,0,0,0,0,0,0,0,0,0,0,0,0,0,0,0,0,0,0,0,0,0,0,0
496,0.0,0.0,27.079061508179,0.54226142168045,0.0,0.0,0.0,0.0,0.0,2.6577939987183,1.5302555561066,3.1281390190125,-0.18099783360958,0.11454132944345,-0.2252072840929,1.7777236280381e-05,-0.095584310591221,-4.2002135160146e-05,0.0,0.0,-0.074847102165222,-0.0028850610833615,-0.0045868996530771,0.10639909654856,-0.00031936963205226,-0.074847102165222,0.0,0.0,0.0,20.81937789917,0.005259723868221,1.5987020730972,0,0,0,0,0,0,0,0,0,0,0,0,0,0,0,0,0,0,0,0,0,0,0,0,0,0,0,0,0,0,0,0
497,0.0,0.0,26.953742980957,5.590735912323,0.0,0.0,0.0,0.0,0.0,-0.46025174856186,1.5157520771027,0.010070542804897,-0.19114221632481,0.11096577346325,-0.21815076470375,4.538831035461e-06,-0.095575533807278,-5.2542349294527e-05,0.0,0.0,-0.07465898245573,0.0018519880250096,0.012621067464352,0.10701896250248,-0.00033523509046063,-0.07465898245573,0.0,0.0,0.0,20.860174179077,0.0054081436246634,1.5988311767578,0,0,0,0,0,0,0,0,0,0,0,0,0,0,0,0,0,0,0,0,0,0,0,0,0,0,0,0,0,0,0,0
498,0.0,0.0,26.566373825073,11.655275344849,0.0,0.0,0.0,0.0,0.0,-0.46652057766914,1.4201714992523,0.0037773686926812,-0.20066612958908,0.10707371681929,-0.21055506169796,2.4986780772451e-05,-0.095585592091084,-4.927617192152e-05,0.0,0.0,-0.073728173971176,0.0064054247923195,0.029695933684707,0.10582339018583,-0.0003554344875738,-0.073728173971176,0.0,0.0,0.0,20.897432327271,0.0055611487478018,1.598280787468,0,0,0,0,0,0,0,0,0,0,0,0,0,0,0,0,0,0,0,0,0,0,0,0,0,0,0,0,0,0,0,0
499,0.0,0.0,25.942523956299,17.616622924805,0.0,0.0,0.0,0.0,0.0,-0.46792942285538,1.3245923519135,0.0023383861407638,-0.20969390869141,0.10293149203062,-0.20237256586552,9.0147877926938e-06,-0.095576658844948,-5.921654519625e-05,0.0,0.0,-0.072103001177311,0.010518432594836,0.046541344374418,0.10401403903961,-0.00036979670403525,-0.072103001177311,0.0,0.0,0.0,20.915645599365,0.0054907207377255,1.5968728065491,0,0,0,0,0,0,0,0,0,0,0,0,0,0,0,0,0,0,0,0,0,0,0,0,0,0,0,0,0,0,0,0
500,0.0,0.0,25.038625717163,23.56138420105,0.0,0.0,0.0,0.0,0.0,-0.46851989626884,1.229009270668,0.0017143967561424,-0.21801099181175,0.098509356379509,-0.19373890757561,2.9444265237544e-05,-0.095586344599724,-5.8343965065433e-05,0.0,0.0,-0.069716617465019,0.015390713699162,0.063287481665611,0.10372395813465,-0.00038530715391971,-0.069716617465019,0.0,0.0,0.0,20.932453155518,0.0059157153591514,1.5964407920837,0,0,0,0,0,0,0,0,0,0,0,0,0,0,0,0,0,0,0,0,0,0,0,0,0,0,0,0,0,0,0,0
501,0.0,0.0,23.92017364502,29.394596099854,0.0,0.0,0.0,0.0,0.0,-0.46885865926743,1.1334290504456,0.0013365109916776,-0.22575190663338,0.093872919678688,-0.18457797169685,1.149907711806e-05,-0.095577783882618,-6.6494860220701e-05,0.0,0.0,-0.066697664558887,0.019121143966913,0.079738572239876,0.10176944732666,-0.00039950964855962,-0.066697664558887,0.0,0.0,0.0,20.956569671631,0.0060650114901364,1.595670580864,0,0,0,0,0,0,0,0,0,0,0,0,0,0,0,0,0,0,0,0,0,0,0,0,0,0,0,0,0,0,0,0
502,0.0,0.0,22.607694625854,35.118377685547,0.0,0.0,0.0,0.0,0.0,-0.4690603017807,1.0378464460373,0.0010898858308792,-0.23273722827435,0.089002646505833,-0.17504712939262,2.6192155928584e-05,-0.095584414899349,-6.9081739638932e-05,0.0,0.0,-0.063099250197411,0.022497989237309,0.095882542431355,0.099857576191425,-0.00040910736424848,-0.063099250197411,0.0,0.0,0.0,20.984119415283,0.0058330330066383,1.5947480201721,0,0,0,0,0,0,0,0,0,0,0,0,0,0,0,0,0,0,0,0,0,0,0,0,0,0,0,0,0,0,0,0
503,0.0,0.0,21.074258804321,40.722599029541,0.0,0.0,0.0,0.0,0.0,-0.46920293569565,0.94226598739624,0.00089730811305344,-0.23905938863754,0.083947338163853,-0.16507968306541,1.3258603758004e-05,-0.095579013228416,-7.5103052949999e-05,0.0,0.0,-0.058891650289297,0.026342526078224,0.11168766021729,0.0977648422122,-0.00042098414269276,-0.058891650289297,0.0,0.0,0.0,21.009819030762,0.0059759384021163,1.5938310623169,0,0,0,0,0,0,0,0,0,0,0,0,0,0,0,0,0,0,0,0,0,0,0,0,0,0,0,0,0,0,0,0
504,0.0,0.0,19.371686935425,46.211013793945,0.0,0.0,0.0,0.0,0.0,-0.46929797530174,0.846684217453,0.00074576120823622,-0.24459627270699,0.078709051012993,-0.15480414032936,2.0831614165218e-05,-0.095582850277424,-7.8545337601099e-05,0.0,0.0,-0.0541872382164,0.02928957529366,0.12715673446655,0.095741167664528,-0.00042589035001583,-0.0541872382164,0.0,0.0,0.0,21.03037071228,0.0059064668603241,1.5928821563721,0,0,0,0,0,0,0,0,0,0,0,0,0,0,0,0,0,0,0,0,0,0,0,0,0,0,0,0,0,0,0,0
505,0.0,0.0,17.506353378296,51.595180511475,0.0,0.0,0.0,0.0,0.0,-0.46936681866646,0.75110340118408,0.00061336334329098,-0.24939228594303,0.073327161371708,-0.14421685039997,1.6238996977336e-05,-0.095581062138081,-8.4083425463177e-05,0.0,0.0,-0.049018912017345,0.032123032957315,0.1423092186451,0.093917928636074,-0.00043317090603523,-0.049018912017345,0.0,0.0,0.0,21.039653778076,0.0057704602368176,1.5921233892441,0,0,0,0,0,0,0,0,0,0,0,0,0,0,0,0,0,0,0,0,0,0,0,0,0,0,0,0,0,0,0,0
506,0.0,0.0,15.490319252014,56.885459899902,0.0,0.0,0.0,0.0,0.0,-0.46942529082298,0.65552252531052,0.00049085234059021,-0.25339716672897,0.06780107319355,-0.13332869112492,3.651648057712e-06,-0.095580950379372,-8.66245245561e-05,0.0,0.0,-0.043430306017399,0.034749466925859,0.15716873109341,0.092273063957691,-0.00043697774526663,-0.043430306017399,0.0,0.0,0.0,21.051465988159,0.0056439591571689,1.5916825532913,0,0,0,0,0,0,0,0,0,0,0,0,0,0,0,0,0,0,0,0,0,0,0,0,0,0,0,0,0,0,0,0
507,0.0,0.0,13.347151756287,62.062450408936,0.0,0.0,0.0,0.0,0.0,-0.46946355700493,0.55994087457657,0.00038078302168287,-0.25656893849373,0.062160771340132,-0.12227369844913,1.5834386431379e-05,-0.095581836998463,-8.8211243564729e-05,0.0,0.0,-0.037484534084797,0.036970764398575,0.17171014845371,0.090293608605862,-0.00043456911225803,-0.037484534084797,0.0,0.0,0.0,21.059591293335,0.0056295837275684,1.5911082029343,0,0,0,0,0,0,0,0,0,0,0,0,0,0,0,0,0,0,0,0,0,0,0,0,0,0,0,0,0,0,0,0
508,0.0,0.0,11.083029747009,67.109031677246,0.0,0.0,0.0,0.0,0.0,-0.46949505805969,0.46436029672623,0.00027123457402922,-0.2589570581913,0.056450109928846,-0.1110043078661,-4.7151870603557e-06,-0.095580451190472,-9.6254276286345e-05,0.0,0.0,-0.031214978545904,0.039074424654245,0.18591371178627,0.088014923036098,-0.00044196483213454,-0.031214978545904,0.0,0.0,0.0,21.067386627197,0.0061412937939167,1.5900509357452,0,0,0,0,0,0,0,0,0,0,0,0,0,0,0,0,0,0,0,0,0,0,0,0,0,0,0,0,0,0,0,0
509,0.0,0.0,8.7590932846069,72.095314025879,0.0,0.0,0.0,0.0,0.0,-0.46951070427895,0.36878022551537,0.00016809486260172,-0.26047238707542,0.05068027228117,-0.099700793623924,1.0267614925397e-05,-0.095579281449318,-9.754558413988e-05,0.0,0.0,-0.024751294404268,0.040123626589775,0.19992086291313,0.086960285902023,-0.00043671880848706,-0.024751294404268,0.0,0.0,0.0,21.074810028076,0.0061405738815665,1.5890911817551,0,0,0,0,0,0,0,0,0,0,0,0,0,0,0,0,0,0,0,0,0,0,0,0,0,0,0,0,0,0,0,0
510,0.0,0.0,6.3700633049011,77.007637023926,0.0,0.0,0.0,0.0,0.0,-0.46952602267265,0.27320128679276,6.1588005337398e-05,-0.26119315624237,0.044875960797071,-0.088253736495972,-1.0782612662297e-05,-0.095578670501709,-0.00010428254608996,0.0,0.0,-0.018105573952198,0.041258994489908,0.21372158825397,0.085666604340076,-0.00043744157301262,-0.018105573952198,0.0,0.0,0.0,21.088180541992,0.006204990670085,1.5879421234131,0,0,0,0,0,0,0,0,0,0,0,0,0,0,0,0,0,0,0,0,0,0,0,0,0,0,0,0,0,0,0,0
511,0.0,0.0,3.936954498291,81.89623260498,0.0,0.0,0.0,0.0,0.0,-0.4695283472538,0.17762376368046,-4.1861432691803e-05,-0.26104399561882,0.039076630026102,-0.076872728765011,2.0845684503001e-06,-0.095576599240303,-0.00010225037840428,0.0,0.0,-0.011333920992911,0.04203699529171,0.22742460668087,0.085249856114388,-0.00042876059887931,-0.011333920992911,0.0,0.0,0.0,21.085792541504,0.0060417209751904,1.5871132612228,0,0,0,0,0,0,0,0,0,0,0,0,0,0,0,0,0,0,0,0,0,0,0,0,0,0,0,0,0,0,0,0
512,0.0,0.0,1.470951795578,86.741241455078,0.0,0.0,0.0,0.0,0.0,-0.46953225135803,0.082046791911125,-0.00014872460451443,-0.2600861787796,0.033263728022575,-0.065430596470833,-2.0163966837572e-05,-0.095576994121075,-0.00010895625018748,0.0,0.0,-0.0044771009124815,0.042616914957762,0.24101163446903,0.0844861343503,-0.00042295394814573,-0.0044771009124815,0.0,0.0,0.0,21.095510482788,0.0060314512811601,1.5860786437988,0,0,0,0,0,0,0,0,0,0,0,0,0,0,0,0,0,0,0,0,0,0,0,0,0,0,0,0,0,0,0,0
513,0.0,0.0,1.0038678646088,91.581153869629,0.0,0.0,0.0,0.0,0.0,-0.46952083706856,-0.013528673909605,-0.00025364093016833,-0.25826492905617,0.027510395273566,-0.054170731455088,-2.4243436200777e-06,-0.095574714243412,-0.00010320729779778,0.0,0.0,0.0024039982818067,0.04278414323926,0.25457140803337,0.084395200014114,-0.00040960800834,0.0024039982818067,0.0,0.0,0.0,21.097694396973,0.0059208604507148,1.5851192474365,0,0,0,0,0,0,0,0,0,0,0,0,0,0,0,0,0,0,0,0,0,0,0,0,0,0,0,0,0,0,0,0
514,0.0,0.0,3.4701640605927,96.44149017334,0.0,0.0,0.0,0.0,0.0,-0.46950915455818,-0.10910310596228,-0.00036267048562877,-0.25564900040627,0.021816071122885,-0.042950663715601,-2.5279718101956e-05,-0.095574349164963,-0.0001109930963139,0.0,0.0,0.0092584164813161,0.042640306055546,0.26816686987877,0.08475112169981,-0.00040468617225997,0.0092584164813161,0.0,0.0,0.0,21.093677520752,0.0056387390941381,1.5843551158905,0,0,0,0,0,0,0,0,0,0,0,0,0,0,0,0,0,0,0,0,0,0,0,0,0,0,0,0,0,0,0,0
515,0.0,0.0,5.9341335296631,101.34355926514,0.0,0.0,0.0,0.0,0.0,-0.46948394179344,-0.20467585325241,-0.0004717850824818,-0.25219535827637,0.016223553568125,-0.031997360289097,-9.9793714980478e-06,-0.095571868121624,-0.00010183660924667,0.0,0.0,0.01607952080667,0.042618941515684,0.28185591101646,0.085476726293564,-0.00038543646223843,0.01607952080667,0.0,0.0,0.0,21.094722747803,0.0055534155108035,1.5840331315994,0,0,0,0,0,0,0,0,0,0,0,0,0,0,0,0,0,0,0,0,0,0,0,0,0,0,0,0,0,0,0,0
516,0.0,0.0,8.355339050293,106.27074432373,0.0,0.0,0.0,0.0,0.0,-0.46945720911026,-0.30024868249893,-0.00058449909556657,-0.24796099960804,0.010737695731223,-0.021186972036958,-3.2348492823076e-05,-0.095574781298637,-0.00010697838297347,0.0,0.0,0.022775419056416,0.041881747543812,0.29562577605247,0.085915580391884,-0.00037626412813552,0.022775419056416,0.0,0.0,0.0,21.098810195923,0.0055667124688625,1.5834403038025,0,0,0,0,0,0,0,0,0,0,0,0,0,0,0,0,0,0,0,0,0,0,0,0,0,0,0,0,0,0,0,0
517,0.0,0.0,10.708741188049,111.24155426025,0.0,0.0,0.0,0.0,0.0,-0.46941375732422,-0.39581924676895,-0.00070142192998901,-0.24294374883175,0.0053994338959455,-0.01074146386236,-1.8009779523709e-05,-0.095570109784603,-9.8927230283152e-05,0.0,0.0,0.029283104464412,0.04071618616581,0.30952715873718,0.086675852537155,-0.00035843532532454,0.029283104464412,0.0,0.0,0.0,21.101177215576,0.0055628498084843,1.5825555324554,0,0,0,0,0,0,0,0,0,0,0,0,0,0,0,0,0,0,0,0,0,0,0,0,0,0,0,0,0,0,0,0
518,0.0,0.0,12.984515190125,116.3145980835,0.0,0.0,0.0,0.0,0.0,-0.46936610341072,-0.49138879776001,-0.00082391535397619,-0.2371671050787,0.00019964775128756,-0.00052608648547903,-3.743871639017e-05,-0.095570527017117,-0.0001028401820804,0.0,0.0,0.035565756261349,0.039377320557833,0.32367956638336,0.088459081947803,-0.00034241628600284,0.035565756261349,0.0,0.0,0.0,21.100772857666,0.0053632063791156,1.5821083784103,0,0,0,0,0,0,0,0,0,0,0,0,0,0,0,0,0,0,0,0,0,0,0,0,0,0,0,0,0,0,0,0
519,0.0,0.0,15.172400474548,121.48138427734,0.0,0.0,0.0,0.0,0.0,-0.46929809451103,-0.58695614337921,-0.00095474737463519,-0.2306631654501,-0.0047963103279471,0.0092718284577131,-2.2526985048898e-05,-0.095564879477024,-9.3693255621474e-05,0.0,0.0,0.041586808860302,0.037871297448874,0.33808279037476,0.090091750025749,-0.0003145181981381,0.041586808860302,0.0,0.0,0.0,21.1028175354,0.0053068553097546,1.5818032026291,0,0,0,0,0,0,0,0,0,0,0,0,0,0,0,0,0,0,0,0,0,0,0,0,0,0,0,0,0,0,0,0
520,0.0,0.0,17.255802154541,126.73291015625,0.0,0.0,0.0,0.0,0.0,-0.4692135155201,-0.68252170085907,-0.001099924906157,-0.22345881164074,-0.0096001978963614,0.018708284944296,-2.4420738554909e-05,-0.095560893416405,-9.7129079222213e-05,0.0,0.0,0.047296725213528,0.03606541082263,0.35273176431656,0.091569654643536,-0.00029680924490094,0.047296725213528,0.0,0.0,0.0,21.097087860107,0.0055686961859465,1.5813086032867,0,0,0,0,0,0,0,0,0,0,0,0,0,0,0,0,0,0,0,0,0,0,0,0,0,0,0,0,0,0,0,0
521,0.0,0.0,19.190925598145,132.10313415527,0.0,0.0,0.0,0.0,0.0,-0.46910071372986,-0.77808475494385,-0.0012628330150619,-0.21557162702084,-0.01417944394052,0.027674039825797,-2.8628370273509e-05,-0.095564194023609,-8.198493742384e-05,0.0,0.0,0.052596770226955,0.033498503267765,0.36769670248032,0.093642964959145,-0.00027575576677918,0.052596770226955,0.0,0.0,0.0,21.106014251709,0.005612991284579,1.5808396339417,0,0,0,0,0,0,0,0,0,0,0,0,0,0,0,0,0,0,0,0,0,0,0,0,0,0,0,0,0,0,0,0
522,0.0,0.0,20.970790863037,137.59446716309,0.0,0.0,0.0,0.0,0.0,-0.4689621925354,-0.87364596128464,-0.0014488147571683,-0.2070269882679,-0.018527528271079,0.036215823143721,-3.7220052035991e-05,-0.095559075474739,-8.6480657046195e-05,0.0,0.0,0.057456694543362,0.030812241137028,0.38298669457436,0.095755390822887,-0.00025228341110051,0.057456694543362,0.0,0.0,0.0,21.102138519287,0.005680616479367,1.5804088115692,0,0,0,0,0,0,0,0,0,0,0,0,0,0,0,0,0,0,0,0,0,0,0,0,0,0,0,0,0,0,0,0
523,0.0,0.0,22.578439712524,143.21710205078,0.0,0.0,0.0,0.0,0.0,-0.46877041459084,-0.9692075252533,-0.00167616980616,-0.19786901772022,-0.022598635405302,0.044188641011715,-3.26142871927e-05,-0.095563665032387,-6.7620239860844e-05,0.0,0.0,0.061827078461647,0.027833662927151,0.39862161874771,0.098048120737076,-0.00022510231065098,0.061827078461647,0.0,0.0,0.0,21.09112739563,0.0057998467236757,1.5801392793655,0,0,0,0,0,0,0,0,0,0,0,0,0,0,0,0,0,0,0,0,0,0,0,0,0,0,0,0,0,0,0,0
524,0.0,0.0,23.98360824585,148.97015380859,0.0,0.0,0.0,0.0,0.0,-0.46849894523621,-1.0647653341293,-0.0019801009912044,-0.18816520273685,-0.026393037289381,0.051654152572155,-3.06209003611e-05,-0.095555171370506,-7.4509196565486e-05,0.0,0.0,0.065635122358799,0.024318242445588,0.41459652781487,0.10032378137112,-0.00020655398839153,0.065635122358799,0.0,0.0,0.0,21.094453811646,0.0057838531211019,1.5799887180328,0,0,0,0,0,0,0,0,0,0,0,0,0,0,0,0,0,0,0,0,0,0,0,0,0,0,0,0,0,0,0,0
525,0.0,0.0,25.173501968384,154.81571960449,0.0,0.0,0.0,0.0,0.0,-0.46809855103493,-1.1603239774704,-0.0024023421574384,-0.1779019087553,-0.029890177771449,0.058498434722424,-3.3365213312209e-05,-0.09556071460247,-5.6174019846367e-05,0.0,0.0,0.068842358887196,0.020589210093021,0.43083518743515,0.10194054991007,-0.00017835856124293,0.068842358887196,0.0,0.0,0.0,21.101434707642,0.0058528850786388,1.5795065164566,0,0,0,0,0,0,0,0,0,0,0,0,0,0,0,0,0,0,0,0,0,0,0,0,0,0,0,0,0,0,0,0
526,0.0,0.0,26.143604278564,160.79724121094,0.0,0.0,0.0,0.0,0.0,-0.46743559837341,-1.2558788061142,-0.0030828702729195,-0.16720862686634,-0.033068630844355,0.064756937325001,-2.4099095753627e-05,-0.095553606748581,-5.6280336139025e-05,0.0,0.0,0.071426577866077,0.016776813194156,0.44740104675293,0.10431150346994,-0.00015469007485081,0.071426577866077,0.0,0.0,0.0,21.101209640503,0.0060232696123421,1.5795915126801,0,0,0,0,0,0,0,0,0,0,0,0,0,0,0,0,0,0,0,0,0,0,0,0,0,0,0,0,0,0,0,0
527,0.0,0.0,26.862501144409,166.8507232666,0.0,0.0,0.0,0.0,0.0,-0.4662016928196,-1.3514335155487,-0.0043266294524074,-0.15603658556938,-0.035924475640059,0.070374093949795,-2.137768206012e-05,-0.095553301274776,-4.8356076149503e-05,0.0,0.0,0.073319904506207,0.012418651022017,0.46416157484055,0.10557023435831,-0.00012844912998844,0.073319904506207,0.0,0.0,0.0,21.10157585144,0.006151903886348,1.5794682502747,0,0,0,0,0,0,0,0,0,0,0,0,0,0,0,0,0,0,0,0,0,0,0,0,0,0,0,0,0,0,0,0
528,0.0,0.0,27.3254737854,172.96957397461,0.0,0.0,0.0,0.0,0.0,-0.46303322911263,-1.4469863176346,-0.0074993446469307,-0.14448969066143,-0.0384471565485,0.075333125889301,-1.8645272575668e-05,-0.095552444458008,-4.0487018850399e-05,0.0,0.0,0.074505560100079,0.0079794330522418,0.48108267784119,0.10671016573906,-0.00010098243365064,0.074505560100079,0.0,0.0,0.0,21.107738494873,0.0063020489178598,1.579402923584,0,0,0,0,0,0,0,0,0,0,0,0,0,0,0,0,0,0,0,0,0,0,0,0,0,0,0,0,0,0,0,0
529,0.0,0.0,27.500234603882,179.12812805176,0.0,0.0,0.0,0.0,0.0,-0.43838945031166,-1.5425282716751,-0.032138649374247,-0.13258522748947,-0.04061509296298,0.079600669443607,-1.8111040844815e-05,-0.095552317798138,-3.5194716474507e-05,0.0,0.0,0.074920833110809,0.002972801681608,0.4980928003788,0.10740685462952,-7.7347671322059e-05,0.074920833110809,0.0,0.0,0.0,21.102481842041,0.0060431635938585,1.5794047117233,0,0,0,0,0,0,0,0,0,0,0,0,0,0,0,0,0,0,0,0,0,0,0,0,0,0,0,0,0,0,0,0
530,0.0,0.0,27.412330627441,174.70567321777,0.0,0.0,0.0,0.0,0.0,2.6578285694122,-1.5034946203232,-3.1283524036407,-0.12039538472891,-0.042432982474566,0.083203114569187,-1.1642809113255e-05,-0.095546096563339,-4.0438990254188e-05,0.0,0.0,0.074610471725464,-0.0015869492199272,-0.48489195108414,0.10754010826349,-5.2735653298441e-05,0.074610471725464,0.0,0.0,0.0,21.109899520874,0.0058755008503795,1.5794615745544,0,0,0,0,0,0,0,0,0,0,0,0,0,0,0,0,0,0,0,0,0,0,0,0,0,0,0,0,0,0,0,0
531,0.0,0.0,27.072025299072,168.57180786133,0.0,0.0,0.0,0.0,0.0,2.6657004356384,-1.4079476594925,-3.1362104415894,-0.10794430226088,-0.04387279227376,0.086032964289188,-1.6148800568772e-05,-0.095552697777748,-2.3731676265015e-05,0.0,0.0,0.073596477508545,-0.0059627769514918,-0.4679691195488,0.10697968304157,-2.3326043447014e-05,0.073596477508545,0.0,0.0,0.0,21.109991073608,0.0059603205882013,1.579376578331,0,0,0,0,0,0,0,0,0,0,0,0,0,0,0,0,0,0,0,0,0,0,0,0,0,0,0,0,0,0,0,0
532,0.0,0.0,26.471878051758,162.47761535645,0.0,0.0,0.0,0.0,0.0,2.6677238941193,-1.3124024868011,-3.1382205486298,-0.095356829464436,-0.044946394860744,0.088189497590065,6.1960935227034e-07,-0.095542944967747,-3.1479430617765e-05,0.0,0.0,0.071871966123581,-0.010477228090167,-0.45117551088333,0.10628772526979,-2.6664667984733e-06,0.071871966123581,0.0,0.0,0.0,21.10669708252,0.0060754306614399,1.5794627666473,0,0,0,0,0,0,0,0,0,0,0,0,0,0,0,0,0,0,0,0,0,0,0,0,0,0,0,0,0,0,0,0
533,0.0,0.0,25.616180419922,156.46209716797,0.0,0.0,0.0,0.0,0.0,2.6686568260193,-1.2168556451797,-3.1391315460205,-0.082602344453335,-0.045632507652044,0.089548140764236,-4.0014201658778e-06,-0.095549091696739,-1.5427774997079e-05,0.0,0.0,0.069455005228519,-0.01490761898458,-0.43460285663605,0.10491842776537,2.7111680537928e-05,0.069455005228519,0.0,0.0,0.0,21.107553482056,0.0061335163190961,1.5795050859451,0,0,0,0,0,0,0,0,0,0,0,0,0,0,0,0,0,0,0,0,0,0,0,0,0,0,0,0,0,0,0,0
534,0.0,0.0,24.524349212646,150.54437255859,0.0,0.0,0.0,0.0,0.0,2.6691794395447,-1.1213113069534,-3.1396343708038,-0.069801412522793,-0.045952718704939,0.090217232704163,1.019758565235e-05,-0.095543518662453,-2.3358968974208e-05,0.0,0.0,0.066393069922924,-0.019007908180356,-0.4183010160923,0.10321496427059,4.8128556954907e-05,0.066393069922924,0.0,0.0,0.0,21.114337921143,0.0062263878062367,1.5795067548752,0,0,0,0,0,0,0,0,0,0,0,0,0,0,0,0,0,0,0,0,0,0,0,0,0,0,0,0,0,0,0,0
535,0.0,0.0,23.20556640625,144.74354553223,0.0,0.0,0.0,0.0,0.0,2.6695165634155,-1.0257675647736,-3.1399445533752,-0.056974802166224,-0.045874830335379,0.090094089508057,1.1259625352977e-05,-0.095544144511223,-8.657899343234e-06,0.0,0.0,0.062718644738197,-0.022939266636968,-0.40231618285179,0.10117665678263,7.7852688264102e-05,0.062718644738197,0.0,0.0,0.0,21.11275100708,0.0062389872036874,1.5794194936752,0,0,0,0,0,0,0,0,0,0,0,0,0,0,0,0,0,0,0,0,0,0,0,0,0,0,0,0,0,0,0,0
536,0.0,0.0,21.672941207886,139.04537963867,0.0,0.0,0.0,0.0,0.0,2.6697459220886,-0.93022572994232,-3.1401493549347,-0.044175427407026,-0.045430105179548,0.08925711363554,2.3541722839582e-05,-0.095540896058083,-1.6971223885776e-05,0.0,0.0,0.058471016585827,-0.026651758700609,-0.38662967085838,0.099389858543873,9.7592987003736e-05,0.058471016585827,0.0,0.0,0.0,21.12208366394,0.006180442404002,1.5796449184418,0,0,0,0,0,0,0,0,0,0,0,0,0,0,0,0,0,0,0,0,0,0,0,0,0,0,0,0,0,0,0,0
537,0.0,0.0,19.969108581543,133.47198486328,0.0,0.0,0.0,0.0,0.0,2.6699135303497,-0.83468496799469,-3.1402864456177,-0.031477462500334,-0.044585920870304,0.087637543678284,2.5468203602941e-05,-0.09554073959589,-3.1459501315112e-06,0.0,0.0,0.053745184093714,-0.029611434787512,-0.37128236889839,0.097214676439762,0.00012604794756044,0.053745184093714,0.0,0.0,0.0,21.134294509888,0.0063915434293449,1.5797727108002,0,0,0,0,0,0,0,0,0,0,0,0,0,0,0,0,0,0,0,0,0,0,0,0,0,0,0,0,0,0,0,0
538,0.0,0.0,18.094017028809,128.03642272949,0.0,0.0,0.0,0.0,0.0,2.6700346469879,-0.73914629220963,-3.1403820514679,-0.018915632739663,-0.043388415127993,0.085316061973572,3.8671816582792e-05,-0.095538035035133,-1.2462256563595e-05,0.0,0.0,0.048559505492449,-0.032580498605967,-0.35629507899284,0.094814419746399,0.00014603346062358,0.048559505492449,0.0,0.0,0.0,21.146018981934,0.0064350659959018,1.5796871185303,0,0,0,0,0,0,0,0,0,0,0,0,0,0,0,0,0,0,0,0,0,0,0,0,0,0,0,0,0,0,0,0
539,0.0,0.0,16.075674057007,122.72102355957,0.0,0.0,0.0,0.0,0.0,2.6701283454895,-0.64360916614532,-3.1404457092285,-0.006573498249054,-0.041800774633884,0.082239106297493,4.1461407818133e-05,-0.095536433160305,2.1465393729159e-07,0.0,0.0,0.042982939630747,-0.035052660852671,-0.34163030982018,0.092719294130802,0.00017405358084943,0.042982939630747,0.0,0.0,0.0,21.167392730713,0.0065079503692687,1.5795260667801,0,0,0,0,0,0,0,0,0,0,0,0,0,0,0,0,0,0,0,0,0,0,0,0,0,0,0,0,0,0,0,0
540,0.0,0.0,13.937588691711,117.51150512695,0.0,0.0,0.0,0.0,0.0,2.6701984405518,-0.54807376861572,-3.1404912471771,0.0055397232063115,-0.039871849119663,0.078472301363945,5.3853153076489e-05,-0.095534630119801,-8.9547111201682e-06,0.0,0.0,0.037076722830534,-0.037122536450624,-0.32725229859352,0.090877443552017,0.0001941026566783,0.037076722830534,0.0,0.0,0.0,21.170862197876,0.0066795996390283,1.5793499946594,0,0,0,0,0,0,0,0,0,0,0,0,0,0,0,0,0,0,0,0,0,0,0,0,0,0,0,0,0,0,0,0
541,0.0,0.0,11.682216644287,112.39305877686,0.0,0.0,0.0,0.0,0.0,2.6702544689178,-0.45254001021385,-3.140519618988,0.017327073961496,-0.037566885352135,0.073982574045658,5.4882631957298e-05,-0.095533438026905,2.050031980616e-06,0.0,0.0,0.030863085761666,-0.039144337177277,-0.31312280893326,0.089290857315063,0.00021933314565104,0.030863085761666,0.0,0.0,0.0,21.178133010864,0.0067051025107503,1.5793200731277,0,0,0,0,0,0,0,0,0,0,0,0,0,0,0,0,0,0,0,0,0,0,0,0,0,0,0,0,0,0,0,0
542,0.0,0.0,9.3373346328735,107.3616027832,0.0,0.0,0.0,0.0,0.0,2.6702952384949,-0.35700812935829,-3.1405394077301,0.028778869658709,-0.034941621124744,0.068842306733131,6.8740613642149e-05,-0.095531091094017,-6.1221130636113e-06,0.0,0.0,0.024409327656031,-0.040687467902899,-0.29922011494637,0.087778426706791,0.00023843928647693,0.024409327656031,0.0,0.0,0.0,21.191030502319,0.0066375769674778,1.5792325735092,0,0,0,0,0,0,0,0,0,0,0,0,0,0,0,0,0,0,0,0,0,0,0,0,0,0,0,0,0,0,0,0
543,0.0,0.0,6.9271216392517,102.38652038574,0.0,0.0,0.0,0.0,0.0,2.6703286170959,-0.26147747039795,-3.1405489444733,0.039805173873901,-0.031960252672434,0.063018634915352,6.7901230067946e-05,-0.095530450344086,3.6792134778807e-06,0.0,0.0,0.01777695864439,-0.041804026812315,-0.28547441959381,0.086797535419464,0.00026212830562145,0.01777695864439,0.0,0.0,0.0,21.204446792603,0.0066772396676242,1.5792744159698,0,0,0,0,0,0,0,0,0,0,0,0,0,0,0,0,0,0,0,0,0,0,0,0,0,0,0,0,0,0,0,0
544,0.0,0.0,4.4924292564392,97.480072021484,0.0,0.0,0.0,0.0,0.0,2.6703515052795,-0.16594840586185,-3.1405556201935,0.050402838736773,-0.028685297816992,0.05659257620573,8.177112613339e-05,-0.095528304576874,-4.1863631849992e-06,0.0,0.0,0.011056073009968,-0.042213812470436,-0.27189046144485,0.085605956614017,0.00027959118597209,0.011056073009968,0.0,0.0,0.0,21.220470428467,0.0069354004226625,1.578822016716,0,0,0,0,0,0,0,0,0,0,0,0,0,0,0,0,0,0,0,0,0,0,0,0,0,0,0,0,0,0,0,0
545,0.0,0.0,2.0437161922455,92.599060058594,0.0,0.0,0.0,0.0,0.0,2.6703705787659,-0.070420160889626,-3.1405560970306,0.06047872081399,-0.025078592821956,0.049535553902388,7.8942292020656e-05,-0.095528207719326,4.7411649575224e-06,0.0,0.0,0.0042827888391912,-0.042437884956598,-0.2583743929863,0.085164859890938,0.00030021491693333,0.0042827888391912,0.0,0.0,0.0,21.247396469116,0.0074904882349074,1.5783236026764,0,0,0,0,0,0,0,0,0,0,0,0,0,0,0,0,0,0,0,0,0,0,0,0,0,0,0,0,0,0,0,0
546,0.0,0.0,0.44964820146561,87.730499267578,0.0,0.0,0.0,0.0,0.0,2.6703815460205,0.025106808170676,-3.1405568122864,0.070044539868832,-0.021211158484221,0.041933514177799,9.26412831177e-05,-0.095526248216629,-3.4299139315408e-06,0.0,0.0,-0.0025811798404902,-0.04320177808404,-0.24488414824009,0.084953814744949,0.00031564210075885,-0.0025811798404902,0.0,0.0,0.0,21.268793106079,0.0075405393727124,1.5780942440033,0,0,0,0,0,0,0,0,0,0,0,0,0,0,0,0,0,0,0,0,0,0,0,0,0,0,0,0,0,0,0,0
547,0.0,0.0,2.9337544441223,82.8759765625,0.0,0.0,0.0,0.0,0.0,2.6703913211823,0.12063334882259,-3.1405537128448,0.078998126089573,-0.01703873090446,0.03376679122448,8.7134147179313e-05,-0.09552688151598,5.4729794101149e-06,0.0,0.0,-0.009421655908227,-0.043022785335779,-0.23140566051006,0.084711514413357,0.00033304907265119,-0.009421655908227,0.0,0.0,0.0,21.282176971436,0.0074972691945732,1.5775394439697,0,0,0,0,0,0,0,0,0,0,0,0,0,0,0,0,0,0,0,0,0,0,0,0,0,0,0,0,0,0,0,0
548,0.0,0.0,5.4017930030823,77.999473571777,0.0,0.0,0.0,0.0,0.0,2.6703944206238,0.21615895628929,-3.1405537128448,0.087367728352547,-0.012646377086639,0.025117186829448,0.00010064848174807,-0.095525071024895,-3.3957151117647e-06,0.0,0.0,-0.016210224479437,-0.042730256915092,-0.21785569190979,0.085101440548897,0.00034514162689447,-0.016210224479437,0.0,0.0,0.0,21.296382904053,0.0073251794092357,1.5770322084427,0,0,0,0,0,0,0,0,0,0,0,0,0,0,0,0,0,0,0,0,0,0,0,0,0,0,0,0,0,0,0,0
549,0.0,0.0,7.829824924469,73.05126953125,0.0,0.0,0.0,0.0,0.0,2.6703975200653,0.31168460845947,-3.1405503749847,0.095040082931519,-0.0079863080754876,0.015986861661077,9.4407208962366e-05,-0.095525778830051,5.251199581835e-06,0.0,0.0,-0.022886078804731,-0.042017091065645,-0.20412753522396,0.086355552077293,0.00036005687434226,-0.022886078804731,0.0,0.0,0.0,21.312910079956,0.0073674619197845,1.577018737793,0,0,0,0,0,0,0,0,0,0,0,0,0,0,0,0,0,0,0,0,0,0,0,0,0,0,0,0,0,0,0,0
550,0.0,0.0,10.180334091187,68.090896606445,0.0,0.0,0.0,0.0,0.0,2.6703948974609,0.4072100520134,-3.140552520752,0.1020737811923,-0.0031388183124363,0.0064365742728114,0.00010512066364754,-0.095525309443474,-4.4854691623186e-06,0.0,0.0,-0.029363675042987,-0.040654614567757,-0.1903111487627,0.086573727428913,0.00036950808134861,-0.029363675042987,0.0,0.0,0.0,21.316261291504,0.0073396051302552,1.5761700868607,0,0,0,0,0,0,0,0,0,0,0,0,0,0,0,0,0,0,0,0,0,0,0,0,0,0,0,0,0,0,0,0
551,0.0,0.0,12.47047996521,63.057929992676,0.0,0.0,0.0,0.0,0.0,2.6703939437866,0.50273579359055,-3.1405520439148,0.10834297537804,0.0019315640674904,-0.0035004338715225,9.8141405032948e-05,-0.095525860786438,3.8859998312546e-06,0.0,0.0,-0.035656526684761,-0.039590623229742,-0.17628228664398,0.087843745946884,0.00037996395258233,-0.035656526684761,0.0,0.0,0.0,21.340118408203,0.0070323599502444,1.5754437446594,0,0,0,0,0,0,0,0,0,0,0,0,0,0,0,0,0,0,0,0,0,0,0,0,0,0,0,0,0,0,0,0
552,0.0,0.0,14.652292251587,57.925231933594,0.0,0.0,0.0,0.0,0.0,2.6703884601593,0.5982620716095,-3.1405580043793,0.11391897499561,0.0071511310525239,-0.013787781819701,0.00010647243470885,-0.095526471734047,-6.5490285123815e-06,0.0,0.0,-0.041658651083708,-0.037693455815315,-0.16197639703751,0.089589834213257,0.00038635361124761,-0.041658651083708,0.0,0.0,0.0,21.351400375366,0.0069837104529142,1.5748286247253,0,0,0,0,0,0,0,0,0,0,0,0,0,0,0,0,0,0,0,0,0,0,0,0,0,0,0,0,0,0,0,0
553,0.0,0.0,16.708292007446,52.69620513916,0.0,0.0,0.0,0.0,0.0,2.6703848838806,0.69378906488419,-3.1405613422394,0.1186796054244,0.012545827776194,-0.024364583194256,9.9067365226801e-05,-0.095527097582817,1.3551680240198e-06,0.0,0.0,-0.04731909930706,-0.035492032766342,-0.14738798141479,0.091273985803127,0.00039191506220959,-0.04731909930706,0.0,0.0,0.0,21.364868164062,0.0070629795081913,1.5740996599197,0,0,0,0,0,0,0,0,0,0,0,0,0,0,0,0,0,0,0,0,0,0,0,0,0,0,0,0,0,0,0,0
554,0.0,0.0,18.635913848877,47.344360351562,0.0,0.0,0.0,0.0,0.0,2.6703777313232,0.78931701183319,-3.1405715942383,0.12270417064428,0.018052449449897,-0.035211946815252,0.00010516766633373,-0.095528334379196,-9.0681360234157e-06,0.0,0.0,-0.052613835781813,-0.033248249441385,-0.13245813548565,0.09342285245657,0.00039512704825029,-0.052613835781813,0.0,0.0,0.0,21.384624481201,0.0070862183347344,1.5736315250397,0,0,0,0,0,0,0,0,0,0,0,0,0,0,0,0,0,0,0,0,0,0,0,0,0,0,0,0,0,0,0,0
555,0.0,0.0,20.377534866333,41.886703491211,0.0,0.0,0.0,0.0,0.0,2.6703734397888,0.88484609127045,-3.1405792236328,0.12587584555149,0.0236796438694,-0.046248592436314,9.770218457561e-05,-0.095529347658157,-2.0135332761129e-06,0.0,0.0,-0.057417690753937,-0.030000315979123,-0.11721180379391,0.09527226537466,0.00039670572732575,-0.057417690753937,0.0,0.0,0.0,21.392778396606,0.0075434199534357,1.5728406906128,0,0,0,0,0,0,0,0,0,0,0,0,0,0,0,0,0,0,0,0,0,0,0,0,0,0,0,0,0,0,0,0
556,0.0,0.0,21.961275100708,36.337894439697,0.0,0.0,0.0,0.0,0.0,2.67036485672,0.98037672042847,-3.1405959129333,0.12827426195145,0.029372405260801,-0.057472173124552,0.00010264087177347,-0.095531210303307,-1.3644461432705e-05,0.0,0.0,-0.061762321740389,-0.027244284749031,-0.10167248547077,0.096867553889751,0.00039718416519463,-0.061762321740389,0.0,0.0,0.0,21.408197402954,0.0075862505473197,1.5717366933823,0,0,0,0,0,0,0,0,0,0,0,0,0,0,0,0,0,0,0,0,0,0,0,0,0,0,0,0,0,0,0,0
557,0.0,0.0,23.358533859253,30.666320800781,0.0,0.0,0.0,0.0,0.0,2.6703588962555,1.075908780098,-3.1406104564667,0.12980395555496,0.035137940198183,-0.068781852722168,9.5262425020337e-05,-0.095532491803169,-7.2526959229435e-06,0.0,0.0,-0.065575979650021,-0.023993184790015,-0.085785992443562,0.099012635648251,0.00039357406785712,-0.065575979650021,0.0,0.0,0.0,21.409227371216,0.0075518698431551,1.5707716941833,0,0,0,0,0,0,0,0,0,0,0,0,0,0,0,0,0,0,0,0,0,0,0,0,0,0,0,0,0,0,0,0
558,0.0,0.0,24.549947738647,24.9231300354,0.0,0.0,0.0,0.0,0.0,2.6703464984894,1.1714428663254,-3.1406364440918,0.13053902983665,0.040926795452833,-0.08018770813942,9.9133569165133e-05,-0.095534689724445,-1.8821663616109e-05,0.0,0.0,-0.068806111812592,-0.020403126254678,-0.069652728736401,0.10026653110981,0.00039097914122976,-0.068806111812592,0.0,0.0,0.0,21.418294906616,0.0073152664117515,1.5692352056503,0,0,0,0,0,0,0,0,0,0,0,0,0,0,0,0,0,0,0,0,0,0,0,0,0,0,0,0,0,0,0,0
559,0.0,0.0,25.509889602661,19.039667129517,0.0,0.0,0.0,0.0,0.0,2.6703343391418,1.2669786214828,-3.1406629085541,0.13040161132812,0.046732969582081,-0.091578528285027,9.2044479970355e-05,-0.095536343753338,-1.2951084499946e-05,0.0,0.0,-0.07138954102993,-0.016370555385947,-0.053161483258009,0.10271709412336,0.00038357317680493,-0.07138954102993,0.0,0.0,0.0,21.426147460938,0.007317294832319,1.5683482885361,0,0,0,0,0,0,0,0,0,0,0,0,0,0,0,0,0,0,0,0,0,0,0,0,0,0,0,0,0,0,0,0
560,0.0,0.0,26.22992515564,13.093693733215,0.0,0.0,0.0,0.0,0.0,2.670303106308,1.3625166416168,-3.1407136917114,0.12945954501629,0.052517805248499,-0.102972202003,9.5398987468798e-05,-0.095538683235645,-2.4475670215907e-05,0.0,0.0,-0.073297157883644,-0.012189370580018,-0.036472108215094,0.10381127893925,0.0003776459780056,-0.073297157883644,0.0,0.0,0.0,21.437288284302,0.0072784400545061,1.5671844482422,0,0,0,0,0,0,0,0,0,0,0,0,0,0,0,0,0,0,0,0,0,0,0,0,0,0,0,0,0,0,0,0
561,0.0,0.0,26.705690383911,7.0986366271973,0.0,0.0,0.0,0.0,0.0,2.6702318191528,1.4580566883087,-3.1408050060272,0.12765617668629,0.058265138417482,-0.11425094306469,8.8921493443195e-05,-0.095540717244148,-1.9014072677237e-05,0.0,0.0,-0.074510745704174,-0.0079376930370927,-0.019633255898952,0.10467027872801,0.00036595592973754,-0.074510745704174,0.0,0.0,0.0,21.447917938232,0.0071393754333258,1.5658768415451,0,0,0,0,0,0,0,0,0,0,0,0,0,0,0,0,0,0,0,0,0,0,0,0,0,0,0,0,0,0,0,0
562,0.0,0.0,26.899030685425,1.0741426944733,0.0,0.0,0.0,0.0,0.0,2.6692354679108,1.5535989999771,3.1413586139679,0.12505210936069,0.063946761190891,-0.12543800473213,9.2268324806355e-05,-0.095543056726456,-3.026524791494e-05,0.0,0.0,-0.074953734874725,-0.0030177622102201,-0.0027079777792096,0.10518639534712,0.00035667716292664,-0.074953734874725,0.0,0.0,0.0,21.460676193237,0.0074650873430073,1.5644869804382,0,0,0,0,0,0,0,0,0,0,0,0,0,0,0,0,0,0,0,0,0,0,0,0,0,0,0,0,0,0,0,0
563,0.0,0.0,26.86775970459,4.933244228363,0.0,0.0,0.0,0.0,0.0,-0.47092786431313,1.492448925972,0.0011693536071107,0.12161269783974,0.069537110626698,-0.13641265034676,8.6540407210123e-05,-0.095545426011086,-2.4868852051441e-05,0.0,0.0,-0.074728846549988,0.00088773044990376,0.014189389534295,0.10488999634981,0.0003419398854021,-0.074728846549988,0.0,0.0,0.0,21.456130981445,0.0072145815938711,1.5627360343933,0,0,0,0,0,0,0,0,0,0,0,0,0,0,0,0,0,0,0,0,0,0,0,0,0,0,0,0,0,0,0,0
564,0.0,0.0,26.571086883545,10.938677787781,0.0,0.0,0.0,0.0,0.0,-0.47105053067207,1.3969020843506,0.0010154625633731,0.11739038676023,0.075018167495728,-0.14720214903355,9.016745025292e-05,-0.095547586679459,-3.5569551982917e-05,0.0,0.0,-0.073763936758041,0.0055074822157621,0.031057588756084,0.10485728830099,0.00032955504138954,-0.073763936758041,0.0,0.0,0.0,21.459949493408,0.0071131903678179,1.561260342598,0,0,0,0,0,0,0,0,0,0,0,0,0,0,0,0,0,0,0,0,0,0,0,0,0,0,0,0,0,0,0,0
565,0.0,0.0,26.042032241821,16.901678085327,0.0,0.0,0.0,0.0,0.0,-0.4710833132267,1.3013526201248,0.00095168937696144,0.11237304657698,0.080355815589428,-0.15768550336361,8.5151856183074e-05,-0.095550246536732,-2.9829658160452e-05,0.0,0.0,-0.072125665843487,0.0095451008528471,0.047794464975595,0.10411871224642,0.00031138132908382,-0.072125665843487,0.0,0.0,0.0,21.455930709839,0.0066623603925109,1.5597895383835,0,0,0,0,0,0,0,0,0,0,0,0,0,0,0,0,0,0,0,0,0,0,0,0,0,0,0,0,0,0,0,0
566,0.0,0.0,25.232383728027,22.801147460938,0.0,0.0,0.0,0.0,0.0,-0.47108721733093,1.2058011293411,0.00091147149214521,0.10660391300917,0.085542246699333,-0.16789315640926,8.9145243691746e-05,-0.095552086830139,-3.9745769754518e-05,0.0,0.0,-0.069735817611217,0.014427343383431,0.064337193965912,0.10301062464714,0.0002963064762298,-0.069735817611217,0.0,0.0,0.0,21.452600479126,0.0068302331492305,1.5584806203842,0,0,0,0,0,0,0,0,0,0,0,0,0,0,0,0,0,0,0,0,0,0,0,0,0,0,0,0,0,0,0,0
567,0.0,0.0,24.211223602295,28.585971832275,0.0,0.0,0.0,0.0,0.0,-0.47108554840088,1.1102470159531,0.00087749771773815,0.10009393841028,0.090535640716553,-0.17770618200302,8.4671773947775e-05,-0.095555007457733,-3.3259948395425e-05,0.0,0.0,-0.066734924912453,0.018098022788763,0.080573417246342,0.10101122409105,0.0002754234301392,-0.066734924912453,0.0,0.0,0.0,21.453300476074,0.0067233731970191,1.5567033290863,0,0,0,0,0,0,0,0,0,0,0,0,0,0,0,0,0,0,0,0,0,0,0,0,0,0,0,0,0,0,0,0
568,0.0,0.0,22.964622497559,34.295421600342,0.0,0.0,0.0,0.0,0.0,-0.47107508778572,1.0146911144257,0.0008473438792862,0.092875808477402,0.095338501036167,-0.18715743720531,8.893809717847e-05,-0.095556363463402,-4.2242430936312e-05,0.0,0.0,-0.063112109899521,0.02201509103179,0.096560113132,0.099695645272732,0.00025778074632399,-0.063112109899521,0.0,0.0,0.0,21.438526153564,0.0066613689996302,1.5553767681122,0,0,0,0,0,0,0,0,0,0,0,0,0,0,0,0,0,0,0,0,0,0,0,0,0,0,0,0,0,0,0,0
569,0.0,0.0,21.510070800781,39.881538391113,0.0,0.0,0.0,0.0,0.0,-0.47106367349625,0.91913259029388,0.00081949424929917,0.084984384477139,0.099901802837849,-0.19613240659237,8.4748331573792e-05,-0.095559522509575,-3.4656994102988e-05,0.0,0.0,-0.058919221162796,0.025621334090829,0.1122018173337,0.097544357180595,0.00023461069213226,-0.058919221162796,0.0,0.0,0.0,21.433143615723,0.0067509636282921,1.5539083480835,0,0,0,0,0,0,0,0,0,0,0,0,0,0,0,0,0,0,0,0,0,0,0,0,0,0,0,0,0,0,0,0
570,0.0,0.0,19.880537033081,45.365623474121,0.0,0.0,0.0,0.0,0.0,-0.47104716300964,0.82357251644135,0.00079209089744836,0.07643973082304,0.10423873364925,-0.20466543734074,8.9059460151475e-05,-0.095560230314732,-4.2663989006542e-05,0.0,0.0,-0.054234869778156,0.028655562549829,0.12753421068192,0.095762744545937,0.00021485006436706,-0.054234869778156,0.0,0.0,0.0,21.43185043335,0.0066222590394318,1.5526238679886,0,0,0,0,0,0,0,0,0,0,0,0,0,0,0,0,0,0,0,0,0,0,0,0,0,0,0,0,0,0,0,0
571,0.0,0.0,18.068004608154,50.727169036865,0.0,0.0,0.0,0.0,0.0,-0.47103068232536,0.72800999879837,0.00076684588566422,0.067301951348782,0.10829351097345,-0.21264888346195,8.4844330558553e-05,-0.095563672482967,-3.3715794415912e-05,0.0,0.0,-0.049065008759499,0.031824450939894,0.14252147078514,0.093624979257584,0.00018978657317348,-0.049065008759499,0.0,0.0,0.0,21.41819190979,0.0068147173151374,1.5513459444046,0,0,0,0,0,0,0,0,0,0,0,0,0,0,0,0,0,0,0,0,0,0,0,0,0,0,0,0,0,0,0,0
572,0.0,0.0,16.118049621582,55.98327255249,0.0,0.0,0.0,0.0,0.0,-0.47101071476936,0.63244622945786,0.00074093043804169,0.057575855404139,0.11209020763636,-0.22011728584766,8.8899614638649e-05,-0.095563583076,-4.0829239878803e-05,0.0,0.0,-0.043512914329767,0.034201454371214,0.15720091760159,0.091783039271832,0.00016830660752021,-0.043512914329767,0.0,0.0,0.0,21.408786773682,0.0068212230689824,1.5501224994659,0,0,0,0,0,0,0,0,0,0,0,0,0,0,0,0,0,0,0,0,0,0,0,0,0,0,0,0,0,0,0,0
573,0.0,0.0,14.043286323547,61.114822387695,0.0,0.0,0.0,0.0,0.0,-0.47099131345749,0.53688013553619,0.00071768881753087,0.047348402440548,0.11556681990623,-0.22697289288044,8.4327824879438e-05,-0.095567367970943,-3.0360835808096e-05,0.0,0.0,-0.037622831761837,0.036353316158056,0.17154715955257,0.089609831571579,0.00014188249770086,-0.037622831761837,0.0,0.0,0.0,21.397260665894,0.0069266171194613,1.5485634803772,0,0,0,0,0,0,0,0,0,0,0,0,0,0,0,0,0,0,0,0,0,0,0,0,0,0,0,0,0,0,0,0
574,0.0,0.0,11.86061668396,66.182731628418,0.0,0.0,0.0,0.0,0.0,-0.47096946835518,0.44131335616112,0.00069331662962213,0.036606200039387,0.11875817924738,-0.23324805498123,8.7842134234961e-05,-0.09556632488966,-3.6782595998375e-05,0.0,0.0,-0.031444512307644,0.038213811814785,0.18568380177021,0.088496558368206,0.00011904432176379,-0.031444512307644,0.0,0.0,0.0,21.396760940552,0.0068342471495271,1.5474623441696,0,0,0,0,0,0,0,0,0,0,0,0,0,0,0,0,0,0,0,0,0,0,0,0,0,0,0,0,0,0,0,0
575,0.0,0.0,9.579776763916,71.144248962402,0.0,0.0,0.0,0.0,0.0,-0.47094875574112,0.34574422240257,0.00067238736664876,0.025464463979006,0.12159705162048,-0.23885887861252,8.2582053437363e-05,-0.09557056427002,-2.4757691790001e-05,0.0,0.0,-0.025015773251653,0.039900023490191,0.19954612851143,0.086640171706676,9.1855123173445e-05,-0.025015773251653,0.0,0.0,0.0,21.378532409668,0.0070694293826818,1.5460157394409,0,0,0,0,0,0,0,0,0,0,0,0,0,0,0,0,0,0,0,0,0,0,0,0,0,0,0,0,0,0,0,0
576,0.0,0.0,7.219714641571,76.073738098145,0.0,0.0,0.0,0.0,0.0,-0.4709264934063,0.25017490983009,0.00065018405439332,0.013888919726014,0.1241282299161,-0.24383245408535,8.5368650616147e-05,-0.095568470656872,-3.077780638705e-05,0.0,0.0,-0.018389139324427,0.041258864104748,0.21328575909138,0.086077891290188,6.8003835622221e-05,-0.018389139324427,0.0,0.0,0.0,21.35976600647,0.0071859736926854,1.5451530218124,0,0,0,0,0,0,0,0,0,0,0,0,0,0,0,0,0,0,0,0,0,0,0,0,0,0,0,0,0,0,0,0
577,0.0,0.0,4.826171875,80.934745788574,0.0,0.0,0.0,0.0,0.0,-0.47090610861778,0.15460330247879,0.0006324002170004,0.0020238519646227,0.1262808740139,-0.24810279905796,7.9099663707893e-05,-0.095573268830776,-1.7289368770435e-05,0.0,0.0,-0.011667800135911,0.041815876960754,0.22685290873051,0.084882631897926,4.0673821786186e-05,-0.011667800135911,0.0,0.0,0.0,21.336946487427,0.0071400250308216,1.5438425540924,0,0,0,0,0,0,0,0,0,0,0,0,0,0,0,0,0,0,0,0,0,0,0,0,0,0,0,0,0,0,0,0
578,0.0,0.0,2.4127371311188,85.766784667969,0.0,0.0,0.0,0.0,0.0,-0.47088503837585,0.059032008051872,0.0006134498398751,-0.010187744162977,0.12810811400414,-0.25168853998184,8.1130528997164e-05,-0.095570087432861,-2.3237751520355e-05,0.0,0.0,-0.004893533885479,0.042138509452343,0.24033623933792,0.084373041987419,1.6129528376041e-05,-0.004893533885479,0.0,0.0,0.0,21.311220169067,0.0068269982002676,1.5424627065659,0,0,0,0,0,0,0,0,0,0,0,0,0,0,0,0,0,0,0,0,0,0,0,0,0,0,0,0,0,0,0,0
579,0.0,0.0,0.042003706097603,90.606086730957,0.0,0.0,0.0,0.0,0.0,-0.47086682915688,-0.036541651934385,0.0006001660367474,-0.022573005408049,0.12953794002533,-0.25454568862915,7.3586117650848e-05,-0.095575526356697,-8.4912335296394e-06,0.0,0.0,0.0019541024230421,0.042832497507334,0.25381988286972,0.084499403834343,-1.0813746484928e-05,0.0019541024230421,0.0,0.0,0.0,21.296375274658,0.0067045190371573,1.5416141748428,0,0,0,0,0,0,0,0,0,0,0,0,0,0,0,0,0,0,0,0,0,0,0,0,0,0,0,0,0,0,0,0
580,0.0,0.0,2.5190489292145,95.446182250977,0.0,0.0,0.0,0.0,0.0,-0.47084891796112,-0.13211449980736,0.00058611482381821,-0.035212110728025,0.13062931597233,-0.25668069720268,7.497621118091e-05,-0.09557131677866,-1.4689600902784e-05,0.0,0.0,0.0088247004896402,0.043196808546782,0.26730814576149,0.084508456289768,-3.5785535146715e-05,0.0088247004896402,0.0,0.0,0.0,21.26989364624,0.0069354418665171,1.5409107208252,0,0,0,0,0,0,0,0,0,0,0,0,0,0,0,0,0,0,0,0,0,0,0,0,0,0,0,0,0,0,0,0
581,0.0,0.0,4.9578385353088,100.29788970947,0.0,0.0,0.0,0.0,0.0,-0.47083526849747,-0.2276898175478,0.0005794174503535,-0.047905925661325,0.13131223618984,-0.25807631015778,6.6011380113196e-05,-0.095577396452427,1.053098912962e-06,0.0,0.0,0.015588928945363,0.042502954602242,0.28083848953247,0.084710471332073,-6.1952392570674e-05,0.015588928945363,0.0,0.0,0.0,21.247190475464,0.0069098393432796,1.5399037599564,0,0,0,0,0,0,0,0,0,0,0,0,0,0,0,0,0,0,0,0,0,0,0,0,0,0,0,0,0,0,0,0
582,0.0,0.0,7.3537826538086,105.18781280518,0.0,0.0,0.0,0.0,0.0,-0.47082313895226,-0.3232638835907,0.00057257496519014,-0.060754340142012,0.13164979219437,-0.25872173905373,6.7067652707919e-05,-0.095572270452976,-6.1279879446374e-06,0.0,0.0,0.022222677245736,0.041729789227247,0.29447463154793,0.085372067987919,-8.7320135207847e-05,0.022222677245736,0.0,0.0,0.0,21.205331802368,0.0067525943741202,1.5388411283493,0,0,0,0,0,0,0,0,0,0,0,0,0,0,0,0,0,0,0,0,0,0,0,0,0,0,0,0,0,0,0,0
583,0.0,0.0,9.7331008911133,110.14032745361,0.0,0.0,0.0,0.0,0.0,-0.47081732749939,-0.41884046792984,0.0005752281867899,-0.073539778590202,0.1315740942955,-0.25863155722618,5.6677730754018e-05,-0.095578767359257,1.0296753316652e-05,0.0,0.0,0.028755273669958,0.041414320468903,0.3082777261734,0.086463294923306,-0.00011262041516602,0.028755273669958,0.0,0.0,0.0,21.169208526611,0.0071094362065196,1.5381722450256,0,0,0,0,0,0,0,0,0,0,0,0,0,0,0,0,0,0,0,0,0,0,0,0,0,0,0,0,0,0,0,0
584,0.0,0.0,12.032025337219,115.19634246826,0.0,0.0,0.0,0.0,0.0,-0.47081500291824,-0.51441562175751,0.0005796832847409,-0.086380362510681,0.13114823400974,-0.25777694582939,5.7616121921455e-05,-0.095573283731937,2.9548989459727e-06,0.0,0.0,0.035053297877312,0.03998589143157,0.32233667373657,0.088263653218746,-0.00013790909724776,0.035053297877312,0.0,0.0,0.0,21.141061782837,0.0070967921055853,1.5379288196564,0,0,0,0,0,0,0,0,0,0,0,0,0,0,0,0,0,0,0,0,0,0,0,0,0,0,0,0,0,0,0,0
585,0.0,0.0,14.234757423401,120.29020690918,0.0,0.0,0.0,0.0,0.0,-0.47082230448723,-0.60999339818954,0.00059786450583488,-0.099039860069752,0.13031496107578,-0.25620228052139,4.6177283365978e-05,-0.095579981803894,1.9964252714999e-05,0.0,0.0,0.041070468723774,0.038283716887236,0.33654311299324,0.088922262191772,-0.00016121134103741,0.041070468723774,0.0,0.0,0.0,21.101621627808,0.0073396200314164,1.5368858575821,0,0,0,0,0,0,0,0,0,0,0,0,0,0,0,0,0,0,0,0,0,0,0,0,0,0,0,0,0,0,0,0
586,0.0,0.0,16.336835861206,125.5369720459,0.0,0.0,0.0,0.0,0.0,-0.47083649039268,-0.70556968450546,0.00062115926994011,-0.11164887994528,0.12913373112679,-0.25385937094688,4.7475932660745e-05,-0.095574446022511,1.1744897165045e-05,0.0,0.0,0.046780407428741,0.036501564085484,0.35111859440804,0.091584667563438,-0.0001866283128038,0.046780407428741,0.0,0.0,0.0,21.068084716797,0.0073758251965046,1.5367261171341,0,0,0,0,0,0,0,0,0,0,0,0,0,0,0,0,0,0,0,0,0,0,0,0,0,0,0,0,0,0,0,0
587,0.0,0.0,18.297101974487,130.91786193848,0.0,0.0,0.0,0.0,0.0,-0.47086641192436,-0.80114847421646,0.00066492287442088,-0.12396616488695,0.12755820155144,-0.25082674622536,3.5629625926958e-05,-0.095580913126469,2.9045202609268e-05,0.0,0.0,0.052089489996433,0.034004721790552,0.36603686213493,0.093923091888428,-0.00020836616749875,0.052089489996433,0.0,0.0,0.0,21.038738250732,0.0071117649786174,1.5368490219116,0,0,0,0,0,0,0,0,0,0,0,0,0,0,0,0,0,0,0,0,0,0,0,0,0,0,0,0,0,0,0,0
588,0.0,0.0,20.110412597656,136.40216064453,0.0,0.0,0.0,0.0,0.0,-0.47091084718704,-0.89672595262527,0.00072144286241382,-0.13612532615662,0.12564118206501,-0.24703530967236,3.7494246498682e-05,-0.095575869083405,1.9960800273111e-05,0.0,0.0,0.056972097605467,0.031414594501257,0.38124549388885,0.095721773803234,-0.00023366710229311,0.056972097605467,0.0,0.0,0.0,21.008796691895,0.0070145004428923,1.5367552042007,0,0,0,0,0,0,0,0,0,0,0,0,0,0,0,0,0,0,0,0,0,0,0,0,0,0,0,0,0,0,0,0
589,0.0,0.0,21.761148452759,142.00007629395,0.0,0.0,0.0,0.0,0.0,-0.47098487615585,-0.99230569601059,0.00081337511073798,-0.14788907766342,0.12335174530745,-0.24259528517723,2.7204594516661e-05,-0.095580913126469,3.7542005884461e-05,0.0,0.0,0.061382237821817,0.028557708486915,0.39676424860954,0.097701519727707,-0.00025304951122962,0.061382237821817,0.0,0.0,0.0,20.976001739502,0.0071199694648385,1.5365594625473,0,0,0,0,0,0,0,0,0,0,0,0,0,0,0,0,0,0,0,0,0,0,0,0,0,0,0,0,0,0,0,0
590,0.0,0.0,23.223886489868,147.76116943359,0.0,0.0,0.0,0.0,0.0,-0.4710952937603,-1.0878838300705,0.00094003282720223,-0.15936622023582,0.1207272335887,-0.23741690814495,2.7920068532694e-05,-0.09557643532753,2.8145619580755e-05,0.0,0.0,0.065256983041763,0.025253288447857,0.41267994046211,0.1005427390337,-0.00027632064302452,0.065256983041763,0.0,0.0,0.0,20.945400238037,0.0071067311801016,1.536999464035,0,0,0,0,0,0,0,0,0,0,0,0,0,0,0,0,0,0,0,0,0,0,0,0,0,0,0,0,0,0,0,0
591,0.0,0.0,24.465068817139,153.6058807373,0.0,0.0,0.0,0.0,0.0,-0.47127282619476,-1.1834626197815,0.0011409295257181,-0.17039801180363,0.11776430159807,-0.23164381086826,2.1654097508872e-05,-0.09558030217886,4.6312619815581e-05,0.0,0.0,0.068521089851856,0.02136986143887,0.42883902788162,0.10199829190969,-0.00029283773619682,0.068521089851856,0.0,0.0,0.0,20.909114837646,0.0070544462651014,1.5368733406067,0,0,0,0,0,0,0,0,0,0,0,0,0,0,0,0,0,0,0,0,0,0,0,0,0,0,0,0,0,0,0,0
592,0.0,0.0,25.47777557373,159.5633392334,0.0,0.0,0.0,0.0,0.0,-0.47158032655716,-1.2790405750275,0.00147061701864,-0.18102420866489,0.11448021233082,-0.22517225146294,2.297473292856e-05,-0.095576703548431,3.6067540349904e-05,0.0,0.0,0.071147985756397,0.017358276993036,0.44528213143349,0.10396132618189,-0.00031681274413131,0.071147985756397,0.0,0.0,0.0,20.884420394897,0.0069440924562514,1.5368623733521,0,0,0,0,0,0,0,0,0,0,0,0,0,0,0,0,0,0,0,0,0,0,0,0,0,0,0,0,0,0,0,0
593,0.0,0.0,26.247800827026,165.63259887695,0.0,0.0,0.0,0.0,0.0,-0.47221931815147,-1.3746191263199,0.0021413350477815,-0.19110816717148,0.11090401560068,-0.21818014979362,1.9618100850494e-05,-0.095577731728554,5.2925053751096e-05,0.0,0.0,0.073100537061691,0.013103642500937,0.46199050545692,0.10590916126966,-0.00033580505987629,0.073100537061691,0.0,0.0,0.0,20.869029998779,0.0067842658609152,1.53722012043,0,0,0,0,0,0,0,0,0,0,0,0,0,0,0,0,0,0,0,0,0,0,0,0,0,0,0,0,0,0,0,0
594,0.0,0.0,26.774696350098,171.76416015625,0.0,0.0,0.0,0.0,0.0,-0.47410824894905,-1.4701977968216,0.0040572015568614,-0.20068167150021,0.10701504349709,-0.21053840219975,1.5448766134796e-05,-0.095579370856285,4.3726784497267e-05,0.0,0.0,0.074372746050358,0.0088427178561687,0.47885310649872,0.10699107497931,-0.00035336602013558,0.074372746050358,0.0,0.0,0.0,20.844039916992,0.0068372222594917,1.5375344753265,0,0,0,0,0,0,0,0,0,0,0,0,0,0,0,0,0,0,0,0,0,0,0,0,0,0,0,0,0,0,0,0
595,0.0,0.0,27.042297363281,177.91976928711,0.0,0.0,0.0,0.0,0.0,-0.5483940243721,-1.56576192379,0.078378483653069,-0.20966857671738,0.1028646081686,-0.20239825546741,1.5520545275649e-05,-0.095578491687775,6.0921254771529e-05,0.0,0.0,0.074930116534233,0.0043058013543487,0.49577632546425,0.10740524530411,-0.00036470551276579,0.074930116534233,0.0,0.0,0.0,20.82488822937,0.0069756838493049,1.5375868082047,0,0,0,0,0,0,0,0,0,0,0,0,0,0,0,0,0,0,0,0,0,0,0,0,0,0,0,0,0,0,0,0
596,0.0,0.0,27.03123664856,175.88269042969,0.0,0.0,0.0,0.0,0.0,2.6757771968842,-1.4802346229553,3.1374278068542,-0.21802753210068,0.098441876471043,-0.19370843470097,1.4252879736887e-05,-0.095581263303757,5.0392118282616e-05,0.0,0.0,0.074735425412655,-0.0005782712250948,-0.48723077774048,0.10813455283642,-0.00038521568058059,0.074735425412655,0.0,0.0,0.0,20.804636001587,0.00689418008551,1.5380990505219,0,0,0,0,0,0,0,0,0,0,0,0,0,0,0,0,0,0,0,0,0,0,0,0,0,0,0,0,0,0,0,0
597,0.0,0.0,26.744443893433,169.68601989746,0.0,0.0,0.0,0.0,0.0,2.6735546588898,-1.3846564292908,3.1396956443787,-0.22574332356453,0.093803271651268,-0.18459078669548,1.9523400624166e-05,-0.095576599240303,6.9658191932831e-05,0.0,0.0,0.073797613382339,-0.0053990399464965,-0.47027054429054,0.10811342298985,-0.00039356551133096,0.073797613382339,0.0,0.0,0.0,20.78328704834,0.0067107491195202,1.5388906002045,0,0,0,0,0,0,0,0,0,0,0,0,0,0,0,0,0,0,0,0,0,0,0,0,0,0,0,0,0,0,0,0
598,0.0,0.0,26.189506530762,163.53492736816,0.0,0.0,0.0,0.0,0.0,2.6728532314301,-1.2890759706497,3.1404418945312,-0.23274250328541,0.088923819363117,-0.17501871287823,1.5546242138953e-05,-0.095582507550716,6.0757967730751e-05,0.0,0.0,0.072136297821999,-0.010096012614667,-0.45344653725624,0.10731653869152,-0.00041055146721192,0.072136297821999,0.0,0.0,0.0,20.763244628906,0.0064626508392394,1.5397255420685,0,0,0,0,0,0,0,0,0,0,0,0,0,0,0,0,0,0,0,0,0,0,0,0,0,0,0,0,0,0,0,0
599,0.0,0.0,25.388887405396,157.47732543945,0.0,0.0,0.0,0.0,0.0,2.6725060939789,-1.1934976577759,3.1408421993256,-0.23905976116657,0.083871230483055,-0.16506460309029,2.5322387955384e-05,-0.095575526356697,7.7625460107811e-05,0.0,0.0,0.069803200662136,-0.014389543794096,-0.43686619400978,0.10567781329155,-0.00041609033360146,0.069803200662136,0.0,0.0,0.0,20.737421035767,0.0063467128202319,1.540225982666,0,0,0,0,0,0,0,0,0,0,0,0,0,0,0,0,0,0,0,0,0,0,0,0,0,0,0,0,0,0,0,0
600,0.0,0.0,24.360227584839,151.52153015137,0.0,0.0,0.0,0.0,0.0,2.672308921814,-1.0979167222977,3.1410934925079,-0.24458296597004,0.078618116676807,-0.15476974844933,1.9393115508137e-05,-0.095584020018578,6.8536894104909e-05,0.0,0.0,0.066841378808022,-0.018381772562861,-0.42055958509445,0.10390067845583,-0.00042828806908801,0.066841378808022,0.0,0.0,0.0,20.718090057373,0.0064315213821828,1.5405538082123,0,0,0,0,0,0,0,0,0,0,0,0,0,0,0,0,0,0,0,0,0,0,0,0,0,0,0,0,0,0,0,0
601,0.0,0.0,23.093872070312,145.66111755371,0.0,0.0,0.0,0.0,0.0,2.6721746921539,-1.0023391246796,3.14128947258,-0.24939015507698,0.07323906570673,-0.14416149258614,3.2854954042705e-05,-0.095574572682381,8.401605009567e-05,0.0,0.0,0.063247352838516,-0.022534288465977,-0.40452626347542,0.10222857445478,-0.00043220494990237,0.063247352838516,0.0,0.0,0.0,20.697896957397,0.0063751782290637,1.5411351919174,0,0,0,0,0,0,0,0,0,0,0,0,0,0,0,0,0,0,0,0,0,0,0,0,0,0,0,0,0,0,0,0
602,0.0,0.0,21.598070144653,139.91438293457,0.0,0.0,0.0,0.0,0.0,2.6720869541168,-0.90675956010818,3.1414413452148,-0.25335857272148,0.067712016403675,-0.13332711160183,2.7739291908802e-05,-0.095581546425819,7.940436626086e-05,0.0,0.0,0.05905057862401,-0.026546776294708,-0.38880583643913,0.10024385154247,-0.0004400935722515,0.05905057862401,0.0,0.0,0.0,20.684722900391,0.006006590090692,1.5419172048569,0,0,0,0,0,0,0,0,0,0,0,0,0,0,0,0,0,0,0,0,0,0,0,0,0,0,0,0,0,0,0,0
603,0.0,0.0,19.930250167847,134.31317138672,0.0,0.0,0.0,0.0,0.0,2.6720201969147,-0.81118208169937,3.1415779590607,-0.25656241178513,0.062095157802105,-0.12225602567196,4.0392300434178e-05,-0.095575220882893,8.8620428869035e-05,0.0,0.0,0.054374236613512,-0.029549637809396,-0.37345889210701,0.097698859870434,-0.00044069049181417,0.054374236613512,0.0,0.0,0.0,20.672836303711,0.0058464016765356,1.5422958135605,0,0,0,0,0,0,0,0,0,0,0,0,0,0,0,0,0,0,0,0,0,0,0,0,0,0,0,0,0,0,0,0
604,0.0,0.0,18.096176147461,128.80599975586,0.0,0.0,0.0,0.0,0.0,2.6719741821289,-0.71560287475586,-3.1414885520935,-0.25890901684761,0.056382179260254,-0.11105002462864,3.6248344258638e-05,-0.095580652356148,8.654819248477e-05,0.0,0.0,0.0492461360991,-0.032449688762426,-0.35838866233826,0.096056081354618,-0.00043905375059694,0.0492461360991,0.0,0.0,0.0,20.64786529541,0.0059091094881296,1.5431169271469,0,0,0,0,0,0,0,0,0,0,0,0,0,0,0,0,0,0,0,0,0,0,0,0,0,0,0,0,0,0,0,0
605,0.0,0.0,16.101461410522,123.43177032471,0.0,0.0,0.0,0.0,0.0,2.6719391345978,-0.62002527713776,-3.1413745880127,-0.26045709848404,0.050626263022423,-0.099720284342766,4.4059186620871e-05,-0.095577217638493,9.517357830191e-05,0.0,0.0,0.043692331761122,-0.035252455621958,-0.3436613380909,0.093731835484505,-0.00043813732918352,0.043692331761122,0.0,0.0,0.0,20.635944366455,0.0057225893251598,1.5437911748886,0,0,0,0,0,0,0,0,0,0,0,0,0,0,0,0,0,0,0,0,0,0,0,0,0,0,0,0,0,0,0,0
606,0.0,0.0,13.981951713562,118.18386077881,0.0,0.0,0.0,0.0,0.0,2.6719152927399,-0.5244477391243,-3.1412672996521,-0.26115450263023,0.044830802828074,-0.088335357606411,4.7475878091063e-05,-0.095577575266361,9.3742077297065e-05,0.0,0.0,0.037796910852194,-0.037425722926855,-0.32925668358803,0.091525256633759,-0.00043330085463822,0.037796910852194,0.0,0.0,0.0,20.616851806641,0.005501959938556,1.5441888570786,0,0,0,0,0,0,0,0,0,0,0,0,0,0,0,0,0,0,0,0,0,0,0,0,0,0,0,0,0,0,0,0
607,0.0,0.0,11.763764381409,113.02820587158,0.0,0.0,0.0,0.0,0.0,2.6718962192535,-0.42887157201767,-3.1411626338959,-0.26103645563126,0.039028961211443,-0.076922282576561,5.6515109463362e-05,-0.095576122403145,9.551398397889e-05,0.0,0.0,0.031624589115381,-0.039142027497292,-0.31510153412819,0.089911729097366,-0.00042734510498121,0.031624589115381,0.0,0.0,0.0,20.607067108154,0.005475552752614,1.5446056127548,0,0,0,0,0,0,0,0,0,0,0,0,0,0,0,0,0,0,0,0,0,0,0,0,0,0,0,0,0,0,0,0
608,0.0,0.0,9.4463453292847,107.94538879395,0.0,0.0,0.0,0.0,0.0,2.6718811988831,-0.33329698443413,-3.141063451767,-0.26005497574806,0.033232092857361,-0.06553565710783,6.0423557442846e-05,-0.095574274659157,9.3608745373785e-05,0.0,0.0,0.025190511718392,-0.04086597636342,-0.3011469244957,0.088636934757233,-0.0004193794738967,0.025190511718392,0.0,0.0,0.0,20.603851318359,0.0053608976304531,1.5452659130096,0,0,0,0,0,0,0,0,0,0,0,0,0,0,0,0,0,0,0,0,0,0,0,0,0,0,0,0,0,0,0,0
609,0.0,0.0,7.061146736145,102.91899871826,0.0,0.0,0.0,0.0,0.0,2.6718728542328,-0.23772354424,-3.1409652233124,-0.25826063752174,0.027479000389576,-0.054226245731115,6.5000756876543e-05,-0.095573231577873,9.6785166533664e-05,0.0,0.0,0.01856940984726,-0.042038232088089,-0.28734889626503,0.08765035122633,-0.0004086674307473,0.01856940984726,0.0,0.0,0.0,20.603000640869,0.0053693545050919,1.5460913181305,0,0,0,0,0,0,0,0,0,0,0,0,0,0,0,0,0,0,0,0,0,0,0,0,0,0,0,0,0,0,0,0
610,0.0,0.0,4.6260132789612,97.952651977539,0.0,0.0,0.0,0.0,0.0,2.6718702316284,-0.1421514749527,-3.1408710479736,-0.25561934709549,0.021781746298075,-0.043046593666077,6.807593308622e-05,-0.095571160316467,9.2038964794483e-05,0.0,0.0,0.011810287833214,-0.042899329215288,-0.27369925379753,0.086600840091705,-0.00039823277620599,0.011810287833214,0.0,0.0,0.0,20.594850540161,0.0053193955682218,1.5467664003372,0,0,0,0,0,0,0,0,0,0,0,0,0,0,0,0,0,0,0,0,0,0,0,0,0,0,0,0,0,0,0,0
611,0.0,0.0,2.169264793396,93.00218963623,0.0,0.0,0.0,0.0,0.0,2.6718733310699,-0.046580206602812,-3.1407778263092,-0.25217866897583,0.016181657090783,-0.032041765749454,7.1113143349066e-05,-0.095571517944336,9.4187198556028e-05,0.0,0.0,0.0049812304787338,-0.043263778090477,-0.26010009646416,0.086322978138924,-0.00038542575202882,0.0049812304787338,0.0,0.0,0.0,20.587753295898,0.0055655823089182,1.5476205348969,0,0,0,0,0,0,0,0,0,0,0,0,0,0,0,0,0,0,0,0,0,0,0,0,0,0,0,0,0,0,0,0
612,0.0,0.0,0.30932030081749,88.065505981445,0.0,0.0,0.0,0.0,0.0,2.6718828678131,0.048988875001669,-3.1406869888306,-0.24792149662971,0.010687205940485,-0.021262967959046,7.3795330536086e-05,-0.095567628741264,8.9079519966617e-05,0.0,0.0,-0.0019029013346881,-0.043630931526423,-0.2465318441391,0.086080998182297,-0.0003714626072906,-0.0019029013346881,0.0,0.0,0.0,20.584800720215,0.0056854588910937,1.5485459566116,0,0,0,0,0,0,0,0,0,0,0,0,0,0,0,0,0,0,0,0,0,0,0,0,0,0,0,0,0,0,0,0
613,0.0,0.0,2.7798566818237,83.159515380859,0.0,0.0,0.0,0.0,0.0,2.6718995571136,0.14455743134022,-3.1405951976776,-0.24290437996387,0.0053404299542308,-0.010759953409433,7.4359413702041e-05,-0.095569103956223,9.029599459609e-05,0.0,0.0,-0.008770763874054,-0.043473582714796,-0.23301015794277,0.085544891655445,-0.00035458919592202,-0.008770763874054,0.0,0.0,0.0,20.585083007812,0.0055805058218539,1.5488966703415,0,0,0,0,0,0,0,0,0,0,0,0,0,0,0,0,0,0,0,0,0,0,0,0,0,0,0,0,0,0,0,0
614,0.0,0.0,5.2271113395691,78.213935852051,0.0,0.0,0.0,0.0,0.0,2.6719243526459,0.24012324213982,-3.1405031681061,-0.2371234446764,0.00014932155318093,-0.0005748073454015,7.5500465754885e-05,-0.0955640822649,8.6923566414043e-05,0.0,0.0,-0.015577895566821,-0.043050315231085,-0.21938748657703,0.086233675479889,-0.0003376605163794,-0.015577895566821,0.0,0.0,0.0,20.57040977478,0.005606837105006,1.5495036840439,0,0,0,0,0,0,0,0,0,0,0,0,0,0,0,0,0,0,0,0,0,0,0,0,0,0,0,0,0,0,0,0
615,0.0,0.0,7.6138596534729,73.228477478027,0.0,0.0,0.0,0.0,0.0,2.6719577312469,0.33568912744522,-3.1404104232788,-0.23061522841454,-0.0048598172143102,0.0092503232881427,7.6981727033854e-05,-0.095566764473915,8.1370555562899e-05,0.0,0.0,-0.022239226847887,-0.041973419487476,-0.20564730465412,0.086930006742477,-0.00031680206302553,-0.022239226847887,0.0,0.0,0.0,20.573135375977,0.0059205018915236,1.549945473671,0,0,0,0,0,0,0,0,0,0,0,0,0,0,0,0,0,0,0,0,0,0,0,0,0,0,0,0,0,0,0,0
616,0.0,0.0,9.9536056518555,68.208602905273,0.0,0.0,0.0,0.0,0.0,2.6720008850098,0.43125236034393,-3.1403155326843,-0.22339624166489,-0.0096649965271354,0.01867894269526,7.7223907283042e-05,-0.09556121379137,7.7839249570388e-05,0.0,0.0,-0.028763733804226,-0.041132863610983,-0.19178454577923,0.087528482079506,-0.0002965864550788,-0.028763733804226,0.0,0.0,0.0,20.580972671509,0.0058481278829277,1.5501164197922,0,0,0,0,0,0,0,0,0,0,0,0,0,0,0,0,0,0,0,0,0,0,0,0,0,0,0,0,0,0,0,0
617,0.0,0.0,12.228815078735,63.106746673584,0.0,0.0,0.0,0.0,0.0,2.6720585823059,0.52681511640549,-3.1402144432068,-0.2155140042305,-0.014241411350667,0.027654377743602,7.4007926741615e-05,-0.095563732087612,7.1590118750464e-05,0.0,0.0,-0.035101290792227,-0.039982691407204,-0.17769500613213,0.088959276676178,-0.00027280591893941,-0.035101290792227,0.0,0.0,0.0,20.578954696655,0.0056030177511275,1.5505046844482,0,0,0,0,0,0,0,0,0,0,0,0,0,0,0,0,0,0,0,0,0,0,0,0,0,0,0,0,0,0,0,0
618,0.0,0.0,14.397438049316,57.913887023926,0.0,0.0,0.0,0.0,0.0,2.6721289157867,0.62237370014191,-3.1401057243347,-0.20697866380215,-0.018581891432405,0.036182083189487,7.7708638855256e-05,-0.095555432140827,7.2160204581451e-05,0.0,0.0,-0.04115641489625,-0.038102384656668,-0.1633483171463,0.090545080602169,-0.00025277116219513,-0.04115641489625,0.0,0.0,0.0,20.577562332153,0.0054936581291258,1.5508569478989,0,0,0,0,0,0,0,0,0,0,0,0,0,0,0,0,0,0,0,0,0,0,0,0,0,0,0,0,0,0,0,0
619,0.0,0.0,16.437110900879,52.616775512695,0.0,0.0,0.0,0.0,0.0,2.6722195148468,0.71793335676193,-3.1399884223938,-0.19781184196472,-0.022663585841656,0.044161893427372,7.723111048108e-05,-0.095562279224396,5.3528496209765e-05,0.0,0.0,-0.046868778765202,-0.035824615508318,-0.14870625734329,0.092367440462112,-0.00022560873185284,-0.046868778765202,0.0,0.0,0.0,20.581388473511,0.0055685862898827,1.5511701107025,0,0,0,0,0,0,0,0,0,0,0,0,0,0,0,0,0,0,0,0,0,0,0,0,0,0,0,0,0,0,0,0
620,0.0,0.0,18.328538894653,47.230125427246,0.0,0.0,0.0,0.0,0.0,2.6723372936249,0.81348901987076,-3.1398475170135,-0.18811056017876,-0.026457656174898,0.051637906581163,7.449732220266e-05,-0.09555246680975,6.1689752328675e-05,0.0,0.0,-0.052184082567692,-0.033215619623661,-0.13378790020943,0.093928389251232,-0.00020397879416123,-0.052184082567692,0.0,0.0,0.0,20.590454101562,0.0056796963326633,1.5510805845261,0,0,0,0,0,0,0,0,0,0,0,0,0,0,0,0,0,0,0,0,0,0,0,0,0,0,0,0,0,0,0,0
621,0.0,0.0,20.083208084106,41.710990905762,0.0,0.0,0.0,0.0,0.0,2.6724963188171,0.90904623270035,-3.1396780014038,-0.17785628139973,-0.029952619224787,0.058476984500885,6.8875066062901e-05,-0.095559291541576,4.3335552618373e-05,0.0,0.0,-0.057104725390673,-0.030801765620708,-0.11850453168154,0.096243493258953,-0.00017700971511658,-0.057104725390673,0.0,0.0,0.0,20.587915420532,0.0055209235288203,1.5513356924057,0,0,0,0,0,0,0,0,0,0,0,0,0,0,0,0,0,0,0,0,0,0,0,0,0,0,0,0,0,0,0,0
622,0.0,0.0,21.633237838745,36.069152832031,0.0,0.0,0.0,0.0,0.0,2.6727116107941,1.0046001672745,-3.1394553184509,-0.16712376475334,-0.033142276108265,0.064761005342007,6.8728768383153e-05,-0.095550961792469,4.9020123697119e-05,0.0,0.0,-0.061484895646572,-0.02720732614398,-0.10287088155746,0.098384283483028,-0.00015419411647599,-0.061484895646572,0.0,0.0,0.0,20.588958740234,0.0058121751062572,1.5514843463898,0,0,0,0,0,0,0,0,0,0,0,0,0,0,0,0,0,0,0,0,0,0,0,0,0,0,0,0,0,0,0,0
623,0.0,0.0,23.018932342529,30.309446334839,0.0,0.0,0.0,0.0,0.0,2.6730246543884,1.1001551151276,-3.1391453742981,-0.15595315396786,-0.035992614924908,0.0703519359231,6.0405665863072e-05,-0.095556944608688,3.1446656066692e-05,0.0,0.0,-0.065381921827793,-0.024310074746609,-0.086896672844887,0.10044334083796,-0.00012514954141807,-0.065381921827793,0.0,0.0,0.0,20.587043762207,0.0055428426712751,1.5517733097076,0,0,0,0,0,0,0,0,0,0,0,0,0,0,0,0,0,0,0,0,0,0,0,0,0,0,0,0,0,0,0,0
624,0.0,0.0,24.166414260864,24.44592666626,0.0,0.0,0.0,0.0,0.0,2.6735026836395,1.1957062482834,-3.1386709213257,-0.14440098404884,-0.038519557565451,0.075340233743191,6.1862825532444e-05,-0.095548801124096,4.1382354538655e-05,0.0,0.0,-0.068639554083347,-0.020131658762693,-0.070614106953144,0.10225493460894,-0.00010431066039018,-0.068639554083347,0.0,0.0,0.0,20.584686279297,0.0056357057765126,1.5518503189087,0,0,0,0,0,0,0,0,0,0,0,0,0,0,0,0,0,0,0,0,0,0,0,0,0,0,0,0,0,0,0,0
625,0.0,0.0,25.078382492065,18.487657546997,0.0,0.0,0.0,0.0,0.0,2.6743235588074,1.2912577390671,-3.1378631591797,-0.13252113759518,-0.040674671530724,0.079584948718548,5.0049460696755e-05,-0.095552787184715,2.659002893779e-05,0.0,0.0,-0.071245588362217,-0.015991015359759,-0.054050702601671,0.10391010344028,-7.4157323979307e-05,-0.071245588362217,0.0,0.0,0.0,20.580923080444,0.0058004120364785,1.5518690347672,0,0,0,0,0,0,0,0,0,0,0,0,0,0,0,0,0,0,0,0,0,0,0,0,0,0,0,0,0,0,0,0
626,0.0,0.0,25.743835449219,12.445371627808,0.0,0.0,0.0,0.0,0.0,2.6759986877441,1.3868057727814,-3.1362016201019,-0.12031729519367,-0.042493782937527,0.083185128867626,4.7630670451326e-05,-0.095545463263988,3.2757892768132e-05,0.0,0.0,-0.073166519403458,-0.011665243655443,-0.037242323160172,0.10537739098072,-5.0912556616822e-05,-0.073166519403458,0.0,0.0,0.0,20.579710006714,0.0060132849030197,1.5519648790359,0,0,0,0,0,0,0,0,0,0,0,0,0,0,0,0,0,0,0,0,0,0,0,0,0,0,0,0,0,0,0,0
627,0.0,0.0,26.163455963135,6.361704826355,0.0,0.0,0.0,0.0,0.0,2.6813399791718,1.4823529720306,-3.130882024765,-0.1078932210803,-0.043929155915976,0.086012706160545,4.271763828001e-05,-0.095551729202271,1.5350951798609e-05,0.0,0.0,-0.074391268193722,-0.0073457811959088,-0.020290302112699,0.10610277205706,-2.2019123207428e-05,-0.074391268193722,0.0,0.0,0.0,20.569185256958,0.0060532190836966,1.5518409013748,0,0,0,0,0,0,0,0,0,0,0,0,0,0,0,0,0,0,0,0,0,0,0,0,0,0,0,0,0,0,0,0
628,0.0,0.0,26.321405410767,0.22813148796558,0.0,0.0,0.0,0.0,0.0,-0.59845530986786,1.5636310577393,-0.12751118838787,-0.095292448997498,-0.045002933591604,0.088170923292637,3.2915690098889e-05,-0.095542721450329,2.9276212444529e-05,0.0,0.0,-0.074884012341499,-0.0027588757220656,-0.0032024127431214,0.1069745644927,-2.1242365164653e-06,-0.074884012341499,0.0,0.0,0.0,20.568185806274,0.0061173611320555,1.5520191192627,0,0,0,0,0,0,0,0,0,0,0,0,0,0,0,0,0,0,0,0,0,0,0,0,0,0,0,0,0,0,0,0
629,0.0,0.0,26.213373184204,5.8909540176392,0.0,0.0,0.0,0.0,0.0,-0.47951039671898,1.4681392908096,-0.0085932975634933,-0.082552321255207,-0.045682173222303,0.089522406458855,2.7947819035035e-05,-0.095547549426556,1.0337003914174e-05,0.0,0.0,-0.074630782008171,0.0019131738226861,0.013873087242246,0.10672505944967,2.7653339202516e-05,-0.074630782008171,0.0,0.0,0.0,20.57271194458,0.0062161553651094,1.5519328117371,0,0,0,0,0,0,0,0,0,0,0,0,0,0,0,0,0,0,0,0,0,0,0,0,0,0,0,0,0,0,0,0
630,0.0,0.0,25.841236114502,11.983716011047,0.0,0.0,0.0,0.0,0.0,-0.47524058818817,1.3725986480713,-0.0043462770991027,-0.06974420696497,-0.046001851558685,0.090196222066879,1.886182326416e-05,-0.095540337264538,2.5693336283439e-05,0.0,0.0,-0.073635958135128,0.0065436293371022,0.030885726213455,0.10626818984747,4.8618134314893e-05,-0.073635958135128,0.0,0.0,0.0,20.565649032593,0.006363230291754,1.5518471002579,0,0,0,0,0,0,0,0,0,0,0,0,0,0,0,0,0,0,0,0,0,0,0,0,0,0,0,0,0,0,0,0
631,0.0,0.0,25.20630645752,18.019102096558,0.0,0.0,0.0,0.0,0.0,-0.47375854849815,1.2770564556122,-0.0028935284353793,-0.056924011558294,-0.045916542410851,0.090057983994484,1.3081980796414e-05,-0.09554373472929,7.7416534622898e-06,0.0,0.0,-0.071905143558979,0.011159739457071,0.047750744968653,0.10526973754168,7.8126926382538e-05,-0.071905143558979,0.0,0.0,0.0,20.566049575806,0.0066431625746191,1.5517061948776,0,0,0,0,0,0,0,0,0,0,0,0,0,0,0,0,0,0,0,0,0,0,0,0,0,0,0,0,0,0,0,0
632,0.0,0.0,24.353031158447,23.984579086304,0.0,0.0,0.0,0.0,0.0,-0.47301456332207,1.1815168857574,-0.0021734263282269,-0.044121779501438,-0.045475427061319,0.089230380952358,4.5618326112162e-06,-0.095538504421711,2.339077036595e-05,0.0,0.0,-0.069532424211502,0.014990815892816,0.064421020448208,0.10405362397432,9.8334989161231e-05,-0.069532424211502,0.0,0.0,0.0,20.562726974487,0.0064355921931565,1.5515884160995,0,0,0,0,0,0,0,0,0,0,0,0,0,0,0,0,0,0,0,0,0,0,0,0,0,0,0,0,0,0,0,0
633,0.0,0.0,23.267293930054,29.853546142578,0.0,0.0,0.0,0.0,0.0,-0.47257241606712,1.0859776735306,-0.0017598931444809,-0.031439028680325,-0.044626276940107,0.087606064975262,-3.4460128972569e-06,-0.095539502799511,7.0377600422944e-06,0.0,0.0,-0.06650023907423,0.019076043739915,0.080826327204704,0.10237205773592,0.00012636728934012,-0.06650023907423,0.0,0.0,0.0,20.55403137207,0.0062223575077951,1.5514161586761,0,0,0,0,0,0,0,0,0,0,0,0,0,0,0,0,0,0,0,0,0,0,0,0,0,0,0,0,0,0,0,0
634,0.0,0.0,21.941820144653,35.608238220215,0.0,0.0,0.0,0.0,0.0,-0.47228321433067,0.99044060707092,-0.0014924994902685,-0.018862226977944,-0.043431002646685,0.085289128124714,-1.0700875463954e-05,-0.09553637355566,2.3266935386346e-05,0.0,0.0,-0.062809728085995,0.02328067086637,0.096918404102325,0.10038277506828,0.00014677207218483,-0.062809728085995,0.0,0.0,0.0,20.549839019775,0.0064110304228961,1.5512362718582,0,0,0,0,0,0,0,0,0,0,0,0,0,0,0,0,0,0,0,0,0,0,0,0,0,0,0,0,0,0,0,0
635,0.0,0.0,20.418188095093,41.243251800537,0.0,0.0,0.0,0.0,0.0,-0.47208368778229,0.89490479230881,-0.0013179772067815,-0.006534572225064,-0.041837111115456,0.082207426428795,-2.0365476302686e-05,-0.09553524851799,7.7294971561059e-06,0.0,0.0,-0.058554887771606,0.026765707880259,0.11267647147179,0.098296627402306,0.00017332653806079,-0.058554887771606,0.0,0.0,0.0,20.544826507568,0.0065791620872915,1.5510140657425,0,0,0,0,0,0,0,0,0,0,0,0,0,0,0,0,0,0,0,0,0,0,0,0,0,0,0,0,0,0,0,0
636,0.0,0.0,18.721452713013,46.770900726318,0.0,0.0,0.0,0.0,0.0,-0.47193971276283,0.79937052726746,-0.001191166928038,0.0055971266701818,-0.03990950062871,0.078440502285957,-2.6315348804928e-05,-0.095534175634384,2.4085313270916e-05,0.0,0.0,-0.053802136331797,0.029807526618242,0.12812103331089,0.096428662538528,0.00019389766384847,-0.053802136331797,0.0,0.0,0.0,20.540428161621,0.0065476284362376,1.5509539842606,0,0,0,0,0,0,0,0,0,0,0,0,0,0,0,0,0,0,0,0,0,0,0,0,0,0,0,0,0,0,0,0
637,0.0,0.0,16.862213134766,52.173500061035,0.0,0.0,0.0,0.0,0.0,-0.47183534502983,0.70383840799332,-0.0011054396163672,0.017359741032124,-0.037600740790367,0.073956809937954,-3.6852801713394e-05,-0.095531083643436,9.3811377155362e-06,0.0,0.0,-0.048588033765554,0.032667905092239,0.1432168930769,0.094248667359352,0.00021806755103171,-0.048588033765554,0.0,0.0,0.0,20.516267776489,0.0065531930886209,1.5507980585098,0,0,0,0,0,0,0,0,0,0,0,0,0,0,0,0,0,0,0,0,0,0,0,0,0,0,0,0,0,0,0,0
638,0.0,0.0,14.852672576904,57.457332611084,0.0,0.0,0.0,0.0,0.0,-0.47175669670105,0.60830718278885,-0.0010369314113632,0.028835264965892,-0.034975215792656,0.068806923925877,-4.0928753151093e-05,-0.095531716942787,2.5967310648412e-05,0.0,0.0,-0.042956031858921,0.035311747342348,0.15798112750053,0.092182293534279,0.00023863621754572,-0.042956031858921,0.0,0.0,0.0,20.495923995972,0.0067306463606656,1.5506094694138,0,0,0,0,0,0,0,0,0,0,0,0,0,0,0,0,0,0,0,0,0,0,0,0,0,0,0,0,0,0,0,0
639,0.0,0.0,12.734593391418,62.643787384033,0.0,0.0,0.0,0.0,0.0,-0.47169932723045,0.51277816295624,-0.00099010358098894,0.039834037423134,-0.031992714852095,0.062998466193676,-5.2200597565388e-05,-0.095527403056622,1.157602036983e-05,0.0,0.0,-0.03700378164649,0.037227269262075,0.17246180772781,0.090485326945782,0.00025981702492572,-0.03700378164649,0.0,0.0,0.0,20.472867965698,0.0066407220438123,1.5504330396652,0,0,0,0,0,0,0,0,0,0,0,0,0,0,0,0,0,0,0,0,0,0,0,0,0,0,0,0,0,0,0,0
640,0.0,0.0,10.517559051514,67.757438659668,0.0,0.0,0.0,0.0,0.0,-0.47165548801422,0.41724926233292,-0.00094808160793036,0.050456002354622,-0.028713611885905,0.056553486734629,-5.4090189223643e-05,-0.095529660582542,2.7453121219878e-05,0.0,0.0,-0.030768467113376,0.03897463530302,0.18671742081642,0.089221283793449,0.00028007497894578,-0.030768467113376,0.0,0.0,0.0,20.445850372314,0.0063571250066161,1.5505263805389,0,0,0,0,0,0,0,0,0,0,0,0,0,0,0,0,0,0,0,0,0,0,0,0,0,0,0,0,0,0,0,0
641,0.0,0.0,8.208683013916,72.77140045166,0.0,0.0,0.0,0.0,0.0,-0.47162556648254,0.32172268629074,-0.00091870472533628,0.060506861656904,-0.025110010057688,0.04951935634017,-6.451486115111e-05,-0.095525152981281,1.3884139661968e-05,0.0,0.0,-0.0242815669626,0.040594901889563,0.2007065564394,0.087484322488308,0.00029741373145953,-0.0242815669626,0.0,0.0,0.0,20.426778793335,0.0063501144759357,1.5503398180008,0,0,0,0,0,0,0,0,0,0,0,0,0,0,0,0,0,0,0,0,0,0,0,0,0,0,0,0,0,0,0,0
642,0.0,0.0,5.8431086540222,77.728210449219,0.0,0.0,0.0,0.0,0.0,-0.47160428762436,0.22619588673115,-0.00088862527627498,0.070088408887386,-0.021235739812255,0.041897524148226,-6.592003046535e-05,-0.095527827739716,2.9270346203703e-05,0.0,0.0,-0.017627947032452,0.041602823883295,0.21452647447586,0.086493127048016,0.00031576902256347,-0.017627947032452,0.0,0.0,0.0,20.407476425171,0.0061824405565858,1.5501729249954,0,0,0,0,0,0,0,0,0,0,0,0,0,0,0,0,0,0,0,0,0,0,0,0,0,0,0,0,0,0,0,0
643,0.0,0.0,3.4205040931702,82.645614624023,0.0,0.0,0.0,0.0,0.0,-0.47159180045128,0.13067086040974,-0.00086527079110965,0.079022988677025,-0.017072135582566,0.033753827214241,-7.3816343501676e-05,-0.095523916184902,1.6547286577406e-05,0.0,0.0,-0.010823994874954,0.042612466961145,0.22822453081608,0.085808478295803,0.00033003868884407,-0.010823994874954,0.0,0.0,0.0,20.397891998291,0.0061273844912648,1.5501824617386,0,0,0,0,0,0,0,0,0,0,0,0,0,0,0,0,0,0,0,0,0,0,0,0,0,0,0,0,0,0,0,0
644,0.0,0.0,0.93784916400909,87.551979064941,0.0,0.0,0.0,0.0,0.0,-0.47158524394035,0.03514539450407,-0.00083811330841854,0.087403148412704,-0.01266969460994,0.025087693706155,-7.4673793278635e-05,-0.095526091754436,3.1499501346843e-05,0.0,0.0,-0.0038795890286565,0.04367658495903,0.24187138676643,0.085621707141399,0.00034608331043273,-0.0038795890286565,0.0,0.0,0.0,20.378519058228,0.0064356103539467,1.550708770752,0,0,0,0,0,0,0,0,0,0,0,0,0,0,0,0,0,0,0,0,0,0,0,0,0,0,0,0,0,0,0,0
645,0.0,0.0,1.526505112648,92.448837280273,0.0,0.0,0.0,0.0,0.0,-0.47158291935921,-0.060380112379789,-0.00081487861461937,0.095069713890553,-0.0080170100554824,0.015976332128048,-7.8488788858522e-05,-0.095524832606316,1.9000526663149e-05,0.0,0.0,0.003037644084543,0.043371267616749,0.25548458099365,0.085457995533943,0.00036017285310663,0.003037644084543,0.0,0.0,0.0,20.361246109009,0.0062918751500547,1.5510131120682,0,0,0,0,0,0,0,0,0,0,0,0,0,0,0,0,0,0,0,0,0,0,0,0,0,0,0,0,0,0,0,0
646,0.0,0.0,3.9775965213776,97.345016479492,0.0,0.0,0.0,0.0,0.0,-0.47158545255661,-0.15590630471706,-0.00078555691288784,0.10210761427879,-0.0031547471880913,0.0063979346305132,-7.8996061347425e-05,-0.095526903867722,3.3888522011694e-05,0.0,0.0,0.0099205793812871,0.043148353695869,0.26909786462784,0.085453309118748,0.00036874003126286,0.0099205793812871,0.0,0.0,0.0,20.347499847412,0.006136130541563,1.5511302947998,0,0,0,0,0,0,0,0,0,0,0,0,0,0,0,0,0,0,0,0,0,0,0,0,0,0,0,0,0,0,0,0
647,0.0,0.0,6.4202699661255,102.29639434814,0.0,0.0,0.0,0.0,0.0,-0.47159481048584,-0.25143194198608,-0.00075811456190422,0.10837230831385,0.0019085804233328,-0.0035237551201135,-8.4832907305099e-05,-0.095524981617928,2.1486086552613e-05,0.0,0.0,0.016763396561146,0.043009757995605,0.28283300995827,0.086419269442558,0.00037706628791057,0.016763396561146,0.0,0.0,0.0,20.336633682251,0.0060281497426331,1.5518220663071,0,0,0,0,0,0,0,0,0,0,0,0,0,0,0,0,0,0,0,0,0,0,0,0,0,0,0,0,0,0,0,0
648,0.0,0.0,8.8260498046875,107.29487609863,0.0,0.0,0.0,0.0,0.0,-0.47160816192627,-0.34695878624916,-0.00072310195537284,0.11394742131233,0.0071413922123611,-0.013831575401127,-8.2582817412913e-05,-0.095527715981007,3.5625380405691e-05,0.0,0.0,0.0234957318753,0.042375918477774,0.29669013619423,0.087246455252171,0.00038713857065886,0.0234957318753,0.0,0.0,0.0,20.313287734985,0.0060360338538885,1.5526007413864,0,0,0,0,0,0,0,0,0,0,0,0,0,0,0,0,0,0,0,0,0,0,0,0,0,0,0,0,0,0,0,0
649,0.0,0.0,11.166419029236,112.34262084961,0.0,0.0,0.0,0.0,0.0,-0.47162827849388,-0.44248536229134,-0.00068715866655111,0.11870300024748,0.012529428116977,-0.024399003013968,-8.7543776317034e-05,-0.095526032149792,2.4537828721805e-05,0.0,0.0,0.030046077445149,0.041235160082579,0.310686647892,0.088110513985157,0.00038801276241429,0.030046077445149,0.0,0.0,0.0,20.280763626099,0.0061086728237569,1.5531493425369,0,0,0,0,0,0,0,0,0,0,0,0,0,0,0,0,0,0,0,0,0,0,0,0,0,0,0,0,0,0,0,0
650,0.0,0.0,13.443246841431,117.46786499023,0.0,0.0,0.0,0.0,0.0,-0.47165229916573,-0.53801345825195,-0.00064206239767373,0.12272357195616,0.018045468255877,-0.035258285701275,-8.3075567090418e-05,-0.095529086887836,3.8214075175347e-05,0.0,0.0,0.036402370780706,0.04013505205512,0.32489109039307,0.08946668356657,0.00039690866833553,0.036402370780706,0.0,0.0,0.0,20.255485534668,0.0065072779543698,1.553803563118,0,0,0,0,0,0,0,0,0,0,0,0,0,0,0,0,0,0,0,0,0,0,0,0,0,0,0,0,0,0,0,0
651,0.0,0.0,15.608615875244,122.71794128418,0.0,0.0,0.0,0.0,0.0,-0.47170013189316,-0.63354140520096,-0.00059934455202892,0.12593995034695,0.023716207593679,-0.046223752200603,-8.9919078163803e-05,-0.095527909696102,3.0417106245295e-05,0.0,0.0,0.042437825351954,0.038025751709938,0.33939915895462,0.091593615710735,0.00023292696278077,0.042437825351954,0.0,0.0,0.0,20.236980438232,0.0064131994731724,1.5547428131104,0,0,0,0,0,0,0,0,0,0,0,0,0,0,0,0,0,0,0,0,0,0,0,0,0,0,0,0,0,0,0,0
652,0.0,0.0,17.653657913208,128.07566833496,0.0,0.0,0.0,0.0,0.0,-0.47172921895981,-0.72907257080078,-0.00053092424059287,0.12837670743465,0.029378231614828,-0.057425674051046,-7.1893919084687e-05,-0.095532663166523,5.6191751355072e-05,0.0,0.0,0.048137869685888,0.035958096385002,0.35420042276382,0.093513898551464,0.00026536826044321,0.048137869685888,0.0,0.0,0.0,20.22625541687,0.0064231134019792,1.5557436943054,0,0,0,0,0,0,0,0,0,0,0,0,0,0,0,0,0,0,0,0,0,0,0,0,0,0,0,0,0,0,0,0
653,0.0,0.0,19.542407989502,133.55470275879,0.0,0.0,0.0,0.0,0.0,-0.47176697850227,-0.82460588216782,-0.0004591581528075,0.1299457103014,0.035121191293001,-0.06874842941761,-7.6109688961878e-05,-0.095533549785614,3.9415714127244e-05,0.0,0.0,0.053420141339302,0.033267505466938,0.36932361125946,0.095635838806629,0.00030259662889875,0.053420141339302,0.0,0.0,0.0,20.206329345703,0.0062524238601327,1.556737780571,0,0,0,0,0,0,0,0,0,0,0,0,0,0,0,0,0,0,0,0,0,0,0,0,0,0,0,0,0,0,0,0
654,0.0,0.0,21.283437728882,139.14999389648,0.0,0.0,0.0,0.0,0.0,-0.47181922197342,-0.92014187574387,-0.00037446603528224,0.13068419694901,0.040922541171312,-0.080195136368275,-7.1983653469943e-05,-0.095537088811398,4.7353958507301e-05,0.0,0.0,0.058284513652325,0.030720986425877,0.38476321101189,0.09766399115324,0.00033430798794143,0.058284513652325,0.0,0.0,0.0,20.176443099976,0.0064491215161979,1.5577112436295,0,0,0,0,0,0,0,0,0,0,0,0,0,0,0,0,0,0,0,0,0,0,0,0,0,0,0,0,0,0,0,0
655,0.0,0.0,22.847295761108,144.87857055664,0.0,0.0,0.0,0.0,0.0,-0.47189947962761,-1.0156794786453,-0.00026996733504348,0.13054937124252,0.046722777187824,-0.091602429747581,-7.836891018087e-05,-0.095537975430489,3.420393113629e-05,0.0,0.0,0.062655903398991,0.027642035856843,0.40055423974991,0.099991701543331,0.00034754601074383,0.062655903398991,0.0,0.0,0.0,20.160892486572,0.0067722424864769,1.5588202476501,0,0,0,0,0,0,0,0,0,0,0,0,0,0,0,0,0,0,0,0,0,0,0,0,0,0,0,0,0,0,0,0
656,0.0,0.0,24.193943023682,150.73701477051,0.0,0.0,0.0,0.0,0.0,-0.47201207280159,-1.1112196445465,-0.00012858313857578,0.12958472967148,0.052523389458656,-0.10301444679499,-7.1418078732677e-05,-0.095541089773178,4.7362496843562e-05,0.0,0.0,0.066440857946873,0.023858558386564,0.41668817400932,0.10226310789585,0.00035512549220584,0.066440857946873,0.0,0.0,0.0,20.143423080444,0.0069022132083774,1.5599600076675,0,0,0,0,0,0,0,0,0,0,0,0,0,0,0,0,0,0,0,0,0,0,0,0,0,0,0,0,0,0,0,0
657,0.0,0.0,25.309982299805,156.71369934082,0.0,0.0,0.0,0.0,0.0,-0.47219154238701,-1.206761598587,7.7756718383171e-05,0.12777341902256,0.058261353522539,-0.11429329961538,-7.5734104029834e-05,-0.09554260969162,3.8991714973236e-05,0.0,0.0,0.069598138332367,0.019828485324979,0.43313673138618,0.10433391481638,0.00034994244924746,0.069598138332367,0.0,0.0,0.0,20.133972167969,0.0069245244376361,1.5611238479614,0,0,0,0,0,0,0,0,0,0,0,0,0,0,0,0,0,0,0,0,0,0,0,0,0,0,0,0,0,0,0,0
658,0.0,0.0,26.173198699951,162.80828857422,0.0,0.0,0.0,0.0,0.0,-0.47249272465706,-1.3023061752319,0.00041304112528451,0.12514086067677,0.063955590128899,-0.12548314034939,-6.7520326410886e-05,-0.09554547816515,5.3488423873205e-05,0.0,0.0,0.072072200477123,0.015410956926644,0.44988933205605,0.10639811307192,0.00034497008891776,0.072072200477123,0.0,0.0,0.0,20.128143310547,0.0067230560816824,1.5625320672989,0,0,0,0,0,0,0,0,0,0,0,0,0,0,0,0,0,0,0,0,0,0,0,0,0,0,0,0,0,0,0,0
659,0.0,0.0,26.802423477173,168.93928527832,0.0,0.0,0.0,0.0,0.0,-0.47314348816872,-1.3978530168533,0.0010971233714372,0.12169163674116,0.069533996284008,-0.13645252585411,-7.1998409111984e-05,-0.095547616481781,4.5806023990735e-05,0.0,0.0,0.073889084160328,0.01131437253207,0.46677243709564,0.10704140365124,0.00033234638976865,0.073889084160328,0.0,0.0,0.0,20.116352081299,0.0069721885956824,1.5633181333542,0,0,0,0,0,0,0,0,0,0,0,0,0,0,0,0,0,0,0,0,0,0,0,0,0,0,0,0,0,0,0,0
660,0.0,0.0,27.130603790283,175.16831970215,0.0,0.0,0.0,0.0,0.0,-0.47539049386978,-1.4934020042419,0.0033840520773083,0.11744122207165,0.075026370584965,-0.14723773300648,-6.3859755755402e-05,-0.095550112426281,5.9383448387962e-05,0.0,0.0,0.074910663068295,0.0060497066006064,0.48388883471489,0.10875779390335,0.00032187410397455,0.074910663068295,0.0,0.0,0.0,20.106809616089,0.0065389606170356,1.5647296905518,0,0,0,0,0,0,0,0,0,0,0,0,0,0,0,0,0,0,0,0,0,0,0,0,0,0,0,0,0,0,0,0
661,0.0,0.0,27.210290908813,178.57643127441,0.0,0.0,0.0,0.0,0.0,2.6878230571747,-1.5526354312897,3.1233944892883,0.11241512000561,0.080350004136562,-0.15771460533142,-6.917338760104e-05,-0.095552712678909,5.1038732635789e-05,0.0,0.0,0.075234025716782,0.0016967867268249,-0.4989213347435,0.1092220172286,0.00030598230659962,0.075234025716782,0.0,0.0,0.0,20.099216461182,0.0065260957926512,1.5661852359772,0,0,0,0,0,0,0,0,0,0,0,0,0,0,0,0,0,0,0,0,0,0,0,0,0,0,0,0,0,0,0,0
662,0.0,0.0,27.030210494995,172.32872009277,0.0,0.0,0.0,0.0,0.0,2.6731119155884,-1.4570835828781,3.1381499767303,0.1066168397665,0.085546992719173,-0.16791290044785,-6.1791492043994e-05,-0.09555472433567,6.3515632064082e-05,0.0,0.0,0.074835419654846,-0.0028510382398963,-0.48174577951431,0.10909496247768,0.00029195952811278,0.074835419654846,0.0,0.0,0.0,20.102708816528,0.0067737377248704,1.5675814151764,0,0,0,0,0,0,0,0,0,0,0,0,0,0,0,0,0,0,0,0,0,0,0,0,0,0,0,0,0,0,0,0
663,0.0,0.0,26.573009490967,166.12785339355,0.0,0.0,0.0,0.0,0.0,2.6718571186066,-1.3615272045135,3.1394472122192,0.10010667145252,0.090528108179569,-0.17771930992603,-6.6919652454089e-05,-0.095557652413845,5.4162366723176e-05,0.0,0.0,0.073682799935341,-0.0077061904594302,-0.4646822810173,0.10828315466642,0.00027347324066795,0.073682799935341,0.0,0.0,0.0,20.095785140991,0.0068931956775486,1.5687808990479,0,0,0,0,0,0,0,0,0,0,0,0,0,0,0,0,0,0,0,0,0,0,0,0,0,0,0,0,0,0,0,0
664,0.0,0.0,25.828971862793,159.95558166504,0.0,0.0,0.0,0.0,0.0,2.6713931560516,-1.2659684419632,3.1399581432343,0.092854931950569,0.095338888466358,-0.18715509772301,-6.0504109569592e-05,-0.095559149980545,6.5547334088478e-05,0.0,0.0,0.07176174223423,-0.012729599140584,-0.44771561026573,0.1077873185277,0.00025631251628511,0.07176174223423,0.0,0.0,0.0,20.090286254883,0.0066809263080359,1.5705598592758,0,0,0,0,0,0,0,0,0,0,0,0,0,0,0,0,0,0,0,0,0,0,0,0,0,0,0,0,0,0,0,0
665,0.0,0.0,24.852807998657,153.88336181641,0.0,0.0,0.0,0.0,0.0,2.6711659431458,-1.1704072952271,3.1402304172516,0.084962710738182,0.099887564778328,-0.19612169265747,-6.681105151074e-05,-0.095562353730202,5.5133943533292e-05,0.0,0.0,0.06918577849865,-0.016801182180643,-0.43100306391716,0.1060463488102,0.00023609014169779,0.06918577849865,0.0,0.0,0.0,20.087015151978,0.0068065300583839,1.5720938444138,0,0,0,0,0,0,0,0,0,0,0,0,0,0,0,0,0,0,0,0,0,0,0,0,0,0,0,0,0,0,0,0
666,0.0,0.0,23.630054473877,147.9204864502,0.0,0.0,0.0,0.0,0.0,2.6710314750671,-1.0748443603516,3.1404142379761,0.076387725770473,0.10422858595848,-0.20463278889656,-6.101444887463e-05,-0.095562942326069,6.5898464526981e-05,0.0,0.0,0.065936364233494,-0.021124532446265,-0.41457697749138,0.10414049774408,0.00021654496958945,0.065936364233494,0.0,0.0,0.0,20.092113494873,0.0067811575718224,1.5736051797867,0,0,0,0,0,0,0,0,0,0,0,0,0,0,0,0,0,0,0,0,0,0,0,0,0,0,0,0,0,0,0,0
667,0.0,0.0,22.19386100769,142.07405090332,0.0,0.0,0.0,0.0,0.0,2.6709513664246,-0.97927904129028,3.1405408382416,0.067250989377499,0.10826896131039,-0.21260719001293,-6.742165714968e-05,-0.0955665782094,5.4133106459631e-05,0.0,0.0,0.062090441584587,-0.02487264201045,-0.39846259355545,0.10211279988289,0.00019365675689187,0.062090441584587,0.0,0.0,0.0,20.092069625854,0.0068823802284896,1.575132727623,0,0,0,0,0,0,0,0,0,0,0,0,0,0,0,0,0,0,0,0,0,0,0,0,0,0,0,0,0,0,0,0
668,0.0,0.0,20.552556991577,136.36811828613,0.0,0.0,0.0,0.0,0.0,2.6708972454071,-0.88371247053146,3.1406450271606,0.057497542351484,0.11206866055727,-0.22004818916321,-6.0879068769282e-05,-0.09556645154953,6.3812520238571e-05,0.0,0.0,0.057677235454321,-0.028474213555455,-0.3827129304409,0.099661961197853,0.00017195352120325,0.057677235454321,0.0,0.0,0.0,20.09158706665,0.0068518449552357,1.5764591693878,0,0,0,0,0,0,0,0,0,0,0,0,0,0,0,0,0,0,0,0,0,0,0,0,0,0,0,0,0,0,0,0
669,0.0,0.0,18.730411529541,130.7844543457,0.0,0.0,0.0,0.0,0.0,2.6708660125732,-0.78814351558685,3.1407234668732,0.047273483127356,0.11552967876196,-0.22689421474934,-6.8504938099068e-05,-0.095570258796215,5.0584923883434e-05,0.0,0.0,0.05275847017765,-0.031653814017773,-0.3672953248024,0.097532242536545,0.000148619277752,0.05275847017765,0.0,0.0,0.0,20.096059799194,0.0068313498049974,1.5778779983521,0,0,0,0,0,0,0,0,0,0,0,0,0,0,0,0,0,0,0,0,0,0,0,0,0,0,0,0,0,0,0,0
670,0.0,0.0,16.748062133789,125.31373596191,0.0,0.0,0.0,0.0,0.0,2.6708438396454,-0.69257378578186,3.1407947540283,0.036509394645691,0.11872097104788,-0.23313617706299,-6.0561676946236e-05,-0.095569334924221,5.9161942772334e-05,0.0,0.0,0.04738961905241,-0.034474197775126,-0.35219016671181,0.095561124384403,0.00012431187496986,0.04738961905241,0.0,0.0,0.0,20.099979400635,0.00686389580369,1.579481959343,0,0,0,0,0,0,0,0,0,0,0,0,0,0,0,0,0,0,0,0,0,0,0,0,0,0,0,0,0,0,0,0
671,0.0,0.0,14.630167007446,119.96881866455,0.0,0.0,0.0,0.0,0.0,2.6708345413208,-0.59700185060501,3.1408500671387,0.025373140349984,0.12154527753592,-0.23873883485794,-6.8972032750025e-05,-0.095573239028454,4.4834334403276e-05,0.0,0.0,0.041633740067482,-0.036863140761852,-0.33741825819016,0.09336894005537,0.00010111839947058,0.041633740067482,0.0,0.0,0.0,20.111482620239,0.0068793725222349,1.5809302330017,0,0,0,0,0,0,0,0,0,0,0,0,0,0,0,0,0,0,0,0,0,0,0,0,0,0,0,0,0,0,0,0
672,0.0,0.0,12.380547523499,114.71726989746,0.0,0.0,0.0,0.0,0.0,2.670827627182,-0.50142961740494,3.140903711319,0.013779631815851,0.12406931072474,-0.24366191029549,-5.9057983889943e-05,-0.095571480691433,5.2884941396769e-05,0.0,0.0,0.035514123737812,-0.039186213165522,-0.32290843129158,0.091737769544125,7.704742893111e-05,0.035514123737812,0.0,0.0,0.0,20.113340377808,0.0067420797422528,1.5826705694199,0,0,0,0,0,0,0,0,0,0,0,0,0,0,0,0,0,0,0,0,0,0,0,0,0,0,0,0,0,0,0,0
673,0.0,0.0,10.051315307617,109.57903289795,0.0,0.0,0.0,0.0,0.0,2.6708300113678,-0.40585553646088,3.1409454345703,0.0019239346729591,0.12620927393436,-0.24793364107609,-6.9290937972255e-05,-0.095575295388699,3.7531357520493e-05,0.0,0.0,0.029146568849683,-0.040600944310427,-0.30869120359421,0.089763186872005,5.1839837396983e-05,0.029146568849683,0.0,0.0,0.0,20.137771606445,0.0067109256051481,1.5839599370956,0,0,0,0,0,0,0,0,0,0,0,0,0,0,0,0,0,0,0,0,0,0,0,0,0,0,0,0,0,0,0,0
674,0.0,0.0,7.6338376998901,104.52035522461,0.0,0.0,0.0,0.0,0.0,2.6708314418793,-0.31028172373772,3.1409869194031,-0.01029178313911,0.12802889943123,-0.25147259235382,-5.6973931350512e-05,-0.095573090016842,4.4284704927122e-05,0.0,0.0,0.022530170157552,-0.042167238891125,-0.29468882083893,0.088372774422169,2.5692881536088e-05,0.022530170157552,0.0,0.0,0.0,20.156377792358,0.0064462339505553,1.5852807760239,0,0,0,0,0,0,0,0,0,0,0,0,0,0,0,0,0,0,0,0,0,0,0,0,0,0,0,0,0,0,0,0
675,0.0,0.0,5.1827645301819,99.520988464355,0.0,0.0,0.0,0.0,0.0,2.6708381175995,-0.21470618247986,3.1410183906555,-0.022672589868307,0.12945336103439,-0.25433617830276,-6.542592018377e-05,-0.095576643943787,2.75726615655e-05,0.0,0.0,0.015786511823535,-0.042778454720974,-0.28084912896156,0.087339349091053,8.4893946450393e-07,0.015786511823535,0.0,0.0,0.0,20.180791854858,0.0065124230459332,1.5864132642746,0,0,0,0,0,0,0,0,0,0,0,0,0,0,0,0,0,0,0,0,0,0,0,0,0,0,0,0,0,0,0,0
676,0.0,0.0,2.7037165164948,94.564788818359,0.0,0.0,0.0,0.0,0.0,2.6708407402039,-0.11913093924522,3.1410493850708,-0.035303130745888,0.13053400814533,-0.25642442703247,-5.1339538913453e-05,-0.095574505627155,3.3439242542954e-05,0.0,0.0,0.0089412275701761,-0.043292507529259,-0.26712650060654,0.086582593619823,-2.4961156668724e-05,0.0089412275701761,0.0,0.0,0.0,20.205751419067,0.0066812229342759,1.5874221324921,0,0,0,0,0,0,0,0,0,0,0,0,0,0,0,0,0,0,0,0,0,0,0,0,0,0,0,0,0,0,0,0
677,0.0,0.0,0.189747646451,89.632293701172,0.0,0.0,0.0,0.0,0.0,2.6708467006683,-0.023554237559438,3.1410708427429,-0.047997426241636,0.13121432065964,-0.25782546401024,-5.9463669458637e-05,-0.095577709376812,1.6076159226941e-05,0.0,0.0,0.0019952787552029,-0.043925449252129,-0.25346857309341,0.086169295012951,-4.8416626668768e-05,0.0019952787552029,0.0,0.0,0.0,20.22568321228,0.0065521122887731,1.5885241031647,0,0,0,0,0,0,0,0,0,0,0,0,0,0,0,0,0,0,0,0,0,0,0,0,0,0,0,0,0,0,0,0
678,0.0,0.0,2.3027122020721,84.686943054199,0.0,0.0,0.0,0.0,0.0,2.6708474159241,0.07202211022377,3.1410908699036,-0.060825068503618,0.13153606653214,-0.25842636823654,-4.4842563511338e-05,-0.095575720071793,2.198932452302e-05,0.0,0.0,-0.0049265157431364,-0.043576113879681,-0.23978847265244,0.086389869451523,-7.4484836659394e-05,-0.0049265157431364,0.0,0.0,0.0,20.24747467041,0.006855845451355,1.5896952152252,0,0,0,0,0,0,0,0,0,0,0,0,0,0,0,0,0,0,0,0,0,0,0,0,0,0,0,0,0,0,0,0
679,0.0,0.0,4.7879414558411,79.73957824707,0.0,0.0,0.0,0.0,0.0,2.6708500385284,0.16759963333607,3.141101360321,-0.073616743087769,0.13146106898785,-0.25834047794342,-5.2601681090891e-05,-0.095578268170357,4.2626356844266e-06,0.0,0.0,-0.011837894096971,-0.043473053723574,-0.22609232366085,0.086424425244331,-9.7616757557262e-05,-0.011837894096971,0.0,0.0,0.0,20.271015167236,0.0068407882936299,1.5907338857651,0,0,0,0,0,0,0,0,0,0,0,0,0,0,0,0,0,0,0,0,0,0,0,0,0,0,0,0,0,0,0,0
680,0.0,0.0,7.2310962677002,74.763748168945,0.0,0.0,0.0,0.0,0.0,2.670845746994,0.26317691802979,3.1411085128784,-0.086420454084873,0.13101880252361,-0.25744551420212,-3.7137549952604e-05,-0.095576927065849,1.0218892384728e-05,0.0,0.0,-0.018655775114894,-0.042764659970999,-0.21231296658516,0.086917325854301,-0.00012357346713543,-0.018655775114894,0.0,0.0,0.0,20.293760299683,0.0068263034336269,1.5916355848312,0,0,0,0,0,0,0,0,0,0,0,0,0,0,0,0,0,0,0,0,0,0,0,0,0,0,0,0,0,0,0,0
681,0.0,0.0,9.6206817626953,69.740211486816,0.0,0.0,0.0,0.0,0.0,2.6708414554596,0.35875499248505,3.1411056518555,-0.099092461168766,0.13019004464149,-0.25587269663811,-4.474216257222e-05,-0.09557843208313,-7.5137691055716e-06,0.0,0.0,-0.02534250728786,-0.04185189679265,-0.19839769601822,0.087748028337955,-0.00014576208195649,-0.02534250728786,0.0,0.0,0.0,20.322040557861,0.0067063188180327,1.5924770832062,0,0,0,0,0,0,0,0,0,0,0,0,0,0,0,0,0,0,0,0,0,0,0,0,0,0,0,0,0,0,0,0
682,0.0,0.0,11.921496391296,64.652870178223,0.0,0.0,0.0,0.0,0.0,2.6708273887634,0.45433315634727,3.1410965919495,-0.11165175586939,0.12899151444435,-0.25349920988083,-2.8451720936573e-05,-0.095578260719776,-1.5106248838492e-06,0.0,0.0,-0.031813606619835,-0.040328443050385,-0.18429952859879,0.088857561349869,-0.00017164282326121,-0.031813606619835,0.0,0.0,0.0,20.350309371948,0.0067361048422754,1.5931280851364,0,0,0,0,0,0,0,0,0,0,0,0,0,0,0,0,0,0,0,0,0,0,0,0,0,0,0,0,0,0,0,0
683,0.0,0.0,14.141183853149,59.47342300415,0.0,0.0,0.0,0.0,0.0,2.6708106994629,0.54991161823273,3.1410753726959,-0.12398850917816,0.12742325663567,-0.25046414136887,-3.6604331398848e-05,-0.095578290522099,-1.8806145817507e-05,0.0,0.0,-0.038068108260632,-0.03893381357193,-0.1699493676424,0.090461790561676,-0.00019297102699056,-0.038068108260632,0.0,0.0,0.0,20.386060714722,0.0065722526051104,1.5939844846725,0,0,0,0,0,0,0,0,0,0,0,0,0,0,0,0,0,0,0,0,0,0,0,0,0,0,0,0,0,0,0,0
684,0.0,0.0,16.216337203979,54.208492279053,0.0,0.0,0.0,0.0,0.0,2.6707797050476,0.64549070596695,3.1410429477692,-0.13608711957932,0.12548910081387,-0.24665458500385,-1.9556557163014e-05,-0.095579773187637,-1.2875253560196e-05,0.0,0.0,-0.043964296579361,-0.036436710506678,-0.1553461253643,0.091949865221977,-0.00021842851128895,-0.043964296579361,0.0,0.0,0.0,20.416234970093,0.0067826067097485,1.5944353342056,0,0,0,0,0,0,0,0,0,0,0,0,0,0,0,0,0,0,0,0,0,0,0,0,0,0,0,0,0,0,0,0
685,0.0,0.0,18.165769577026,48.83780670166,0.0,0.0,0.0,0.0,0.0,2.6707420349121,0.74106949567795,3.1409950256348,-0.14787822961807,0.12320829182863,-0.24220657348633,-2.919313737948e-05,-0.095577925443649,-2.932607276307e-05,0.0,0.0,-0.049521453678608,-0.034262169152498,-0.14043958485126,0.09379081428051,-0.00023816899920348,-0.049521453678608,0.0,0.0,0.0,20.439262390137,0.0068110092543066,1.594894528389,0,0,0,0,0,0,0,0,0,0,0,0,0,0,0,0,0,0,0,0,0,0,0,0,0,0,0,0,0,0,0,0
686,0.0,0.0,19.975587844849,43.355579376221,0.0,0.0,0.0,0.0,0.0,2.6706812381744,0.83664947748184,3.140926361084,-0.15930792689323,0.12057168781757,-0.23702803254128,-1.1531205927895e-05,-0.095581412315369,-2.3704624254606e-05,0.0,0.0,-0.054695956408978,-0.031850393861532,-0.12520857155323,0.095734037458897,-0.00026311128749512,-0.054695956408978,0.0,0.0,0.0,20.464988708496,0.0065447897650301,1.5953546762466,0,0,0,0,0,0,0,0,0,0,0,0,0,0,0,0,0,0,0,0,0,0,0,0,0,0,0,0,0,0,0,0
687,0.0,0.0,21.58141708374,37.754390716553,0.0,0.0,0.0,0.0,0.0,2.6706042289734,0.93222850561142,3.1408326625824,-0.17035166919231,0.11761740595102,-0.23124033212662,-2.3607108232682e-05,-0.09557743370533,-3.8968591979938e-05,0.0,0.0,-0.059341296553612,-0.028308477252722,-0.10963234305382,0.097804106771946,-0.0002814797044266,-0.059341296553612,0.0,0.0,0.0,20.491630554199,0.0067406855523586,1.5956244468689,0,0,0,0,0,0,0,0,0,0,0,0,0,0,0,0,0,0,0,0,0,0,0,0,0,0,0,0,0,0,0,0
688,0.0,0.0,23.007823944092,32.042961120605,0.0,0.0,0.0,0.0,0.0,2.6704833507538,1.027809381485,3.1406965255737,-0.18091596662998,0.11432382464409,-0.22478328645229,-5.487591806741e-06,-0.095583043992519,-3.3953318052227e-05,0.0,0.0,-0.063489109277725,-0.02520040795207,-0.093725308775902,0.099724896252155,-0.00030489341588691,-0.063489109277725,0.0,0.0,0.0,20.517597198486,0.0066426671110094,1.5958199501038,0,0,0,0,0,0,0,0,0,0,0,0,0,0,0,0,0,0,0,0,0,0,0,0,0,0,0,0,0,0,0,0
689,0.0,0.0,24.217432022095,26.221227645874,0.0,0.0,0.0,0.0,0.0,2.6703164577484,1.1233885288239,3.140506029129,-0.19102242588997,0.11074662208557,-0.21775242686272,-2.0726731236209e-05,-0.095576830208302,-4.7774377890164e-05,0.0,0.0,-0.067046955227852,-0.021432576701045,-0.077489450573921,0.10164258629084,-0.00032092735636979,-0.067046955227852,0.0,0.0,0.0,20.550834655762,0.0066045904532075,1.5959337949753,0,0,0,0,0,0,0,0,0,0,0,0,0,0,0,0,0,0,0,0,0,0,0,0,0,0,0,0,0,0,0,0
690,0.0,0.0,25.198837280273,20.305019378662,0.0,0.0,0.0,0.0,0.0,2.6700341701508,1.2189701795578,3.1402008533478,-0.2005405575037,0.10685324668884,-0.21012957394123,-2.2687513592246e-06,-0.095584511756897,-4.371353861643e-05,0.0,0.0,-0.0699762403965,-0.017471395432949,-0.060961481183767,0.10328885167837,-0.00034266439615749,-0.0699762403965,0.0,0.0,0.0,20.573902130127,0.0065350434742868,1.5959187746048,0,0,0,0,0,0,0,0,0,0,0,0,0,0,0,0,0,0,0,0,0,0,0,0,0,0,0,0,0,0,0,0
691,0.0,0.0,25.931869506836,14.308471679688,0.0,0.0,0.0,0.0,0.0,2.6695575714111,1.3145492076874,3.13969373703,-0.20953488349915,0.10271409898996,-0.20197370648384,-2.1083518731757e-05,-0.0955760627985,-5.576187686529e-05,0.0,0.0,-0.072220869362354,-0.013150694780052,-0.044182896614075,0.10468203574419,-0.00035685632610694,-0.072220869362354,0.0,0.0,0.0,20.601409912109,0.0065568829886615,1.595796585083,0,0,0,0,0,0,0,0,0,0,0,0,0,0,0,0,0,0,0,0,0,0,0,0,0,0,0,0,0,0,0,0
692,0.0,0.0,26.407348632812,8.267523765564,0.0,0.0,0.0,0.0,0.0,2.6684634685516,1.4101312160492,3.1385681629181,-0.21784523129463,0.098288744688034,-0.19331766664982,-2.3433860860678e-06,-0.095585606992245,-5.3025982197141e-05,0.0,0.0,-0.073750831186771,-0.008674462325871,-0.027239520102739,0.10545478761196,-0.00037579762283713,-0.073750831186771,0.0,0.0,0.0,20.629241943359,0.0066320113837719,1.5953559875488,0,0,0,0,0,0,0,0,0,0,0,0,0,0,0,0,0,0,0,0,0,0,0,0,0,0,0,0,0,0,0,0
693,0.0,0.0,26.638446807861,2.1646158695221,0.0,0.0,0.0,0.0,0.0,2.664243221283,1.5057089328766,3.1343100070953,-0.22557061910629,0.093657851219177,-0.18417540192604,-2.472613050486e-05,-0.095575012266636,-6.294888589764e-05,0.0,0.0,-0.074581600725651,-0.0044210716150701,-0.010120286606252,0.10652607679367,-0.00038764378405176,-0.074581600725651,0.0,0.0,0.0,20.661252975464,0.006456374656409,1.5952793359756,0,0,0,0,0,0,0,0,0,0,0,0,0,0,0,0,0,0,0,0,0,0,0,0,0,0,0,0,0,0,0,0
694,0.0,0.0,26.591968536377,3.9337553977966,0.0,0.0,0.0,0.0,0.0,-0.45485657453537,1.5402961969376,0.015170698985457,-0.23253414034843,0.08877782523632,-0.17463640868664,-5.5476284614997e-06,-0.095586098730564,-6.1716993513983e-05,0.0,0.0,-0.074641264975071,0.00040823125164025,0.0070214751176536,0.10644488781691,-0.00040297067607753,-0.074641264975071,0.0,0.0,0.0,20.686939239502,0.0065090698190033,1.5949295759201,0,0,0,0,0,0,0,0,0,0,0,0,0,0,0,0,0,0,0,0,0,0,0,0,0,0,0,0,0,0,0,0
695,0.0,0.0,26.282468795776,10.025944709778,0.0,0.0,0.0,0.0,0.0,-0.46652120351791,1.4447207450867,0.0034615048207343,-0.23885814845562,0.083733446896076,-0.16466560959816,-3.0833114578854e-05,-0.095574110746384,-6.919824227225e-05,0.0,0.0,-0.073955401778221,0.004988978151232,0.024153683334589,0.10632645338774,-0.00041278678691015,-0.073955401778221,0.0,0.0,0.0,20.71799659729,0.0065503395162523,1.594735622406,0,0,0,0,0,0,0,0,0,0,0,0,0,0,0,0,0,0,0,0,0,0,0,0,0,0,0,0,0,0,0,0
696,0.0,0.0,25.714059829712,16.054817199707,0.0,0.0,0.0,0.0,0.0,-0.46809011697769,1.3491390943527,0.0018452666699886,-0.2443578094244,0.078483611345291,-0.15440712869167,-1.1172990525665e-05,-0.095585942268372,-6.9603389420081e-05,0.0,0.0,-0.072533793747425,0.0094967242330313,0.041138872504234,0.10521930456161,-0.00042391064926051,-0.072533793747425,0.0,0.0,0.0,20.740219116211,0.0066233575344086,1.5942269563675,0,0,0,0,0,0,0,0,0,0,0,0,0,0,0,0,0,0,0,0,0,0,0,0,0,0,0,0,0,0,0,0
697,0.0,0.0,24.890077590942,22.007677078247,0.0,0.0,0.0,0.0,0.0,-0.46873795986176,1.2535616159439,0.0011472043115646,-0.24917148053646,0.07311037927866,-0.14377896487713,-3.8838443288114e-05,-0.095573574304581,-7.3847790190484e-05,0.0,0.0,-0.070388078689575,0.013949567452073,0.057924617081881,0.10388196259737,-0.00043163227383047,-0.070388078689575,0.0,0.0,0.0,20.770362854004,0.0068294783122838,1.5936013460159,0,0,0,0,0,0,0,0,0,0,0,0,0,0,0,0,0,0,0,0,0,0,0,0,0,0,0,0,0,0,0,0
698,0.0,0.0,23.827436447144,27.867839813232,0.0,0.0,0.0,0.0,0.0,-0.46906507015228,1.1579804420471,0.00076557329157367,-0.25311627984047,0.067582912743092,-0.13297905027866,-1.8659680790734e-05,-0.095584705471992,-7.7658929512836e-05,0.0,0.0,-0.06756055355072,0.01810902915895,0.074459455907345,0.10226145386696,-0.00043753540376201,-0.06756055355072,0.0,0.0,0.0,20.78750038147,0.0070848846808076,1.5929089784622,0,0,0,0,0,0,0,0,0,0,0,0,0,0,0,0,0,0,0,0,0,0,0,0,0,0,0,0,0,0,0,0
699,0.0,0.0,22.55150604248,33.641990661621,0.0,0.0,0.0,0.0,0.0,-0.46928423643112,1.0624030828476,0.00049171497812495,-0.25633040070534,0.061969149857759,-0.1218808144331,-4.5655422582058e-05,-0.095574349164963,-7.6199852628633e-05,0.0,0.0,-0.064114063978195,0.021825669333339,0.090736322104931,0.10075058043003,-0.00044353172415867,-0.064114063978195,0.0,0.0,0.0,20.812572479248,0.0071278605610132,1.5924503803253,0,0,0,0,0,0,0,0,0,0,0,0,0,0,0,0,0,0,0,0,0,0,0,0,0,0,0,0,0,0,0,0
700,0.0,0.0,21.08377456665,39.299915313721,0.0,0.0,0.0,0.0,0.0,-0.46942272782326,0.96682369709015,0.00029306177748367,-0.25866386294365,0.056264080107212,-0.11071373522282,-3.1460214813706e-05,-0.095581516623497,-8.3145903772675e-05,0.0,0.0,-0.060104802250862,0.025172159075737,0.10668618232012,0.098717540502548,-0.0004445793456398,-0.060104802250862,0.0,0.0,0.0,20.833532333374,0.006943095009774,1.5918689966202,0,0,0,0,0,0,0,0,0,0,0,0,0,0,0,0,0,0,0,0,0,0,0,0,0,0,0,0,0,0,0,0
701,0.0,0.0,19.426494598389,44.83235168457,0.0,0.0,0.0,0.0,0.0,-0.46953189373016,0.87124758958817,0.00012522721954156,-0.26021966338158,0.05050615221262,-0.099355235695839,-5.1650058594532e-05,-0.095574021339417,-8.0167075793725e-05,0.0,0.0,-0.055553842335939,0.028477799147367,0.12228116393089,0.096518836915493,-0.00044720995356329,-0.055553842335939,0.0,0.0,0.0,20.854379653931,0.0068329339846969,1.5911626815796,0,0,0,0,0,0,0,0,0,0,0,0,0,0,0,0,0,0,0,0,0,0,0,0,0,0,0,0,0,0,0,0
702,0.0,0.0,17.592153549194,50.255722045898,0.0,0.0,0.0,0.0,0.0,-0.4696090221405,0.77567082643509,-1.4599668247683e-05,-0.26090720295906,0.044715028256178,-0.087994411587715,-4.6587389078923e-05,-0.095577709376812,-8.4356266597752e-05,0.0,0.0,-0.050502423197031,0.031570881605148,0.13755385577679,0.094609312713146,-0.00044439255725592,-0.050502423197031,0.0,0.0,0.0,20.868352890015,0.0068245651200414,1.5906338691711,0,0,0,0,0,0,0,0,0,0,0,0,0,0,0,0,0,0,0,0,0,0,0,0,0,0,0,0,0,0,0,0
703,0.0,0.0,15.604030609131,55.574657440186,0.0,0.0,0.0,0.0,0.0,-0.46966904401779,0.68009597063065,-0.00013852285337634,-0.26077604293823,0.038913782685995,-0.076590746641159,-4.981626625522e-05,-0.095574595034122,-8.5972693341319e-05,0.0,0.0,-0.045014597475529,0.034259591251612,0.15251380205154,0.092779695987701,-0.00043970285332762,-0.045014597475529,0.0,0.0,0.0,20.872936248779,0.0068400176241994,1.5902808904648,0,0,0,0,0,0,0,0,0,0,0,0,0,0,0,0,0,0,0,0,0,0,0,0,0,0,0,0,0,0,0,0
704,0.0,0.0,13.48228931427,60.777912139893,0.0,0.0,0.0,0.0,0.0,-0.46971598267555,0.58452421426773,-0.00025219927192666,-0.25981056690216,0.033140037208796,-0.065232925117016,-6.1090504459571e-05,-0.095570653676987,-8.5254141595215e-05,0.0,0.0,-0.039148908108473,0.036594592034817,0.16714577376842,0.090754352509975,-0.00043677655048668,-0.039148908108473,0.0,0.0,0.0,20.887271881104,0.0069813434965909,1.5898088216782,0,0,0,0,0,0,0,0,0,0,0,0,0,0,0,0,0,0,0,0,0,0,0,0,0,0,0,0,0,0,0,0
705,0.0,0.0,11.262372016907,65.909729003906,0.0,0.0,0.0,0.0,0.0,-0.46975627541542,0.4889512360096,-0.00035059070796706,-0.25799271464348,0.027373803779483,-0.05393024533987,-5.7677400036482e-05,-0.095578096807003,-7.2344046202488e-05,0.0,0.0,-0.03299231082201,0.038321681320667,0.18154583871365,0.089500069618225,-0.00042318718624301,-0.03299231082201,0.0,0.0,0.0,20.890422821045,0.0067909085191786,1.5896261930466,0,0,0,0,0,0,0,0,0,0,0,0,0,0,0,0,0,0,0,0,0,0,0,0,0,0,0,0,0,0,0,0
706,0.0,0.0,8.9534311294556,70.923583984375,0.0,0.0,0.0,0.0,0.0,-0.46979227662086,0.39338141679764,-0.00044448408880271,-0.25538918375969,0.021680245175958,-0.042709656059742,-7.413730781991e-05,-0.095567032694817,-7.9596851719543e-05,0.0,0.0,-0.026581494137645,0.039882328361273,0.19563257694244,0.087433628737926,-0.00041630165651441,-0.026581494137645,0.0,0.0,0.0,20.898500442505,0.0068333973176777,1.5888682603836,0,0,0,0,0,0,0,0,0,0,0,0,0,0,0,0,0,0,0,0,0,0,0,0,0,0,0,0,0,0,0,0
707,0.0,0.0,6.5753688812256,75.889427185059,0.0,0.0,0.0,0.0,0.0,-0.46981203556061,0.29780995845795,-0.00052915752166882,-0.25193589925766,0.016084533184767,-0.031750153750181,-6.1653896409553e-05,-0.095572717487812,-7.7911630796734e-05,0.0,0.0,-0.019972948357463,0.041098136454821,0.20955877006054,0.086593672633171,-0.00040687204455025,-0.019972948357463,0.0,0.0,0.0,20.913200378418,0.0067063798196614,1.5883845090866,0,0,0,0,0,0,0,0,0,0,0,0,0,0,0,0,0,0,0,0,0,0,0,0,0,0,0,0,0,0,0,0
708,0.0,0.0,4.1429543495178,80.809562683105,0.0,0.0,0.0,0.0,0.0,-0.46982932090759,0.20224252343178,-0.00060978654073551,-0.24768942594528,0.010596760548651,-0.020957220345736,-7.5947944424115e-05,-0.095564417541027,-7.5073134212289e-05,0.0,0.0,-0.013212330639362,0.042056627571583,0.2233414798975,0.085789278149605,-0.00039701364585198,-0.013212330639362,0.0,0.0,0.0,20.920980453491,0.0065660011023283,1.5879876613617,0,0,0,0,0,0,0,0,0,0,0,0,0,0,0,0,0,0,0,0,0,0,0,0,0,0,0,0,0,0,0,0
709,0.0,0.0,1.680316567421,85.706726074219,0.0,0.0,0.0,0.0,0.0,-0.46983835101128,0.10667606443167,-0.00068619113881141,-0.24267582595348,0.0052560018375516,-0.010480209253728,-6.7977984144818e-05,-0.095567256212234,-7.527215348091e-05,0.0,0.0,-0.0063630375079811,0.042601514607668,0.23704098165035,0.085382223129272,-0.00037962212809362,-0.0063630375079811,0.0,0.0,0.0,20.927223205566,0.006279066670686,1.5877193212509,0,0,0,0,0,0,0,0,0,0,0,0,0,0,0,0,0,0,0,0,0,0,0,0,0,0,0,0,0,0,0,0
710,0.0,0.0,0.80126172304153,90.561508178711,0.0,0.0,0.0,0.0,0.0,-0.46984431147575,0.011112625710666,-0.00075616827234626,-0.23688386380672,5.3911284339847e-05,-0.00027258819318376,-7.8158496762626e-05,-0.095561750233173,-6.6379325289745e-05,0.0,0.0,0.00053572782780975,0.042947348207235,0.25063374638557,0.084637328982353,-0.00036436319351196,0.00053572782780975,0.0,0.0,0.0,20.931106567383,0.0062434091232717,1.5870563983917,0,0,0,0,0,0,0,0,0,0,0,0,0,0,0,0,0,0,0,0,0,0,0,0,0,0,0,0,0,0,0,0
711,0.0,0.0,3.2934529781342,95.417503356934,0.0,0.0,0.0,0.0,0.0,-0.46984016895294,-0.084450595080853,-0.00082324544200674,-0.23038862645626,-0.004945698659867,0.0095379510894418,-6.7982677137479e-05,-0.095563612878323,-6.7448614572641e-05,0.0,0.0,0.0074527524411678,0.043152201920748,0.2642220556736,0.08465351164341,-0.00034474226413295,0.0074527524411678,0.0,0.0,0.0,20.93466758728,0.0064059281721711,1.5864726305008,0,0,0,0,0,0,0,0,0,0,0,0,0,0,0,0,0,0,0,0,0,0,0,0,0,0,0,0,0,0,0,0
712,0.0,0.0,5.7569909095764,100.30586242676,0.0,0.0,0.0,0.0,0.0,-0.46983188390732,-0.18001157045364,-0.0008843646501191,-0.22314621508121,-0.0097656594589353,0.018983552232385,-7.591398752993e-05,-0.095559909939766,-5.5771495681256e-05,0.0,0.0,0.014294388704002,0.042669489979744,0.27788177132607,0.085214607417583,-0.0003273579350207,0.014294388704002,0.0,0.0,0.0,20.935110092163,0.0063295690342784,1.5860055685043,0,0,0,0,0,0,0,0,0,0,0,0,0,0,0,0,0,0,0,0,0,0,0,0,0,0,0,0,0,0,0,0
713,0.0,0.0,8.1984910964966,105.22514343262,0.0,0.0,0.0,0.0,0.0,-0.46981230378151,-0.27557215094566,-0.00094589812215418,-0.21526901423931,-0.014334500767291,0.027956984937191,-6.4237443439197e-05,-0.095560967922211,-5.7466739235679e-05,0.0,0.0,0.021058836951852,0.042306739836931,0.29162549972534,0.085749827325344,-0.00030547779169865,0.021058836951852,0.0,0.0,0.0,20.930046081543,0.0065485071390867,1.5855468511581,0,0,0,0,0,0,0,0,0,0,0,0,0,0,0,0,0,0,0,0,0,0,0,0,0,0,0,0,0,0,0,0
714,0.0,0.0,10.582830429077,110.20626068115,0.0,0.0,0.0,0.0,0.0,-0.4697881937027,-0.37113124132156,-0.0010030504781753,-0.20669689774513,-0.018682338297367,0.036479536443949,-7.431873382302e-05,-0.095558673143387,-4.4803222408518e-05,0.0,0.0,0.027660245075822,0.041328117251396,0.30552810430527,0.086827091872692,-0.00028644991107285,0.027660245075822,0.0,0.0,0.0,20.930183410645,0.0066958926618099,1.585177063942,0,0,0,0,0,0,0,0,0,0,0,0,0,0,0,0,0,0,0,0,0,0,0,0,0,0,0,0,0,0,0,0
715,0.0,0.0,12.886085510254,115.26818084717,0.0,0.0,0.0,0.0,0.0,-0.46975162625313,-0.46668973565102,-0.0010657382663339,-0.19757249951363,-0.022750901058316,0.044478166848421,-6.2241437262855e-05,-0.095557808876038,-5.0186212320114e-05,0.0,0.0,0.034036956727505,0.039937805384398,0.31964027881622,0.088232442736626,-0.0002615912235342,0.034036956727505,0.0,0.0,0.0,20.942127227783,0.0066747320815921,1.5848969221115,0,0,0,0,0,0,0,0,0,0,0,0,0,0,0,0,0,0,0,0,0,0,0,0,0,0,0,0,0,0,0,0
716,0.0,0.0,15.099146842957,120.42300415039,0.0,0.0,0.0,0.0,0.0,-0.46970507502556,-0.5622478723526,-0.0011272047413513,-0.18781469762325,-0.026563655585051,0.051928583532572,-6.4883875893429e-05,-0.095558889210224,-3.1623130780645e-05,0.0,0.0,0.040154617279768,0.038386363536119,0.3339978158474,0.089852854609489,-0.00023882948153187,0.040154617279768,0.0,0.0,0.0,20.943294525146,0.0066762599162757,1.5847352743149,0,0,0,0,0,0,0,0,0,0,0,0,0,0,0,0,0,0,0,0,0,0,0,0,0,0,0,0,0,0,0,0
717,0.0,0.0,17.199680328369,125.67800140381,0.0,0.0,0.0,0.0,0.0,-0.46963903307915,-0.65780395269394,-0.0012043273309246,-0.1775998622179,-0.030049193650484,0.058810602873564,-5.3445146477316e-05,-0.095553673803806,-4.4077045458835e-05,0.0,0.0,0.045953780412674,0.036445427685976,0.34862518310547,0.091596849262714,-0.00021579778695013,0.045953780412674,0.0,0.0,0.0,20.951566696167,0.0066942595876753,1.5845756530762,0,0,0,0,0,0,0,0,0,0,0,0,0,0,0,0,0,0,0,0,0,0,0,0,0,0,0,0,0,0,0,0
718,0.0,0.0,19.169786453247,131.046875,0.0,0.0,0.0,0.0,0.0,-0.46955198049545,-0.75336074829102,-0.0012893618550152,-0.16683740913868,-0.033242356032133,0.065043307840824,-5.204762055655e-05,-0.095559164881706,-2.0431829398149e-05,0.0,0.0,0.051382809877396,0.034194193780422,0.36355805397034,0.093584962189198,-0.00019066680397373,0.051382809877396,0.0,0.0,0.0,20.952074050903,0.0067589883692563,1.5844745635986,0,0,0,0,0,0,0,0,0,0,0,0,0,0,0,0,0,0,0,0,0,0,0,0,0,0,0,0,0,0,0,0
719,0.0,0.0,20.985107421875,136.5463104248,0.0,0.0,0.0,0.0,0.0,-0.46943125128746,-0.84891337156296,-0.0014068826567382,-0.15570643544197,-0.03608600795269,0.070667810738087,-4.3288899178151e-05,-0.095549821853638,-3.359823313076e-05,0.0,0.0,0.056378465145826,0.031514007598162,0.37883329391479,0.095859155058861,-0.00016931229038164,0.056378465145826,0.0,0.0,0.0,20.948682785034,0.0067466078326106,1.5845413208008,0,0,0,0,0,0,0,0,0,0,0,0,0,0,0,0,0,0,0,0,0,0,0,0,0,0,0,0,0,0,0,0
720,0.0,0.0,22.621328353882,142.15484619141,0.0,0.0,0.0,0.0,0.0,-0.4692694246769,-0.94446527957916,-0.0015557731967419,-0.1441495269537,-0.038600917905569,0.07559534907341,-3.8558519008802e-05,-0.095554478466511,-1.5067677850311e-05,0.0,0.0,0.060877420008183,0.028416950255632,0.39441230893135,0.097762331366539,-0.0001404936920153,0.060877420008183,0.0,0.0,0.0,20.94514465332,0.0067379851825535,1.5843646526337,0,0,0,0,0,0,0,0,0,0,0,0,0,0,0,0,0,0,0,0,0,0,0,0,0,0,0,0,0,0,0,0
721,0.0,0.0,24.086622238159,147.90383911133,0.0,0.0,0.0,0.0,0.0,-0.4690565764904,-1.0400172472,-0.0017566886963323,-0.13223315775394,-0.040780082345009,0.079902991652489,-4.2955674871337e-05,-0.095550537109375,-2.7205738660996e-05,0.0,0.0,0.06488011777401,0.025457276031375,0.41035342216492,0.10021480172873,-0.00011692631960614,0.06488011777401,0.0,0.0,0.0,20.933395385742,0.0070355120114982,1.5845685005188,0,0,0,0,0,0,0,0,0,0,0,0,0,0,0,0,0,0,0,0,0,0,0,0,0,0,0,0,0,0,0,0
722,0.0,0.0,25.319972991943,153.76628112793,0.0,0.0,0.0,0.0,0.0,-0.46872648596764,-1.1355687379837,-0.002063934924081,-0.12004867941141,-0.042573127895594,0.083437032997608,-2.6359108233009e-05,-0.095551915466785,-1.010325649986e-05,0.0,0.0,0.068253934383392,0.021436521783471,0.42659983038902,0.10219428688288,-8.9511690021027e-05,0.068253934383392,0.0,0.0,0.0,20.933828353882,0.0070417961105704,1.5846269130707,0,0,0,0,0,0,0,0,0,0,0,0,0,0,0,0,0,0,0,0,0,0,0,0,0,0,0,0,0,0,0,0
723,0.0,0.0,26.30299949646,159.73809814453,0.0,0.0,0.0,0.0,0.0,-0.46819922327995,-1.2311151027679,-0.002568390686065,-0.10761941224337,-0.044007156044245,0.086275026202202,-1.9502431314322e-05,-0.095547989010811,-7.2771899795043e-06,0.0,0.0,0.070950642228127,0.017089864239097,0.44313168525696,0.10410112142563,-6.7171044065617e-05,0.070950642228127,0.0,0.0,0.0,20.935125350952,0.0066849738359451,1.5846928358078,0,0,0,0,0,0,0,0,0,0,0,0,0,0,0,0,0,0,0,0,0,0,0,0,0,0,0,0,0,0,0,0
724,0.0,0.0,27.075172424316,165.7966003418,0.0,0.0,0.0,0.0,0.0,-0.46725085377693,-1.3266608715057,-0.0034932203125209,-0.095017403364182,-0.045072983950377,0.088390342891216,-1.6851778127602e-05,-0.095548652112484,-6.9729840106447e-06,0.0,0.0,0.073035769164562,0.013435861095786,0.45989218354225,0.10561639070511,-4.1092767787632e-05,0.073035769164562,0.0,0.0,0.0,20.94327545166,0.0069199115969241,1.584835767746,0,0,0,0,0,0,0,0,0,0,0,0,0,0,0,0,0,0,0,0,0,0,0,0,0,0,0,0,0,0,0,0
725,0.0,0.0,27.592487335205,171.92967224121,0.0,0.0,0.0,0.0,0.0,-0.46508565545082,-1.4222066402435,-0.0056369169615209,-0.08226565271616,-0.045760627835989,0.089794732630253,-6.7796891016769e-06,-0.095544680953026,-1.880412310129e-05,0.0,0.0,0.074416898190975,0.0090115470811725,0.47683900594711,0.10692070424557,-1.7320555343758e-05,0.074416898190975,0.0,0.0,0.0,20.947177886963,0.0071740844286978,1.585088968277,0,0,0,0,0,0,0,0,0,0,0,0,0,0,0,0,0,0,0,0,0,0,0,0,0,0,0,0,0,0,0,0
726,0.0,0.0,27.83380317688,178.11000061035,0.0,0.0,0.0,0.0,0.0,-0.45499560236931,-1.5177471637726,-0.015701964497566,-0.069436475634575,-0.04606069996953,0.090425379574299,4.4676517063635e-06,-0.095543652772903,-1.2441580111044e-05,0.0,0.0,0.075047872960567,0.0042207879014313,0.49389845132828,0.10774505883455,9.0475805336609e-06,0.075047872960567,0.0,0.0,0.0,20.959339141846,0.0072438442148268,1.5854238271713,0,0,0,0,0,0,0,0,0,0,0,0,0,0,0,0,0,0,0,0,0,0,0,0,0,0,0,0,0,0,0,0
727,0.0,0.0,27.801385879517,175.71626281738,0.0,0.0,0.0,0.0,0.0,2.6512703895569,-1.5282865762711,-3.1219429969788,-0.056579571217299,-0.045985292643309,0.090302847325802,7.7035147114657e-06,-0.095541670918465,-1.126129336626e-05,0.0,0.0,0.074931636452675,-0.00053358991863206,-0.48905500769615,0.10763369500637,3.219093196094e-05,0.074931636452675,0.0,0.0,0.0,20.965288162231,0.0072331931442022,1.5854779481888,0,0,0,0,0,0,0,0,0,0,0,0,0,0,0,0,0,0,0,0,0,0,0,0,0,0,0,0,0,0,0,0
728,0.0,0.0,27.513561248779,169.57131958008,0.0,0.0,0.0,0.0,0.0,2.6648037433624,-1.43274974823,-3.1354546546936,-0.043769020587206,-0.045534145087004,0.089439556002617,8.0175495895674e-06,-0.095545597374439,-2.7955737095908e-05,0.0,0.0,0.074104577302933,-0.0049700764939189,-0.47208687663078,0.10713402926922,5.3417032177094e-05,0.074104577302933,0.0,0.0,0.0,20.973701477051,0.0074169072322547,1.585352897644,0,0,0,0,0,0,0,0,0,0,0,0,0,0,0,0,0,0,0,0,0,0,0,0,0,0,0,0,0,0,0,0
729,0.0,0.0,26.943334579468,163.43963623047,0.0,0.0,0.0,0.0,0.0,2.6672420501709,-1.3372102975845,-3.1378684043884,-0.031093053519726,-0.044679712504148,0.087808631360531,2.2652135157841e-05,-0.095539942383766,-1.2625358976948e-05,0.0,0.0,0.072520852088928,-0.0098706819117069,-0.45518985390663,0.10690280050039,8.1642538134474e-05,0.072520852088928,0.0,0.0,0.0,20.974912643433,0.0073178117163479,1.5857634544373,0,0,0,0,0,0,0,0,0,0,0,0,0,0,0,0,0,0,0,0,0,0,0,0,0,0,0,0,0,0,0,0
730,0.0,0.0,26.139633178711,157.39227294922,0.0,0.0,0.0,0.0,0.0,2.6682529449463,-1.2416721582413,-3.138863325119,-0.018537010997534,-0.043469805270433,0.085475243628025,3.305841164547e-05,-0.095536090433598,-2.2608999643126e-05,0.0,0.0,0.070281311869621,-0.013925012201071,-0.43851816654205,0.10543513298035,0.00010222315177089,0.070281311869621,0.0,0.0,0.0,20.981550216675,0.0075636990368366,1.5859328508377,0,0,0,0,0,0,0,0,0,0,0,0,0,0,0,0,0,0,0,0,0,0,0,0,0,0,0,0,0,0,0,0
731,0.0,0.0,25.086219787598,151.42517089844,0.0,0.0,0.0,0.0,0.0,2.668802022934,-1.146134853363,-3.1393959522247,-0.0061696846969426,-0.041879281401634,0.082385927438736,3.7154237361392e-05,-0.09553623944521,-1.6541252989555e-05,0.0,0.0,0.067366279661655,-0.018257396295667,-0.42208036780357,0.10403771698475,0.00012814701767638,0.067366279661655,0.0,0.0,0.0,20.98307800293,0.0077314507216215,1.5863076448441,0,0,0,0,0,0,0,0,0,0,0,0,0,0,0,0,0,0,0,0,0,0,0,0,0,0,0,0,0,0,0,0
732,0.0,0.0,23.789897918701,145.58840942383,0.0,0.0,0.0,0.0,0.0,2.6691372394562,-1.0505999326706,-3.1397216320038,0.0059518655762076,-0.039944887161255,0.07860042154789,4.1410476114834e-05,-0.095536433160305,-3.5845248930855e-05,0.0,0.0,0.063800625503063,-0.022477839142084,-0.40598267316818,0.10176744312048,0.00014724502398167,0.063800625503063,0.0,0.0,0.0,20.99515914917,0.0075557930395007,1.5864174365997,0,0,0,0,0,0,0,0,0,0,0,0,0,0,0,0,0,0,0,0,0,0,0,0,0,0,0,0,0,0,0,0
733,0.0,0.0,22.286689758301,139.85417175293,0.0,0.0,0.0,0.0,0.0,2.669358253479,-0.95506739616394,-3.1399321556091,0.01772017031908,-0.037632465362549,0.074102178215981,4.9909118388314e-05,-0.095532722771168,-2.2069096303312e-05,0.0,0.0,0.059668254107237,-0.026061952114105,-0.39018014073372,0.099978610873222,0.00017397453484591,0.059668254107237,0.0,0.0,0.0,21.011653900146,0.0075068259611726,1.5867856740952,0,0,0,0,0,0,0,0,0,0,0,0,0,0,0,0,0,0,0,0,0,0,0,0,0,0,0,0,0,0,0,0
734,0.0,0.0,20.587543487549,134.25527954102,0.0,0.0,0.0,0.0,0.0,2.6695139408112,-0.85953480005264,-3.1400876045227,0.029181553050876,-0.034997463226318,0.068942598998547,5.7003908295883e-05,-0.095533311367035,-3.7283232813934e-05,0.0,0.0,0.05500553548336,-0.029463324695826,-0.37473705410957,0.097624287009239,0.00019237917149439,0.05500553548336,0.0,0.0,0.0,21.024251937866,0.007315578404814,1.5870227813721,0,0,0,0,0,0,0,0,0,0,0,0,0,0,0,0,0,0,0,0,0,0,0,0,0,0,0,0,0,0,0,0
735,0.0,0.0,18.712633132935,128.78894042969,0.0,0.0,0.0,0.0,0.0,2.6696262359619,-0.76400417089462,-3.1402003765106,0.040207784622908,-0.032008938491344,0.063116528093815,6.5173771872651e-05,-0.095527477562428,-2.719160511333e-05,0.0,0.0,0.049866948276758,-0.032507758587599,-0.35964733362198,0.095313347876072,0.00021557655418292,0.049866948276758,0.0,0.0,0.0,21.042781829834,0.0069972998462617,1.5871676206589,0,0,0,0,0,0,0,0,0,0,0,0,0,0,0,0,0,0,0,0,0,0,0,0,0,0,0,0,0,0,0,0
736,0.0,0.0,16.708631515503,123.43782806396,0.0,0.0,0.0,0.0,0.0,2.6697037220001,-0.66847652196884,-3.1402835845947,0.050765756517649,-0.028720565140247,0.056670434772968,7.3610688559711e-05,-0.095526486635208,-3.3941338188015e-05,0.0,0.0,0.044357400387526,-0.034742008894682,-0.34487316012383,0.093305893242359,0.00023443237296306,0.044357400387526,0.0,0.0,0.0,21.059549331665,0.0070403455756605,1.5872483253479,0,0,0,0,0,0,0,0,0,0,0,0,0,0,0,0,0,0,0,0,0,0,0,0,0,0,0,0,0,0,0,0
737,0.0,0.0,14.565700531006,118.18475341797,0.0,0.0,0.0,0.0,0.0,2.6697642803192,-0.57294964790344,-3.1403558254242,0.060852017253637,-0.025115551427007,0.049594558775425,7.1998256316874e-05,-0.095526911318302,-3.758693128475e-05,0.0,0.0,0.038475334644318,-0.037147603929043,-0.33037427067757,0.091601878404617,0.00025359378196299,0.038475334644318,0.0,0.0,0.0,21.080413818359,0.0070127164945006,1.5875811576843,0,0,0,0,0,0,0,0,0,0,0,0,0,0,0,0,0,0,0,0,0,0,0,0,0,0,0,0,0,0,0,0
738,0.0,0.0,12.324636459351,113.04484558105,0.0,0.0,0.0,0.0,0.0,2.6698060035706,-0.47742372751236,-3.1404175758362,0.070390872657299,-0.021230285987258,0.041980758309364,8.2515543908812e-05,-0.095525279641151,-4.1685736505315e-05,0.0,0.0,0.032314337790012,-0.038841914385557,-0.31616842746735,0.089632242918015,0.00027203792706132,0.032314337790012,0.0,0.0,0.0,21.101987838745,0.0070708319544792,1.5876086950302,0,0,0,0,0,0,0,0,0,0,0,0,0,0,0,0,0,0,0,0,0,0,0,0,0,0,0,0,0,0,0,0
739,0.0,0.0,9.9770526885986,107.98907470703,0.0,0.0,0.0,0.0,0.0,2.6698381900787,-0.38189795613289,-3.1404733657837,0.079355612397194,-0.017062488943338,0.033794965595007,7.9534256656189e-05,-0.09552588313818,-4.2415682401042e-05,0.0,0.0,0.02587478235364,-0.040683139115572,-0.30218902230263,0.088169902563095,0.00028993186424486,0.02587478235364,0.0,0.0,0.0,21.125417709351,0.00686637731269,1.5877660512924,0,0,0,0,0,0,0,0,0,0,0,0,0,0,0,0,0,0,0,0,0,0,0,0,0,0,0,0,0,0,0,0
740,0.0,0.0,7.5739307403564,102.99236297607,0.0,0.0,0.0,0.0,0.0,2.6698577404022,-0.28637272119522,-3.1405239105225,0.087696395814419,-0.012649578042328,0.025134785100818,8.8873734057415e-05,-0.095524974167347,-4.4999855163042e-05,0.0,0.0,0.019268611446023,-0.041638106107712,-0.28837448358536,0.087145149707794,0.00030427763704211,0.019268611446023,0.0,0.0,0.0,21.148818969727,0.0069710509851575,1.5879671573639,0,0,0,0,0,0,0,0,0,0,0,0,0,0,0,0,0,0,0,0,0,0,0,0,0,0,0,0,0,0,0,0
741,0.0,0.0,5.1268553733826,98.069496154785,0.0,0.0,0.0,0.0,0.0,2.6698715686798,-0.1908472776413,-3.1405727863312,0.095382891595364,-0.0079905912280083,0.01597916148603,8.5160798334982e-05,-0.095525592565536,-4.5873206545366e-05,0.0,0.0,0.012533842585981,-0.042390327900648,-0.27473825216293,0.085862375795841,0.00031918979948387,0.012533842585981,0.0,0.0,0.0,21.168371200562,0.0070270341821015,1.5877678394318,0,0,0,0,0,0,0,0,0,0,0,0,0,0,0,0,0,0,0,0,0,0,0,0,0,0,0,0,0,0,0,0
742,0.0,0.0,2.653847694397,93.174674987793,0.0,0.0,0.0,0.0,0.0,2.66987657547,-0.095321714878082,-3.1406207084656,0.10238242149353,-0.0031253106426448,0.0064224610105157,9.2492860858329e-05,-0.095525503158569,-4.7878987970762e-05,0.0,0.0,0.0057193827815354,-0.042831014841795,-0.26117777824402,0.085379488766193,0.0003311111649964,0.0057193827815354,0.0,0.0,0.0,21.190855026245,0.0072388285771012,1.5876084566116,0,0,0,0,0,0,0,0,0,0,0,0,0,0,0,0,0,0,0,0,0,0,0,0,0,0,0,0,0,0,0,0
743,0.0,0.0,0.15756440162659,88.30485534668,0.0,0.0,0.0,0.0,0.0,2.6698780059814,0.00020448584109545,-3.1406695842743,0.10866161435843,0.001946518663317,-0.0035469806753099,8.722476195544e-05,-0.09552650898695,-4.8915557272267e-05,0.0,0.0,-0.0011542241554707,-0.043225388973951,-0.24767170846462,0.084949657320976,0.00034297711681575,-0.0011542241554707,0.0,0.0,0.0,21.222932815552,0.0072488179430366,1.5873782634735,0,0,0,0,0,0,0,0,0,0,0,0,0,0,0,0,0,0,0,0,0,0,0,0,0,0,0,0,0,0,0,0
744,0.0,0.0,2.3470013141632,83.433036804199,0.0,0.0,0.0,0.0,0.0,2.6698725223541,0.095731317996979,-3.1407196521759,0.11420124024153,0.0071805310435593,-0.013834503479302,9.3285401817411e-05,-0.095526933670044,-5.0453360017855e-05,0.0,0.0,-0.0080430433154106,-0.04336167499423,-0.23415230214596,0.084991626441479,0.00035123975249007,-0.0080430433154106,0.0,0.0,0.0,21.245681762695,0.0070786704309285,1.5872399806976,0,0,0,0,0,0,0,0,0,0,0,0,0,0,0,0,0,0,0,0,0,0,0,0,0,0,0,0,0,0,0,0
745,0.0,0.0,4.8131756782532,78.546295166016,0.0,0.0,0.0,0.0,0.0,2.6698648929596,0.19125926494598,-3.1407718658447,0.11896589398384,0.012579971924424,-0.024448215961456,8.5960004071239e-05,-0.095528475940228,-5.1523518777685e-05,0.0,0.0,-0.014843419194221,-0.042683079838753,-0.22057874500751,0.085258655250072,0.0003597837057896,-0.014843419194221,0.0,0.0,0.0,21.261819839478,0.0071352729573846,1.5868844985962,0,0,0,0,0,0,0,0,0,0,0,0,0,0,0,0,0,0,0,0,0,0,0,0,0,0,0,0,0,0,0,0
746,0.0,0.0,7.2491130828857,73.622779846191,0.0,0.0,0.0,0.0,0.0,2.6698505878448,0.28678819537163,-3.1408274173737,0.12295158207417,0.018093844875693,-0.035289686173201,9.1781010269187e-05,-0.095529049634933,-5.2273207984399e-05,0.0,0.0,-0.021555529907346,-0.042150612920523,-0.20689342916012,0.085907809436321,0.00036451194318943,-0.021555529907346,0.0,0.0,0.0,21.286127090454,0.0070413104258478,1.5865840911865,0,0,0,0,0,0,0,0,0,0,0,0,0,0,0,0,0,0,0,0,0,0,0,0,0,0,0,0,0,0,0,0
747,0.0,0.0,9.6152114868164,68.638877868652,0.0,0.0,0.0,0.0,0.0,2.6698355674744,0.38231897354126,-3.1408860683441,0.12612172961235,0.023731140419841,-0.046373631805182,7.9888399341144e-05,-0.095531702041626,-5.5022166634444e-05,0.0,0.0,-0.028087578713894,-0.040927033871412,-0.19303643703461,0.086968339979649,0.0003691851743497,-0.028087578713894,0.0,0.0,0.0,21.305839538574,0.0071786344051361,1.5862754583359,0,0,0,0,0,0,0,0,0,0,0,0,0,0,0,0,0,0,0,0,0,0,0,0,0,0,0,0,0,0,0,0
748,0.0,0.0,11.898962974548,63.599880218506,0.0,0.0,0.0,0.0,0.0,2.669811964035,0.47785088419914,-3.1409499645233,0.12848407030106,0.029432348906994,-0.057579647749662,8.8560445874464e-05,-0.095532089471817,-5.3792777180206e-05,0.0,0.0,-0.03439986333251,-0.039489395916462,-0.17900158464909,0.087937615811825,0.00036958054988645,-0.03439986333251,0.0,0.0,0.0,21.322896957397,0.0072971805930138,1.5856815576553,0,0,0,0,0,0,0,0,0,0,0,0,0,0,0,0,0,0,0,0,0,0,0,0,0,0,0,0,0,0,0,0
749,0.0,0.0,14.09690952301,58.495666503906,0.0,0.0,0.0,0.0,0.0,2.6697871685028,0.57338505983353,-3.1410179138184,0.13000391423702,0.035213101655245,-0.068928763270378,7.4905401561409e-05,-0.095535211265087,-5.5972923291847e-05,0.0,0.0,-0.040467698127031,-0.037989564239979,-0.16475689411163,0.089081972837448,0.00037183956010267,-0.040467698127031,0.0,0.0,0.0,21.342374801636,0.0071367309428751,1.5848406553268,0,0,0,0,0,0,0,0,0,0,0,0,0,0,0,0,0,0,0,0,0,0,0,0,0,0,0,0,0,0,0,0
750,0.0,0.0,16.178533554077,53.300945281982,0.0,0.0,0.0,0.0,0.0,2.6697523593903,0.66892099380493,-3.1410944461823,0.13070930540562,0.040995437651873,-0.080316230654716,8.2799590018112e-05,-0.095536015927792,-5.6444001529599e-05,0.0,0.0,-0.046216677874327,-0.035963553935289,-0.15024170279503,0.090669304132462,0.00036765297409147,-0.046216677874327,0.0,0.0,0.0,21.364065170288,0.0069748829118907,1.5838708877563,0,0,0,0,0,0,0,0,0,0,0,0,0,0,0,0,0,0,0,0,0,0,0,0,0,0,0,0,0,0,0,0
751,0.0,0.0,18.115272521973,48.004440307617,0.0,0.0,0.0,0.0,0.0,2.6697127819061,0.76445949077606,-3.1411786079407,0.13054102659225,0.046820163726807,-0.091751866042614,6.9033238105476e-05,-0.095539622008801,-5.8861325669568e-05,0.0,0.0,-0.051573239266872,-0.033436581492424,-0.13542556762695,0.092451840639114,0.00036586605710909,-0.051573239266872,0.0,0.0,0.0,21.380208969116,0.0069804396480322,1.5827338695526,0,0,0,0,0,0,0,0,0,0,0,0,0,0,0,0,0,0,0,0,0,0,0,0,0,0,0,0,0,0,0,0
752,0.0,0.0,19.903535842896,42.573402404785,0.0,0.0,0.0,0.0,0.0,2.6696538925171,0.85999953746796,-3.1412801742554,0.12957568466663,0.052593469619751,-0.10311655700207,7.7907345257699e-05,-0.095540374517441,-5.8849298511632e-05,0.0,0.0,-0.056513000279665,-0.030851569026709,-0.1202389895916,0.094807155430317,0.00035952698090114,-0.056513000279665,0.0,0.0,0.0,21.402984619141,0.0070350673049688,1.5819370746613,0,0,0,0,0,0,0,0,0,0,0,0,0,0,0,0,0,0,0,0,0,0,0,0,0,0,0,0,0,0,0,0
753,0.0,0.0,21.517915725708,37.018363952637,0.0,0.0,0.0,0.0,0.0,2.6695830821991,0.95554226636887,-3.1413967609406,0.12773516774178,0.058357909321785,-0.11442588269711,6.3301682530437e-05,-0.095543831586838,-6.1634571466129e-05,0.0,0.0,-0.060968454927206,-0.027822371572256,-0.10469920933247,0.096976645290852,0.00035387850948609,-0.060968454927206,0.0,0.0,0.0,21.430801391602,0.0071405721828341,1.581226348877,0,0,0,0,0,0,0,0,0,0,0,0,0,0,0,0,0,0,0,0,0,0,0,0,0,0,0,0,0,0,0,0
754,0.0,0.0,22.947038650513,31.362184524536,0.0,0.0,0.0,0.0,0.0,2.6694757938385,1.0510869026184,-3.1415495872498,0.12511426210403,0.064022921025753,-0.12558253109455,7.1633730840404e-05,-0.095545247197151,-6.2611157773063e-05,0.0,0.0,-0.064899779856205,-0.024599581956863,-0.088849082589149,0.098749577999115,0.00034330430207774,-0.064899779856205,0.0,0.0,0.0,21.43994140625,0.007071697153151,1.5803016424179,0,0,0,0,0,0,0,0,0,0,0,0,0,0,0,0,0,0,0,0,0,0,0,0,0,0,0,0,0,0,0,0
755,0.0,0.0,24.16855430603,25.612232208252,0.0,0.0,0.0,0.0,0.0,2.6693277359009,1.1466343402863,3.1414396762848,0.12163177877665,0.06963087618351,-0.13657800853252,5.7692668633536e-05,-0.095548436045647,-6.5054089645855e-05,0.0,0.0,-0.0682472884655,-0.020986210554838,-0.072709947824478,0.10039112716913,0.00033327142591588,-0.0682472884655,0.0,0.0,0.0,21.449151992798,0.0069295638240874,1.5791108608246,0,0,0,0,0,0,0,0,0,0,0,0,0,0,0,0,0,0,0,0,0,0,0,0,0,0,0,0,0,0,0,0
756,0.0,0.0,25.146774291992,19.765003204346,0.0,0.0,0.0,0.0,0.0,2.6690754890442,1.2421839237213,3.141138792038,0.11739841848612,0.075091049075127,-0.14733670651913,6.6575783421285e-05,-0.095550261437893,-6.6281070758123e-05,0.0,0.0,-0.070928759872913,-0.016752792522311,-0.056285858154297,0.1020962074399,0.00032037502387539,-0.070928759872913,0.0,0.0,0.0,21.46516418457,0.0071215527132154,1.5778295993805,0,0,0,0,0,0,0,0,0,0,0,0,0,0,0,0,0,0,0,0,0,0,0,0,0,0,0,0,0,0,0,0
757,0.0,0.0,25.915119171143,13.851064682007,0.0,0.0,0.0,0.0,0.0,2.6686255931854,1.3377360105515,3.1406383514404,0.11233321577311,0.080446526408195,-0.15783157944679,5.3406653023558e-05,-0.095553129911423,-6.8258108512964e-05,0.0,0.0,-0.072992272675037,-0.013103092089295,-0.039651844650507,0.1032644584775,0.00030703423544765,-0.072992272675037,0.0,0.0,0.0,21.481803894043,0.0068146213889122,1.5763698816299,0,0,0,0,0,0,0,0,0,0,0,0,0,0,0,0,0,0,0,0,0,0,0,0,0,0,0,0,0,0,0,0
758,0.0,0.0,26.429513931274,7.8718400001526,0.0,0.0,0.0,0.0,0.0,2.6675000190735,1.4332902431488,3.1394617557526,0.10655961185694,0.085607931017876,-0.16800801455975,6.318877422018e-05,-0.09555521607399,-6.9445668486878e-05,0.0,0.0,-0.074344925582409,-0.0086870370432734,-0.022831756621599,0.10441067069769,0.00029086045105942,-0.074344925582409,0.0,0.0,0.0,21.496356964111,0.0066337562166154,1.5749313831329,0,0,0,0,0,0,0,0,0,0,0,0,0,0,0,0,0,0,0,0,0,0,0,0,0,0,0,0,0,0,0,0
759,0.0,0.0,26.681255340576,1.8667331933975,0.0,0.0,0.0,0.0,0.0,2.6612741947174,1.5288460254669,3.1331837177277,0.099997915327549,0.090619124472141,-0.17782320082188,5.06065589434e-05,-0.09555771946907,-7.0710702857468e-05,0.0,0.0,-0.074962295591831,-0.0041197245009243,-0.0059263464063406,0.1048656925559,0.00027398680686019,-0.074962295591831,0.0,0.0,0.0,21.500410079956,0.0065908823162317,1.5732896327972,0,0,0,0,0,0,0,0,0,0,0,0,0,0,0,0,0,0,0,0,0,0,0,0,0,0,0,0,0,0,0,0
760,0.0,0.0,26.661556243896,4.1612491607666,0.0,0.0,0.0,0.0,0.0,-0.46419104933739,1.5171843767166,0.0076650185510516,0.09277868270874,0.095393233001232,-0.1872406899929,6.247810961213e-05,-0.095559999346733,-7.1773443778511e-05,0.0,0.0,-0.074825339019299,0.00060022360412404,0.01103235501796,0.10527069121599,0.00025639697560109,-0.074825339019299,0.0,0.0,0.0,21.508016586304,0.0067922282032669,1.571836233139,0,0,0,0,0,0,0,0,0,0,0,0,0,0,0,0,0,0,0,0,0,0,0,0,0,0,0,0,0,0,0,0
761,0.0,0.0,26.400629043579,10.185610771179,0.0,0.0,0.0,0.0,0.0,-0.46872693300247,1.4216239452362,0.0030749449506402,0.084834866225719,0.099973373115063,-0.19620823860168,4.949083813699e-05,-0.095561899244785,-7.2396789619233e-05,0.0,0.0,-0.073991075158119,0.0047902865335345,0.027964986860752,0.10521045327187,0.0002362748637097,-0.073991075158119,0.0,0.0,0.0,21.514272689819,0.0066873370669782,1.570573925972,0,0,0,0,0,0,0,0,0,0,0,0,0,0,0,0,0,0,0,0,0,0,0,0,0,0,0,0,0,0,0,0
762,0.0,0.0,25.892314910889,16.173639297485,0.0,0.0,0.0,0.0,0.0,-0.46968647837639,1.3260606527328,0.0020604662131518,0.0763004347682,0.10427832603455,-0.20471023023129,6.1680366343353e-05,-0.095564246177673,-7.2234019171447e-05,0.0,0.0,-0.072453700006008,0.0090875923633575,0.044784735888243,0.10458155721426,0.00021580980683211,-0.072453700006008,0.0,0.0,0.0,21.524682998657,0.0064450935460627,1.569384098053,0,0,0,0,0,0,0,0,0,0,0,0,0,0,0,0,0,0,0,0,0,0,0,0,0,0,0,0,0,0,0,0
763,0.0,0.0,25.122550964355,22.084360122681,0.0,0.0,0.0,0.0,0.0,-0.47010636329651,1.2304953336716,0.0015860714484006,0.067108623683453,0.10834945738316,-0.21267819404602,4.8781836085254e-05,-0.095565788447857,-7.1634072810411e-05,0.0,0.0,-0.07019516825676,0.013628854416311,0.06138825789094,0.10323399305344,0.00019394559785724,-0.07019516825676,0.0,0.0,0.0,21.518892288208,0.0064804810099304,1.5680434703827,0,0,0,0,0,0,0,0,0,0,0,0,0,0,0,0,0,0,0,0,0,0,0,0,0,0,0,0,0,0,0,0
764,0.0,0.0,24.119747161865,27.878974914551,0.0,0.0,0.0,0.0,0.0,-0.47032055258751,1.1349281072617,0.0013167248107493,0.057401426136494,0.11211135983467,-0.22011664509773,6.2126171542332e-05,-0.095568001270294,-7.0308858994395e-05,0.0,0.0,-0.067281953990459,0.01767454855144,0.077684968709946,0.10121142864227,0.0001723374298308,-0.067281953990459,0.0,0.0,0.0,21.514532089233,0.0065835397690535,1.5662331581116,0,0,0,0,0,0,0,0,0,0,0,0,0,0,0,0,0,0,0,0,0,0,0,0,0,0,0,0,0,0,0,0
765,0.0,0.0,22.896467208862,33.603916168213,0.0,0.0,0.0,0.0,0.0,-0.4704564511776,1.039359331131,0.0011269217357039,0.047118879854679,0.11560286581516,-0.22694753110409,4.9147496611113e-05,-0.095569133758545,-6.8745837779716e-05,0.0,0.0,-0.063752301037312,0.021498672664165,0.093745589256287,0.09999642521143,0.00014840209041722,-0.063752301037312,0.0,0.0,0.0,21.517868041992,0.0065941512584686,1.5649149417877,0,0,0,0,0,0,0,0,0,0,0,0,0,0,0,0,0,0,0,0,0,0,0,0,0,0,0,0,0,0,0,0
766,0.0,0.0,21.484661102295,39.208641052246,0.0,0.0,0.0,0.0,0.0,-0.47053468227386,0.94378888607025,0.0009942603064701,0.036404624581337,0.11875732243061,-0.23319517076015,6.3302199123427e-05,-0.095571100711823,-6.6185399191454e-05,0.0,0.0,-0.059683606028557,0.024766409769654,0.10946766287088,0.097901366651058,0.00012573733692989,-0.059683606028557,0.0,0.0,0.0,21.525175094604,0.0063732033595443,1.5633828639984,0,0,0,0,0,0,0,0,0,0,0,0,0,0,0,0,0,0,0,0,0,0,0,0,0,0,0,0,0,0,0,0
767,0.0,0.0,19.869609832764,44.705139160156,0.0,0.0,0.0,0.0,0.0,-0.47059133648872,0.84821724891663,0.00088546541519463,0.025208694860339,0.12160900235176,-0.23877216875553,4.9840935389511e-05,-0.095571897923946,-6.3506813603453e-05,0.0,0.0,-0.055066462606192,0.028288068249822,0.12486810982227,0.096012637019157,0.00010012236452894,-0.055066462606192,0.0,0.0,0.0,21.523281097412,0.0063916072249413,1.5620511770248,0,0,0,0,0,0,0,0,0,0,0,0,0,0,0,0,0,0,0,0,0,0,0,0,0,0,0,0,0,0,0,0
768,0.0,0.0,18.093008041382,50.089603424072,0.0,0.0,0.0,0.0,0.0,-0.47062170505524,0.75264424085617,0.00080254900967702,0.013670118525624,0.12410248816013,-0.24372234940529,6.4385138102807e-05,-0.095573432743549,-5.9787133068312e-05,0.0,0.0,-0.049998331815004,0.031084589660168,0.13994190096855,0.094059266149998,7.704349263804e-05,-0.049998331815004,0.0,0.0,0.0,21.515970230103,0.0062710586935282,1.5607566833496,0,0,0,0,0,0,0,0,0,0,0,0,0,0,0,0,0,0,0,0,0,0,0,0,0,0,0,0,0,0,0,0
769,0.0,0.0,16.159009933472,55.345153808594,0.0,0.0,0.0,0.0,0.0,-0.47064557671547,0.65707033872604,0.00072979292599484,0.0017532666679472,0.1262650936842,-0.24795073270798,5.0188882596558e-05,-0.095574140548706,-5.5831860663602e-05,0.0,0.0,-0.044507265090942,0.033804904669523,0.15466161072254,0.091808848083019,5.0249986088602e-05,-0.044507265090942,0.0,0.0,0.0,21.509643554688,0.006377431564033,1.55925989151,0,0,0,0,0,0,0,0,0,0,0,0,0,0,0,0,0,0,0,0,0,0,0,0,0,0,0,0,0,0,0,0
770,0.0,0.0,14.102496147156,60.490306854248,0.0,0.0,0.0,0.0,0.0,-0.47065421938896,0.56149554252625,0.00067207199754193,-0.010413217358291,0.1280554831028,-0.25151851773262,6.475633563241e-05,-0.095575012266636,-5.1166400226066e-05,0.0,0.0,-0.03867744281888,0.035920191556215,0.16907149553299,0.089882723987103,2.725589183683e-05,-0.03867744281888,0.0,0.0,0.0,21.498052597046,0.0064073596149683,1.5576382875443,0,0,0,0,0,0,0,0,0,0,0,0,0,0,0,0,0,0,0,0,0,0,0,0,0,0,0,0,0,0,0,0
771,0.0,0.0,11.919312477112,65.548446655273,0.0,0.0,0.0,0.0,0.0,-0.47066223621368,0.46591991186142,0.00062033935682848,-0.022845881059766,0.12949158251286,-0.25432679057121,4.9629845307209e-05,-0.095575980842113,-4.594531856128e-05,0.0,0.0,-0.032521113753319,0.038103479892015,0.18322493135929,0.088363021612167,-2.5676263248897e-07,-0.032521113753319,0.0,0.0,0.0,21.485921859741,0.0066435476765037,1.556249499321,0,0,0,0,0,0,0,0,0,0,0,0,0,0,0,0,0,0,0,0,0,0,0,0,0,0,0,0,0,0,0,0
772,0.0,0.0,9.64914894104,70.534805297852,0.0,0.0,0.0,0.0,0.0,-0.47066015005112,0.37034383416176,0.00057872472098097,-0.035433474928141,0.13054865598679,-0.25645044445992,6.3980456616264e-05,-0.095575928688049,-4.0713981434237e-05,0.0,0.0,-0.026130294427276,0.039599049836397,0.19716502726078,0.087109543383121,-2.2791946321377e-05,-0.026130294427276,0.0,0.0,0.0,21.465799331665,0.0067253690212965,1.554992556572,0,0,0,0,0,0,0,0,0,0,0,0,0,0,0,0,0,0,0,0,0,0,0,0,0,0,0,0,0,0,0,0
773,0.0,0.0,7.3077764511108,75.451034545898,0.0,0.0,0.0,0.0,0.0,-0.47066041827202,0.27476692199707,0.00054210337111726,-0.048167865723372,0.13123346865177,-0.25779163837433,4.7784724301891e-05,-0.0955775603652,-3.4288310416741e-05,0.0,0.0,-0.019553991034627,0.04081404209137,0.21090930700302,0.085884064435959,-5.0611091864994e-05,-0.019553991034627,0.0,0.0,0.0,21.458202362061,0.0067802155390382,1.5536793470383,0,0,0,0,0,0,0,0,0,0,0,0,0,0,0,0,0,0,0,0,0,0,0,0,0,0,0,0,0,0,0,0
774,0.0,0.0,4.9180254936218,80.32884979248,0.0,0.0,0.0,0.0,0.0,-0.4706534743309,0.1791900396347,0.00051295507000759,-0.060962840914726,0.13153935968876,-0.25843355059624,6.1878163251095e-05,-0.09557630866766,-2.8995591492276e-05,0.0,0.0,-0.012851476669312,0.041636474430561,0.22453258931637,0.085211530327797,-7.2546150477137e-05,-0.012851476669312,0.0,0.0,0.0,21.44029045105,0.0066168997436762,1.552521109581,0,0,0,0,0,0,0,0,0,0,0,0,0,0,0,0,0,0,0,0,0,0,0,0,0,0,0,0,0,0,0,0
775,0.0,0.0,2.4854011535645,85.148658752441,0.0,0.0,0.0,0.0,0.0,-0.47065091133118,0.083612062036991,0.00048924022121355,-0.073779709637165,0.13146103918552,-0.25828611850739,4.4537824578583e-05,-0.095579013228416,-2.1420548364404e-05,0.0,0.0,-0.0060515599325299,0.042356915771961,0.23801465332508,0.084197536110878,-0.00010038674372481,-0.0060515599325299,0.0,0.0,0.0,21.422256469727,0.006702349986881,1.5510439872742,0,0,0,0,0,0,0,0,0,0,0,0,0,0,0,0,0,0,0,0,0,0,0,0,0,0,0,0,0,0,0,0
776,0.0,0.0,0.02735741622746,89.965545654297,0.0,0.0,0.0,0.0,0.0,-0.47064292430878,-0.011965345591307,0.00047138685476966,-0.086564525961876,0.13101050257683,-0.25743353366852,5.8576024457579e-05,-0.095576323568821,-1.6653622878948e-05,0.0,0.0,0.00079720537178218,0.042779378592968,0.25147464871407,0.084142789244652,-0.00012157578021288,0.00079720537178218,0.0,0.0,0.0,21.397790908813,0.0067474469542503,1.5498410463333,0,0,0,0,0,0,0,0,0,0,0,0,0,0,0,0,0,0,0,0,0,0,0,0,0,0,0,0,0,0,0,0
777,0.0,0.0,2.4302694797516,94.770515441895,0.0,0.0,0.0,0.0,0.0,-0.47064101696014,-0.10754426568747,0.0004602973931469,-0.099243469536304,0.13017050921917,-0.25580158829689,4.012980934931e-05,-0.095580466091633,-7.9598958109273e-06,0.0,0.0,0.0076288711279631,0.042744442820549,0.26491314172745,0.083933256566525,-0.0001492369628977,0.0076288711279631,0.0,0.0,0.0,21.380807876587,0.0068224514834583,1.5484292507172,0,0,0,0,0,0,0,0,0,0,0,0,0,0,0,0,0,0,0,0,0,0,0,0,0,0,0,0,0,0,0,0
778,0.0,0.0,4.8768510818481,99.61572265625,0.0,0.0,0.0,0.0,0.0,-0.47063493728638,-0.20312204957008,0.00045395721099339,-0.11180022358894,0.128971144557,-0.25346672534943,5.4535721574211e-05,-0.095576137304306,-4.3566019485297e-06,0.0,0.0,0.014407849870622,0.042531304061413,0.27844256162643,0.084630519151688,-0.00016959579079412,0.014407849870622,0.0,0.0,0.0,21.358480453491,0.0067660566419363,1.5474017858505,0,0,0,0,0,0,0,0,0,0,0,0,0,0,0,0,0,0,0,0,0,0,0,0,0,0,0,0,0,0,0,0
779,0.0,0.0,7.2888460159302,104.49626922607,0.0,0.0,0.0,0.0,0.0,-0.47063672542572,-0.29870188236237,0.00045649535604753,-0.12412368506193,0.1273839622736,-0.2503799200058,3.5191300412407e-05,-0.095581956207752,5.5180958042911e-06,0.0,0.0,0.021072750911117,0.041900489479303,0.2920703291893,0.085245758295059,-0.00019676722877193,0.021072750911117,0.0,0.0,0.0,21.332096099854,0.0066575813107193,1.546361207962,0,0,0,0,0,0,0,0,0,0,0,0,0,0,0,0,0,0,0,0,0,0,0,0,0,0,0,0,0,0,0,0
780,0.0,0.0,9.6610832214355,109.43746948242,0.0,0.0,0.0,0.0,0.0,-0.47063520550728,-0.39427998661995,0.00046294397907332,-0.13623757660389,0.12545594573021,-0.24660007655621,5.0562732212711e-05,-0.095575869083405,7.3690162025741e-06,0.0,0.0,0.027598040178418,0.041187074035406,0.30585849285126,0.086297750473022,-0.00021627587557305,0.027598040178418,0.0,0.0,0.0,21.308252334595,0.0066415960900486,1.5455358028412,0,0,0,0,0,0,0,0,0,0,0,0,0,0,0,0,0,0,0,0,0,0,0,0,0,0,0,0,0,0,0,0
781,0.0,0.0,11.950426101685,114.45072937012,0.0,0.0,0.0,0.0,0.0,-0.47064372897148,-0.48986074328423,0.00048118896665983,-0.14799420535564,0.1231492832303,-0.2421128153801,3.0670500564156e-05,-0.09558342397213,1.8439739505993e-05,0.0,0.0,0.033885583281517,0.039714150130749,0.31984254717827,0.087554313242435,-0.00024241601931863,0.033885583281517,0.0,0.0,0.0,21.287183761597,0.006362303160131,1.5446614027023,0,0,0,0,0,0,0,0,0,0,0,0,0,0,0,0,0,0,0,0,0,0,0,0,0,0,0,0,0,0,0,0
782,0.0,0.0,14.179400444031,119.55210876465,0.0,0.0,0.0,0.0,0.0,-0.47064980864525,-0.58543914556503,0.000502745853737,-0.1594572365284,0.12052544951439,-0.23695029318333,4.7510158765363e-05,-0.095575638115406,1.8070400983561e-05,0.0,0.0,0.039961103349924,0.038641940802336,0.33406415581703,0.08908436447382,-0.00026101252296939,0.039961103349924,0.0,0.0,0.0,21.263458251953,0.0064778197556734,1.5440542697906,0,0,0,0,0,0,0,0,0,0,0,0,0,0,0,0,0,0,0,0,0,0,0,0,0,0,0,0,0,0,0,0
783,0.0,0.0,16.285551071167,124.76286315918,0.0,0.0,0.0,0.0,0.0,-0.47066906094551,-0.68102073669434,0.00054029701277614,-0.1704460978508,0.11753960698843,-0.23114077746868,2.7567079087021e-05,-0.095584757626057,3.0415465516853e-05,0.0,0.0,0.04569049924612,0.036473855376244,0.34857362508774,0.090992391109467,-0.00028540272614919,0.04569049924612,0.0,0.0,0.0,21.235467910767,0.006252801977098,1.5435235500336,0,0,0,0,0,0,0,0,0,0,0,0,0,0,0,0,0,0,0,0,0,0,0,0,0,0,0,0,0,0,0,0
784,0.0,0.0,18.297468185425,130.07495117188,0.0,0.0,0.0,0.0,0.0,-0.4706874191761,-0.77659946680069,0.0005812513991259,-0.18106046319008,0.11426450312138,-0.2246820628643,4.6218701754697e-05,-0.095575496554375,2.7466518076835e-05,0.0,0.0,0.051110304892063,0.03481162711978,0.3633641898632,0.092751890420914,-0.00030295475153252,0.051110304892063,0.0,0.0,0.0,21.219938278198,0.0066004763357341,1.5430859327316,0,0,0,0,0,0,0,0,0,0,0,0,0,0,0,0,0,0,0,0,0,0,0,0,0,0,0,0,0,0,0,0
785,0.0,0.0,20.141717910767,135.50759887695,0.0,0.0,0.0,0.0,0.0,-0.47072461247444,-0.87218171358109,0.00064500694861636,-0.19109430909157,0.1106518432498,-0.2176506370306,2.6821859137272e-05,-0.09558579325676,4.1157960367855e-05,0.0,0.0,0.05606684461236,0.031863324344158,0.3784764111042,0.094855211675167,-0.0003248956927564,0.05606684461236,0.0,0.0,0.0,21.197353363037,0.0065830196253955,1.5425641536713,0,0,0,0,0,0,0,0,0,0,0,0,0,0,0,0,0,0,0,0,0,0,0,0,0,0,0,0,0,0,0,0
786,0.0,0.0,21.830345153809,141.068359375,0.0,0.0,0.0,0.0,0.0,-0.47076553106308,-0.9677609205246,0.00071624806150794,-0.20067943632603,0.10676911473274,-0.21000893414021,4.7256835387088e-05,-0.095575638115406,3.7413836253108e-05,0.0,0.0,0.060566820204258,0.029131647199392,0.39392417669296,0.097081311047077,-0.00034046560176648,0.060566820204258,0.0,0.0,0.0,21.162492752075,0.0067175468429923,1.5421967506409,0,0,0,0,0,0,0,0,0,0,0,0,0,0,0,0,0,0,0,0,0,0,0,0,0,0,0,0,0,0,0,0
787,0.0,0.0,23.337118148804,146.76411437988,0.0,0.0,0.0,0.0,0.0,-0.47083914279938,-1.0633441209793,0.00082611799007282,-0.20958977937698,0.10259612649679,-0.20187625288963,2.8787839255529e-05,-0.095586940646172,5.2203467930667e-05,0.0,0.0,0.06454411149025,0.025939906015992,0.40971910953522,0.099436029791832,-0.00035823904909194,0.06454411149025,0.0,0.0,0.0,21.136518478394,0.0068828971125185,1.5420362949371,0,0,0,0,0,0,0,0,0,0,0,0,0,0,0,0,0,0,0,0,0,0,0,0,0,0,0,0,0,0,0,0
788,0.0,0.0,24.632347106934,152.59381103516,0.0,0.0,0.0,0.0,0.0,-0.47093230485916,-1.158923625946,0.00095593516016379,-0.21796877682209,0.098198458552361,-0.19317351281643,5.1347247790545e-05,-0.095575734972954,4.2832565668505e-05,0.0,0.0,0.067930646240711,0.022232554852962,0.42585024237633,0.10176356881857,-0.00037346262251958,0.067930646240711,0.0,0.0,0.0,21.113960266113,0.0068999375216663,1.5420889854431,0,0,0,0,0,0,0,0,0,0,0,0,0,0,0,0,0,0,0,0,0,0,0,0,0,0,0,0,0,0,0,0
789,0.0,0.0,25.693141937256,158.50743103027,0.0,0.0,0.0,0.0,0.0,-0.47110512852669,-1.2545067071915,0.0011706535005942,-0.22560229897499,0.093537613749504,-0.1840792298317,3.453747194726e-05,-0.09558667242527,5.8486122725299e-05,0.0,0.0,0.070670604705811,0.018125511705875,0.44221431016922,0.10322701185942,-0.00038883063825779,0.070670604705811,0.0,0.0,0.0,21.091157913208,0.0068145100958645,1.5417325496674,0,0,0,0,0,0,0,0,0,0,0,0,0,0,0,0,0,0,0,0,0,0,0,0,0,0,0,0,0,0,0,0
790,0.0,0.0,26.539113998413,164.52536010742,0.0,0.0,0.0,0.0,0.0,-0.47139883041382,-1.3500859737396,0.0015051515074447,-0.23263755440712,0.088679425418377,-0.17447236180305,5.7327742979396e-05,-0.095575891435146,4.6499197196681e-05,0.0,0.0,0.072790324687958,0.014362695626915,0.4588320851326,0.10503716766834,-0.00040231834282167,0.072790324687958,0.0,0.0,0.0,21.067489624023,0.0070956056006253,1.5416287183762,0,0,0,0,0,0,0,0,0,0,0,0,0,0,0,0,0,0,0,0,0,0,0,0,0,0,0,0,0,0,0,0
791,0.0,0.0,27.101285934448,170.61862182617,0.0,0.0,0.0,0.0,0.0,-0.47219100594521,-1.4456683397293,0.0023450686130673,-0.23886977136135,0.083607368171215,-0.16457334160805,4.3029271182604e-05,-0.095585562288761,6.5043263020925e-05,0.0,0.0,0.074154168367386,0.0093991765752435,0.4756295979023,0.10634912550449,-0.00041256687836722,0.074154168367386,0.0,0.0,0.0,21.040939331055,0.0068106288090348,1.5415171384811,0,0,0,0,0,0,0,0,0,0,0,0,0,0,0,0,0,0,0,0,0,0,0,0,0,0,0,0,0,0,0,0
792,0.0,0.0,27.424751281738,176.77264404297,0.0,0.0,0.0,0.0,0.0,-0.477898478508,-1.5412468910217,0.0080977622419596,-0.24443599581718,0.078374482691288,-0.15423281490803,6.5265077864751e-05,-0.095576032996178,5.1231429097243e-05,0.0,0.0,0.074841126799583,0.0052213869057596,0.49255868792534,0.10740039497614,-0.00042414461495355,0.074841126799583,0.0,0.0,0.0,21.021087646484,0.0068847937509418,1.5416717529297,0,0,0,0,0,0,0,0,0,0,0,0,0,0,0,0,0,0,0,0,0,0,0,0,0,0,0,0,0,0,0,0
793,0.0,0.0,27.480228424072,177.06443786621,0.0,0.0,0.0,0.0,0.0,2.6745893955231,-1.504763007164,3.1388473510742,-0.24916270375252,0.072981342673302,-0.1436915397644,5.3299390856409e-05,-0.095583759248257,6.8568217102438e-05,0.0,0.0,0.074796117842197,0.00053831381956115,-0.4905010163784,0.10755193978548,-0.00042994483374059,0.074796117842197,0.0,0.0,0.0,20.998229980469,0.0069344718940556,1.5416765213013,0,0,0,0,0,0,0,0,0,0,0,0,0,0,0,0,0,0,0,0,0,0,0,0,0,0,0,0,0,0,0,0
794,0.0,0.0,27.265562057495,170.89720153809,0.0,0.0,0.0,0.0,0.0,2.6725618839264,-1.4091840982437,3.1409225463867,-0.25316160917282,0.067472599446774,-0.13279923796654,7.4118790507782e-05,-0.095576785504818,5.2222163503757e-05,0.0,0.0,0.074018016457558,-0.0041858274489641,-0.47358161211014,0.10761900246143,-0.00043919283780269,0.074018016457558,0.0,0.0,0.0,20.976181030273,0.0069201732985675,1.5419229269028,0,0,0,0,0,0,0,0,0,0,0,0,0,0,0,0,0,0,0,0,0,0,0,0,0,0,0,0,0,0,0,0
795,0.0,0.0,26.776187896729,164.74450683594,0.0,0.0,0.0,0.0,0.0,2.6720538139343,-1.3136043548584,3.1414833068848,-0.25630176067352,0.061856534332037,-0.12179746478796,6.6194181272294e-05,-0.095580622553825,6.730424502166e-05,0.0,0.0,0.072503603994846,-0.0089827906340361,-0.45674058794975,0.10735978931189,-0.00044159614481032,0.072503603994846,0.0,0.0,0.0,20.953742980957,0.0067653362639248,1.5425869226456,0,0,0,0,0,0,0,0,0,0,0,0,0,0,0,0,0,0,0,0,0,0,0,0,0,0,0,0,0,0,0,0
796,0.0,0.0,26.044239044189,158.67765808105,0.0,0.0,0.0,0.0,0.0,2.6718080043793,-1.2180260419846,-3.1414082050323,-0.25866928696632,0.056149981915951,-0.11055987328291,8.1007972767111e-05,-0.095578446984291,5.6267457694048e-05,0.0,0.0,0.070321761071682,-0.013220807537436,-0.44012704491615,0.10585410892963,-0.00044589146273211,0.070321761071682,0.0,0.0,0.0,20.934604644775,0.0068206964060664,1.5429280996323,0,0,0,0,0,0,0,0,0,0,0,0,0,0,0,0,0,0,0,0,0,0,0,0,0,0,0,0,0,0,0,0
797,0.0,0.0,25.05181312561,152.70016479492,0.0,0.0,0.0,0.0,0.0,2.6716713905334,-1.1224493980408,-3.1412200927734,-0.2601703107357,0.050378181040287,-0.099254719913006,7.9567696957383e-05,-0.095574989914894,6.1348393501248e-05,0.0,0.0,0.067451000213623,-0.017765508964658,-0.42376464605331,0.10428635776043,-0.00044442201033235,0.067451000213623,0.0,0.0,0.0,20.909782409668,0.0066065168939531,1.5433076620102,0,0,0,0,0,0,0,0,0,0,0,0,0,0,0,0,0,0,0,0,0,0,0,0,0,0,0,0,0,0,0,0
798,0.0,0.0,23.845470428467,146.82012939453,0.0,0.0,0.0,0.0,0.0,2.6715748310089,-1.0268754959106,-3.1410739421844,-0.2608787715435,0.044598024338484,-0.087862499058247,9.274783951696e-05,-0.095572158694267,6.1813108914066e-05,0.0,0.0,0.063990198075771,-0.021498899906874,-0.4076786339283,0.10257834196091,-0.00044422812061384,0.063990198075771,0.0,0.0,0.0,20.892164230347,0.0066965725272894,1.5437661409378,0,0,0,0,0,0,0,0,0,0,0,0,0,0,0,0,0,0,0,0,0,0,0,0,0,0,0,0,0,0,0,0
799,0.0,0.0,22.413280487061,141.05557250977,0.0,0.0,0.0,0.0,0.0,2.671511888504,-0.93130105733871,-3.1409642696381,-0.26071044802666,0.038783084601164,-0.076464965939522,8.5688508988824e-05,-0.095576718449593,5.7367917179363e-05,0.0,0.0,0.059933584183455,-0.025433806702495,-0.39190950989723,0.10055796802044,-0.00043737873784266,0.059933584183455,0.0,0.0,0.0,20.868947982788,0.0065869861282408,1.5443090200424,0,0,0,0,0,0,0,0,0,0,0,0,0,0,0,0,0,0,0,0,0,0,0,0,0,0,0,0,0,0,0,0
800,0.0,0.0,20.791082382202,135.4181060791,0.0,0.0,0.0,0.0,0.0,2.6714587211609,-0.83573037385941,-3.1408662796021,-0.25975376367569,0.032993242144585,-0.065059915184975,0.00010259622649755,-0.095568604767323,5.8183395594824e-05,0.0,0.0,0.055362068116665,-0.028745770454407,-0.37648051977158,0.098330914974213,-0.00043307046871632,0.055362068116665,0.0,0.0,0.0,20.862133026123,0.0065391268581152,1.5447787046432,0,0,0,0,0,0,0,0,0,0,0,0,0,0,0,0,0,0,0,0,0,0,0,0,0,0,0,0,0,0,0,0
801,0.0,0.0,19.010160446167,129.88255310059,0.0,0.0,0.0,0.0,0.0,2.6714260578156,-0.74015873670578,-3.1407871246338,-0.25791725516319,0.027238709852099,-0.053791299462318,9.2561283963732e-05,-0.095572747290134,5.6257544201799e-05,0.0,0.0,0.050350625067949,-0.031507983803749,-0.36134427785873,0.096548661589622,-0.00042503877193667,0.050350625067949,0.0,0.0,0.0,20.853258132935,0.0068820435553789,1.5454975366592,0,0,0,0,0,0,0,0,0,0,0,0,0,0,0,0,0,0,0,0,0,0,0,0,0,0,0,0,0,0,0,0
802,0.0,0.0,17.066215515137,124.49031066895,0.0,0.0,0.0,0.0,0.0,2.6713964939117,-0.64459025859833,-3.1407136917114,-0.25529688596725,0.021557772532105,-0.042603254318237,0.00010971846495522,-0.095566011965275,5.2543648052961e-05,0.0,0.0,0.044908914715052,-0.034346368163824,-0.34657144546509,0.094040833413601,-0.00041812853305601,0.044908914715052,0.0,0.0,0.0,20.840087890625,0.0069548059254885,1.5458990335464,0,0,0,0,0,0,0,0,0,0,0,0,0,0,0,0,0,0,0,0,0,0,0,0,0,0,0,0,0,0,0,0
803,0.0,0.0,14.986115455627,119.20543670654,0.0,0.0,0.0,0.0,0.0,2.671379327774,-0.54902178049088,-3.1406519412994,-0.25183019042015,0.015964603051543,-0.031652975827456,9.8104559583589e-05,-0.095569625496864,5.0122278480558e-05,0.0,0.0,0.039103392511606,-0.036708872765303,-0.33208870887756,0.092161186039448,-0.00040428654756397,0.039103392511606,0.0,0.0,0.0,20.830839157104,0.007020428776741,1.5463811159134,0,0,0,0,0,0,0,0,0,0,0,0,0,0,0,0,0,0,0,0,0,0,0,0,0,0,0,0,0,0,0,0
804,0.0,0.0,12.799113273621,114.0245513916,0.0,0.0,0.0,0.0,0.0,2.6713624000549,-0.45345643162727,-3.140594959259,-0.24759994447231,0.010488037019968,-0.020876264199615,0.00010963485692628,-0.095563761889935,4.9996560846921e-05,0.0,0.0,0.03300441801548,-0.038563020527363,-0.31787857413292,0.090339459478855,-0.00039262638892978,0.03300441801548,0.0,0.0,0.0,20.828151702881,0.0071687079034746,1.5467638969421,0,0,0,0,0,0,0,0,0,0,0,0,0,0,0,0,0,0,0,0,0,0,0,0,0,0,0,0,0,0,0,0
805,0.0,0.0,10.511206626892,108.91991424561,0.0,0.0,0.0,0.0,0.0,2.6713538169861,-0.35789141058922,-3.140547990799,-0.24255639314651,0.0051394361071289,-0.010400267317891,0.00010245649173157,-0.095565214753151,4.1772225813475e-05,0.0,0.0,0.026640594005585,-0.040307354182005,-0.30387821793556,0.089003995060921,-0.00037585798418149,0.026640594005585,0.0,0.0,0.0,20.817953109741,0.0072797718457878,1.5473617315292,0,0,0,0,0,0,0,0,0,0,0,0,0,0,0,0,0,0,0,0,0,0,0,0,0,0,0,0,0,0,0,0
806,0.0,0.0,8.1437950134277,103.91644287109,0.0,0.0,0.0,0.0,0.0,2.6713471412659,-0.26232895255089,-3.1405045986176,-0.23678286373615,-4.5557815610664e-05,-0.00020472209143918,0.00011339460616,-0.095560520887375,3.9184320485219e-05,0.0,0.0,0.020066695287824,-0.041680030524731,-0.29011934995651,0.087232895195484,-0.00036088956403546,0.020066695287824,0.0,0.0,0.0,20.816143035889,0.0070873983204365,1.5475397109985,0,0,0,0,0,0,0,0,0,0,0,0,0,0,0,0,0,0,0,0,0,0,0,0,0,0,0,0,0,0,0,0
807,0.0,0.0,5.724672794342,98.94002532959,0.0,0.0,0.0,0.0,0.0,2.6713492870331,-0.16676725447178,-3.1404678821564,-0.230255022645,-0.0050462363287807,0.0095845181494951,0.00010084267705679,-0.095562644302845,3.3904889278347e-05,0.0,0.0,0.013350695371628,-0.042562000453472,-0.27645111083984,0.086755529046059,-0.00034036362194456,0.013350695371628,0.0,0.0,0.0,20.809614181519,0.0071582044474781,1.54811835289,0,0,0,0,0,0,0,0,0,0,0,0,0,0,0,0,0,0,0,0,0,0,0,0,0,0,0,0,0,0,0,0
808,0.0,0.0,3.2583429813385,94.024002075195,0.0,0.0,0.0,0.0,0.0,2.6713519096375,-0.071208722889423,-3.1404359340668,-0.22303713858128,-0.0098462700843811,0.019018528982997,0.0001019915798679,-0.095558226108551,3.6085337342229e-05,0.0,0.0,0.0065165520645678,-0.043367009609938,-0.26291862130165,0.085696339607239,-0.00032143059070222,0.0065165520645678,0.0,0.0,0.0,20.799360275269,0.0068780509755015,1.5484167337418,0,0,0,0,0,0,0,0,0,0,0,0,0,0,0,0,0,0,0,0,0,0,0,0,0,0,0,0,0,0,0,0
809,0.0,0.0,0.78752207756042,89.121932983398,0.0,0.0,0.0,0.0,0.0,2.6713614463806,0.0243482850492,-3.1404087543488,-0.2151183784008,-0.014437000267208,0.028002090752125,0.00010477659088792,-0.095555432140827,1.9227247321396e-05,0.0,0.0,-0.0003419988497626,-0.043426509946585,-0.24942037463188,0.085450127720833,-0.00030255358433351,-0.0003419988497626,0.0,0.0,0.0,20.795961380005,0.0068444344215095,1.548681974411,0,0,0,0,0,0,0,0,0,0,0,0,0,0,0,0,0,0,0,0,0,0,0,0,0,0,0,0,0,0,0,0
810,0.0,0.0,1.6780104637146,84.227668762207,0.0,0.0,0.0,0.0,0.0,2.6713750362396,0.11990458518267,-3.1403856277466,-0.20656722784042,-0.018763311207294,0.036513391882181,9.7295211162418e-05,-0.095557473599911,2.4983395633171e-05,0.0,0.0,-0.0071896831505001,-0.043309051543474,-0.23592852056026,0.085309743881226,-0.00027738974313252,-0.0071896831505001,0.0,0.0,0.0,20.782571792603,0.0068338792771101,1.5487829446793,0,0,0,0,0,0,0,0,0,0,0,0,0,0,0,0,0,0,0,0,0,0,0,0,0,0,0,0,0,0,0,0
811,0.0,0.0,4.1267070770264,79.319450378418,0.0,0.0,0.0,0.0,0.0,2.6713819503784,0.21546021103859,-3.1403772830963,-0.19737499952316,-0.022859837859869,0.044491127133369,8.7828702817205e-05,-0.09555621445179,1.7693668269203e-05,0.0,0.0,-0.014004494994879,-0.043129581958055,-0.22238525748253,0.08556317538023,-0.0003917598805856,-0.014004494994879,0.0,0.0,0.0,20.77551651001,0.0066440179944038,1.5488998889923,0,0,0,0,0,0,0,0,0,0,0,0,0,0,0,0,0,0,0,0,0,0,0,0,0,0,0,0,0,0,0,0
812,0.0,0.0,6.5430459976196,74.373886108398,0.0,0.0,0.0,0.0,0.0,2.6714289188385,0.31101670861244,-3.1403374671936,-0.18761001527309,-0.026652606204152,0.051952846348286,6.9384739617817e-05,-0.095556616783142,2.8685391953331e-05,0.0,0.0,-0.020724907517433,-0.042505297809839,-0.20872956514359,0.086238473653793,-0.00033223489299417,-0.020724907517433,0.0,0.0,0.0,20.774826049805,0.0064706923440099,1.5490682125092,0,0,0,0,0,0,0,0,0,0,0,0,0,0,0,0,0,0,0,0,0,0,0,0,0,0,0,0,0,0,0,0
813,0.0,0.0,8.8910083770752,69.375335693359,0.0,0.0,0.0,0.0,0.0,2.6714811325073,0.40657100081444,-3.1403014659882,-0.17733573913574,-0.030144043266773,0.058800563216209,7.5087278673891e-05,-0.095553144812584,1.1988343430858e-05,0.0,0.0,-0.027264257892966,-0.041233960539103,-0.1949187964201,0.087163761258125,-0.00025428802473471,-0.027264257892966,0.0,0.0,0.0,20.774633407593,0.0065498361364007,1.5491019487381,0,0,0,0,0,0,0,0,0,0,0,0,0,0,0,0,0,0,0,0,0,0,0,0,0,0,0,0,0,0,0,0
814,0.0,0.0,11.164680480957,64.315223693848,0.0,0.0,0.0,0.0,0.0,2.6715393066406,0.50212508440018,-3.140264749527,-0.16663280129433,-0.033292971551418,0.065015472471714,7.1468799433205e-05,-0.095554299652576,1.1156002983626e-05,0.0,0.0,-0.033596023917198,-0.039873793721199,-0.1809226423502,0.088234275579453,-0.00019072910072282,-0.033596023917198,0.0,0.0,0.0,20.778343200684,0.0066154305823147,1.5489823818207,0,0,0,0,0,0,0,0,0,0,0,0,0,0,0,0,0,0,0,0,0,0,0,0,0,0,0,0,0,0,0,0
815,0.0,0.0,13.352731704712,59.15588760376,0.0,0.0,0.0,0.0,0.0,2.6716020107269,0.59767746925354,-3.140230178833,-0.15543037652969,-0.036143463104963,0.070606276392937,7.7061558840796e-05,-0.095551528036594,-3.5214800391259e-06,0.0,0.0,-0.039683725684881,-0.038333538919687,-0.16665595769882,0.089965477585793,-0.00014483137056231,-0.039683725684881,0.0,0.0,0.0,20.773244857788,0.0066844751127064,1.5491310358047,0,0,0,0,0,0,0,0,0,0,0,0,0,0,0,0,0,0,0,0,0,0,0,0,0,0,0,0,0,0,0,0
816,0.0,0.0,15.421992301941,53.926639556885,0.0,0.0,0.0,0.0,0.0,2.6716823577881,0.69322896003723,-3.1401791572571,-0.1438959389925,-0.038624789565802,0.075525760650635,6.3928506278899e-05,-0.095551423728466,5.7619508879725e-06,0.0,0.0,-0.045449167490005,-0.036223243921995,-0.15216162800789,0.091184467077255,-0.00010783613106469,-0.045449167490005,0.0,0.0,0.0,20.775756835938,0.0066961799748242,1.5487946271896,0,0,0,0,0,0,0,0,0,0,0,0,0,0,0,0,0,0,0,0,0,0,0,0,0,0,0,0,0,0,0,0
817,0.0,0.0,17.365831375122,48.5749168396,0.0,0.0,0.0,0.0,0.0,2.6717808246613,0.78877878189087,-3.1401135921478,-0.13195538520813,-0.040787529200315,0.079767733812332,6.608651165152e-05,-0.095549143850803,-4.1704361137818e-06,0.0,0.0,-0.050861854106188,-0.034004423767328,-0.13733060657978,0.093324601650238,-7.8027544077486e-05,-0.050861854106188,0.0,0.0,0.0,20.760107040405,0.0067054210230708,1.5487220287323,0,0,0,0,0,0,0,0,0,0,0,0,0,0,0,0,0,0,0,0,0,0,0,0,0,0,0,0,0,0,0,0
818,0.0,0.0,19.159973144531,43.098613739014,0.0,0.0,0.0,0.0,0.0,2.6719152927399,0.88432711362839,-3.1400105953217,-0.11979340016842,-0.042564857751131,0.083308026194572,5.1282298954902e-05,-0.09554798156023,6.4779301283124e-06,0.0,0.0,-0.055859182029963,-0.031363278627396,-0.12215207517147,0.095498919487,-4.9594949814491e-05,-0.055859182029963,0.0,0.0,0.0,20.763509750366,0.0067366510629654,1.5487946271896,0,0,0,0,0,0,0,0,0,0,0,0,0,0,0,0,0,0,0,0,0,0,0,0,0,0,0,0,0,0,0,0
819,0.0,0.0,20.773952484131,37.511951446533,0.0,0.0,0.0,0.0,0.0,2.6720929145813,0.9798738360405,-3.1398668289185,-0.10733164101839,-0.044001411646605,0.08613108843565,5.2524708735291e-05,-0.095546171069145,-1.607061562936e-06,0.0,0.0,-0.060365345329046,-0.028191847726703,-0.10664714127779,0.097428128123283,-2.2612544853473e-05,-0.060365345329046,0.0,0.0,0.0,20.76900100708,0.0068628480657935,1.5486813783646,0,0,0,0,0,0,0,0,0,0,0,0,0,0,0,0,0,0,0,0,0,0,0,0,0,0,0,0,0,0,0,0
820,0.0,0.0,22.207500457764,31.809886932373,0.0,0.0,0.0,0.0,0.0,2.6723518371582,1.0754191875458,-3.1396400928497,-0.094751290977001,-0.045041214674711,0.08822575211525,3.6717647162732e-05,-0.095545329153538,6.9322254603321e-06,0.0,0.0,-0.06436113268137,-0.025017777457833,-0.090807527303696,0.099443458020687,2.3715388124401e-06,-0.06436113268137,0.0,0.0,0.0,20.777647018433,0.0068087503314018,1.5485690832138,0,0,0,0,0,0,0,0,0,0,0,0,0,0,0,0,0,0,0,0,0,0,0,0,0,0,0,0,0,0,0,0
821,0.0,0.0,23.440307617188,26.020992279053,0.0,0.0,0.0,0.0,0.0,2.6727349758148,1.1709631681442,-3.1392908096313,-0.081985503435135,-0.045722179114819,0.089576318860054,3.7545967643382e-05,-0.095543541014194,2.1361258859542e-06,0.0,0.0,-0.067790262401104,-0.021487765014172,-0.074690572917461,0.10096295177937,2.877490442188e-05,-0.067790262401104,0.0,0.0,0.0,20.770183563232,0.0065339189022779,1.548077583313,0,0,0,0,0,0,0,0,0,0,0,0,0,0,0,0,0,0,0,0,0,0,0,0,0,0,0,0,0,0,0,0
822,0.0,0.0,24.440095901489,20.107315063477,0.0,0.0,0.0,0.0,0.0,2.6733782291412,1.2665057182312,-3.1386790275574,-0.069203309714794,-0.046004012227058,0.090186573565006,2.168524042645e-05,-0.095542073249817,1.007161790767e-05,0.0,0.0,-0.070577435195446,-0.017396550625563,-0.058235995471478,0.10314284265041,5.3029954869999e-05,-0.070577435195446,0.0,0.0,0.0,20.776124954224,0.0064871143549681,1.5479092597961,0,0,0,0,0,0,0,0,0,0,0,0,0,0,0,0,0,0,0,0,0,0,0,0,0,0,0,0,0,0,0,0
823,0.0,0.0,25.180194854736,14.11323928833,0.0,0.0,0.0,0.0,0.0,2.674610376358,1.3620467185974,-3.1374776363373,-0.056348502635956,-0.04591953009367,0.09003846347332,2.3816335669835e-05,-0.095541156828403,7.4743488767126e-06,0.0,0.0,-0.072657369077206,-0.012838791124523,-0.041541136801243,0.10455029457808,7.8384815424215e-05,-0.072657369077206,0.0,0.0,0.0,20.767488479614,0.006785708013922,1.5476220846176,0,0,0,0,0,0,0,0,0,0,0,0,0,0,0,0,0,0,0,0,0,0,0,0,0,0,0,0,0,0,0,0
824,0.0,0.0,25.688661575317,8.0595855712891,0.0,0.0,0.0,0.0,0.0,2.6779775619507,1.45758497715,-3.1341369152069,-0.043590757995844,-0.045439906418324,0.089154042303562,8.0376903497381e-06,-0.09553936868906,1.5387042367365e-05,0.0,0.0,-0.074071042239666,-0.0087723098695278,-0.024665586650372,0.1055922806263,0.00010209720494458,-0.074071042239666,0.0,0.0,0.0,20.759382247925,0.0067622130736709,1.5473177433014,0,0,0,0,0,0,0,0,0,0,0,0,0,0,0,0,0,0,0,0,0,0,0,0,0,0,0,0,0,0,0,0
825,0.0,0.0,25.952886581421,1.9418247938156,0.0,0.0,0.0,0.0,0.0,2.7177472114563,1.5531066656113,-3.0943913459778,-0.030877839773893,-0.044592645019293,0.087515003979206,8.618381798442e-06,-0.09553774446249,1.6364538169e-05,0.0,0.0,-0.074786715209484,-0.004484485834837,-0.0076243500225246,0.10671583563089,0.00012712716124952,-0.074786715209484,0.0,0.0,0.0,20.75340461731,0.0065143252722919,1.5474104881287,0,0,0,0,0,0,0,0,0,0,0,0,0,0,0,0,0,0,0,0,0,0,0,0,0,0,0,0,0,0,0,0
826,0.0,0.0,25.96185874939,4.1444034576416,0.0,0.0,0.0,0.0,0.0,-0.48175659775734,1.4929251670837,-0.010729048401117,-0.018353311344981,-0.043361783027649,0.085151471197605,-6.1426294450939e-06,-0.095535576343536,2.2774360331823e-05,0.0,0.0,-0.074779316782951,-6.1805399127479e-06,0.0093768518418074,0.1061686873436,0.000150413470692,-0.074779316782951,0.0,0.0,0.0,20.751106262207,0.0061411280184984,1.5468031167984,0,0,0,0,0,0,0,0,0,0,0,0,0,0,0,0,0,0,0,0,0,0,0,0,0,0,0,0,0,0,0,0
827,0.0,0.0,25.692184448242,10.219274520874,0.0,0.0,0.0,0.0,0.0,-0.47585937380791,1.3973923921585,-0.0048474003560841,-0.0059889564290643,-0.041769757866859,0.08204560726881,-3.8355069591489e-06,-0.095534950494766,2.483719981683e-05,0.0,0.0,-0.074004255235195,0.00488161155954,0.026348266750574,0.1059753075242,0.00017491975449957,-0.074004255235195,0.0,0.0,0.0,20.74277305603,0.0060969348996878,1.5462656021118,0,0,0,0,0,0,0,0,0,0,0,0,0,0,0,0,0,0,0,0,0,0,0,0,0,0,0,0,0,0,0,0
828,0.0,0.0,25.155256271362,16.259689331055,0.0,0.0,0.0,0.0,0.0,-0.47417902946472,1.3018598556519,-0.0031767887994647,0.0060727554373443,-0.039810258895159,0.078245088458061,-1.8100921806763e-05,-0.095533013343811,3.1152372685028e-05,0.0,0.0,-0.072486415505409,0.0095676463097334,0.043218746781349,0.10537714511156,0.00019645666179713,-0.072486415505409,0.0,0.0,0.0,20.728710174561,0.0062385993078351,1.5458880662918,0,0,0,0,0,0,0,0,0,0,0,0,0,0,0,0,0,0,0,0,0,0,0,0,0,0,0,0,0,0,0,0
829,0.0,0.0,24.364854812622,22.256685256958,0.0,0.0,0.0,0.0,0.0,-0.47338914871216,1.206328868866,-0.0023917495273054,0.017845651134849,-0.037501573562622,0.073743619024754,-2.42770947807e-05,-0.095529846847057,3.5871620639227e-05,0.0,0.0,-0.070258945226669,0.014014727436006,0.059948530048132,0.10462348908186,0.00021964423649479,-0.070258945226669,0.0,0.0,0.0,20.71827507019,0.0064077018760145,1.5459212064743,0,0,0,0,0,0,0,0,0,0,0,0,0,0,0,0,0,0,0,0,0,0,0,0,0,0,0,0,0,0,0,0
830,0.0,0.0,23.345687866211,28.141696929932,0.0,0.0,0.0,0.0,0.0,-0.47293612360954,1.1107987165451,-0.0019379141740501,0.029267717152834,-0.034849286079407,0.068562053143978,-2.9575543521787e-05,-0.09552951157093,3.9700447814539e-05,0.0,0.0,-0.067379027605057,0.018028981983662,0.076387852430344,0.10267377644777,0.00024114639381878,-0.067379027605057,0.0,0.0,0.0,20.708292007446,0.0064881462603807,1.5455763339996,0,0,0,0,0,0,0,0,0,0,0,0,0,0,0,0,0,0,0,0,0,0,0,0,0,0,0,0,0,0,0,0
831,0.0,0.0,22.11417388916,33.928726196289,0.0,0.0,0.0,0.0,0.0,-0.47264558076859,1.0152699947357,-0.0016415659338236,0.04029405862093,-0.031865440309048,0.062720336019993,-3.0122875614325e-05,-0.095528334379196,4.3876872950932e-05,0.0,0.0,-0.063890799880028,0.021756377071142,0.092547312378883,0.10096913576126,0.00026240429724567,-0.063890799880028,0.0,0.0,0.0,20.687969207764,0.006380729842931,1.5452893972397,0,0,0,0,0,0,0,0,0,0,0,0,0,0,0,0,0,0,0,0,0,0,0,0,0,0,0,0,0,0,0,0
832,0.0,0.0,20.667922973633,39.595077514648,0.0,0.0,0.0,0.0,0.0,-0.47245162725449,0.91974252462387,-0.0014353522565216,0.050846517086029,-0.028561284765601,0.056260831654072,-4.0637285565026e-05,-0.095526993274689,4.7153767809505e-05,0.0,0.0,-0.059806678444147,0.025522442534566,0.10837300866842,0.098866887390614,0.00028058816678822,-0.059806678444147,0.0,0.0,0.0,20.673669815063,0.0064544402994215,1.5449401140213,0,0,0,0,0,0,0,0,0,0,0,0,0,0,0,0,0,0,0,0,0,0,0,0,0,0,0,0,0,0,0,0
833,0.0,0.0,19.044477462769,45.145175933838,0.0,0.0,0.0,0.0,0.0,-0.47231262922287,0.82421600818634,-0.0012783305719495,0.060918655246496,-0.024955842643976,0.049189426004887,-4.0262777474709e-05,-0.095526233315468,5.1978742703795e-05,0.0,0.0,-0.055214084684849,0.028635013848543,0.12386844307184,0.096842743456364,0.00030057312687859,-0.055214084684849,0.0,0.0,0.0,20.658870697021,0.0063497344963253,1.5445858240128,0,0,0,0,0,0,0,0,0,0,0,0,0,0,0,0,0,0,0,0,0,0,0,0,0,0,0,0,0,0,0,0
834,0.0,0.0,17.238927841187,50.577167510986,0.0,0.0,0.0,0.0,0.0,-0.47221410274506,0.72869020700455,-0.0011553911026567,0.07043294608593,-0.021060550585389,0.041558641940355,-4.879648622591e-05,-0.095525555312634,5.4588581406279e-05,0.0,0.0,-0.050122383981943,0.031829435378313,0.13902877271175,0.094785682857037,0.0003166445530951,-0.050122383981943,0.0,0.0,0.0,20.633153915405,0.0064681400544941,1.544327378273,0,0,0,0,0,0,0,0,0,0,0,0,0,0,0,0,0,0,0,0,0,0,0,0,0,0,0,0,0,0,0,0
835,0.0,0.0,15.294516563416,55.888336181641,0.0,0.0,0.0,0.0,0.0,-0.47214066982269,0.6331650018692,-0.0010517118498683,0.079379387199879,-0.016894694417715,0.03338085860014,-4.794288543053e-05,-0.095525093376637,5.8578953030519e-05,0.0,0.0,-0.044632099568844,0.034270260483027,0.15385296940804,0.092681646347046,0.00033388283918612,-0.044632099568844,0.0,0.0,0.0,20.613676071167,0.0064645730890334,1.5439224243164,0,0,0,0,0,0,0,0,0,0,0,0,0,0,0,0,0,0,0,0,0,0,0,0,0,0,0,0,0,0,0,0
836,0.0,0.0,13.23166847229,61.08678817749,0.0,0.0,0.0,0.0,0.0,-0.47208821773529,0.53764003515244,-0.00096260959981009,0.087696582078934,-0.012475115247071,0.024708975106478,-5.4427775467047e-05,-0.095524974167347,6.0914244386367e-05,0.0,0.0,-0.038801018148661,0.036350008100271,0.16836386919022,0.090719014406204,0.00034650493762456,-0.038801018148661,0.0,0.0,0.0,20.604349136353,0.0063357632607222,1.5433539152145,0,0,0,0,0,0,0,0,0,0,0,0,0,0,0,0,0,0,0,0,0,0,0,0,0,0,0,0,0,0,0,0
837,0.0,0.0,11.039837837219,66.205795288086,0.0,0.0,0.0,0.0,0.0,-0.47204920649529,0.44211530685425,-0.00088142947060987,0.095366239547729,-0.0078180972486734,0.015563714317977,-5.3660543926526e-05,-0.095524586737156,6.3939005485736e-05,0.0,0.0,-0.032627437263727,0.038614928722382,0.18263298273087,0.089336976408958,0.00036027588066645,-0.032627437263727,0.0,0.0,0.0,20.577173233032,0.006414326839149,1.543177485466,0,0,0,0,0,0,0,0,0,0,0,0,0,0,0,0,0,0,0,0,0,0,0,0,0,0,0,0,0,0,0,0
838,0.0,0.0,8.7658338546753,71.25146484375,0.0,0.0,0.0,0.0,0.0,-0.47202298045158,0.3465903699398,-0.00080609502037987,0.10234352201223,-0.002946617314592,0.0059969467110932,-5.7958102843259e-05,-0.095525100827217,6.5654254285619e-05,0.0,0.0,-0.026218768209219,0.040058087557554,0.19668470323086,0.088061541318893,0.00036923593143001,-0.026218768209219,0.0,0.0,0.0,20.553318023682,0.0062899184413254,1.5430901050568,0,0,0,0,0,0,0,0,0,0,0,0,0,0,0,0,0,0,0,0,0,0,0,0,0,0,0,0,0,0,0,0
839,0.0,0.0,6.4148540496826,76.218132019043,0.0,0.0,0.0,0.0,0.0,-0.47200495004654,0.25106525421143,-0.00073341833194718,0.10860943049192,0.0021211197599769,-0.00396095123142,-5.5506014177809e-05,-0.095525130629539,6.8034452851862e-05,0.0,0.0,-0.019602440297604,0.041412234306335,0.21052253246307,0.086686998605728,0.00037988688563928,-0.019602440297604,0.0,0.0,0.0,20.532653808594,0.006334213539958,1.5428682565689,0,0,0,0,0,0,0,0,0,0,0,0,0,0,0,0,0,0,0,0,0,0,0,0,0,0,0,0,0,0,0,0
840,0.0,0.0,4.0144190788269,81.138702392578,0.0,0.0,0.0,0.0,0.0,-0.47199589014053,0.15553940832615,-0.00066298508318141,0.11412610858679,0.0073600737378001,-0.014254109933972,-5.8864414313575e-05,-0.095526210963726,6.8792513047811e-05,0.0,0.0,-0.012848259881139,0.042281188070774,0.22422289848328,0.085886672139168,0.00038570209289901,-0.012848259881139,0.0,0.0,0.0,20.511856079102,0.0062805516645312,1.5426985025406,0,0,0,0,0,0,0,0,0,0,0,0,0,0,0,0,0,0,0,0,0,0,0,0,0,0,0,0,0,0,0,0
841,0.0,0.0,1.5652405023575,86.045074462891,0.0,0.0,0.0,0.0,0.0,-0.47199246287346,0.06001290678978,-0.00059250980848446,0.11887996643782,0.012751770205796,-0.02485067397356,-5.5346805311274e-05,-0.095526628196239,7.0640409830958e-05,0.0,0.0,-0.005974464584142,0.043139036744833,0.23786148428917,0.085642538964748,0.00039280383498408,-0.005974464584142,0.0,0.0,0.0,20.48872756958,0.0062869391404092,1.5429449081421,0,0,0,0,0,0,0,0,0,0,0,0,0,0,0,0,0,0,0,0,0,0,0,0,0,0,0,0,0,0,0,0
842,0.0,0.0,0.89157289266586,90.93318939209,0.0,0.0,0.0,0.0,0.0,-0.4719957113266,-0.035514838993549,-0.00052156177116558,0.12284408509731,0.01826960220933,-0.035695426166058,-5.6957513152156e-05,-0.095528297126293,7.1091410063673e-05,0.0,0.0,0.00092437514103949,0.043274268507957,0.25144711136818,0.085328072309494,0.00039478688267991,0.00092437514103949,0.0,0.0,0.0,20.464391708374,0.0061614653095603,1.5430817604065,0,0,0,0,0,0,0,0,0,0,0,0,0,0,0,0,0,0,0,0,0,0,0,0,0,0,0,0,0,0,0,0
843,0.0,0.0,3.3492648601532,95.81388092041,0.0,0.0,0.0,0.0,0.0,-0.4720034301281,-0.13104364275932,-0.00044878234621137,0.12600548565388,0.023895451799035,-0.04675230756402,-5.2561092161341e-05,-0.095529034733772,7.2582995926496e-05,0.0,0.0,0.0078188171610236,0.043292343616486,0.26501607894897,0.085202008485794,0.00039752601878718,0.0078188171610236,0.0,0.0,0.0,20.443487167358,0.0061421249993145,1.5430821180344,0,0,0,0,0,0,0,0,0,0,0,0,0,0,0,0,0,0,0,0,0,0,0,0,0,0,0,0,0,0,0,0
844,0.0,0.0,5.8188638687134,100.723487854,0.0,0.0,0.0,0.0,0.0,-0.47201722860336,-0.22657413780689,-0.00037340499693528,0.12834854424,0.029599929228425,-0.057965770363808,-5.2951607358409e-05,-0.095531202852726,7.303473103093e-05,0.0,0.0,0.014713131822646,0.043498285114765,0.27865317463875,0.085710674524307,0.00039564858889207,0.014713131822646,0.0,0.0,0.0,20.422866821289,0.006536680739373,1.543451666832,0,0,0,0,0,0,0,0,0,0,0,0,0,0,0,0,0,0,0,0,0,0,0,0,0,0,0,0,0,0,0,0
845,0.0,0.0,8.2279281616211,105.67673492432,0.0,0.0,0.0,0.0,0.0,-0.47203573584557,-0.32210603356361,-0.00029442124650814,0.12986414134502,0.035364635288715,-0.069294437766075,-4.8159799916903e-05,-0.095532231032848,7.4351257353555e-05,0.0,0.0,0.02145473472774,0.042440738528967,0.29240131378174,0.086475305259228,0.00039464293513447,0.02145473472774,0.0,0.0,0.0,20.393293380737,0.0065330280922353,1.5437092781067,0,0,0,0,0,0,0,0,0,0,0,0,0,0,0,0,0,0,0,0,0,0,0,0,0,0,0,0,0,0,0,0
846,0.0,0.0,10.579811096191,110.69942474365,0.0,0.0,0.0,0.0,0.0,-0.47206127643585,-0.41763997077942,-0.00021044227469247,0.13054598867893,0.041158858686686,-0.080685019493103,-4.7768171498319e-05,-0.095534786581993,7.489253039239e-05,0.0,0.0,0.028032647445798,0.041437193751335,0.30632477998734,0.087691120803356,0.00038909664726816,0.028032647445798,0.0,0.0,0.0,20.368932723999,0.0064114076085389,1.5441547632217,0,0,0,0,0,0,0,0,0,0,0,0,0,0,0,0,0,0,0,0,0,0,0,0,0,0,0,0,0,0,0,0
847,0.0,0.0,12.857387542725,115.78797912598,0.0,0.0,0.0,0.0,0.0,-0.47209331393242,-0.5131756067276,-0.00012021645670757,0.13038998842239,0.046964302659035,-0.092092372477055,-4.2802308598766e-05,-0.095536045730114,7.6237593020778e-05,0.0,0.0,0.034398142248392,0.040135443210602,0.32043048739433,0.088843114674091,0.00038423403748311,0.034398142248392,0.0,0.0,0.0,20.345741271973,0.0063581266440451,1.5444875955582,0,0,0,0,0,0,0,0,0,0,0,0,0,0,0,0,0,0,0,0,0,0,0,0,0,0,0,0,0,0,0,0
848,0.0,0.0,15.050031661987,120.94468688965,0.0,0.0,0.0,0.0,0.0,-0.47197073698044,-0.60810953378677,-0.00035442048101686,0.12638254463673,0.052400510758162,-0.10242509841919,2.32166639762e-05,-0.094918541610241,-4.8907284508459e-05,0.0,0.0,0.040519747883081,0.038672551512718,0.33469524979591,0.089933164417744,0.00040368014015257,0.040519747883081,0.0,0.0,0.0,20.316617965698,0.0064142616465688,1.5450875759125,0,0,0,0,0,0,0,0,0,0,0,0,0,0,0,0,0,0,0,0,0,0,0,0,0,0,0,0,0,0,0,0
849,0.0,0.0,17.10376739502,126.17897796631,0.0,0.0,0.0,0.0,0.0,-0.47183328866959,-0.70246279239655,-0.00056784914340824,0.12081082165241,0.057356562465429,-0.11221011728048,6.1910432123113e-06,-0.094278313219547,-1.5847805116209e-05,0.0,0.0,0.046264413744211,0.036266770213842,0.34917032718658,0.091339498758316,0.00042233930435032,0.046264413744211,0.0,0.0,0.0,20.296138763428,0.0062631326727569,1.5457742214203,0,0,0,0,0,0,0,0,0,0,0,0,0,0,0,0,0,0,0,0,0,0,0,0,0,0,0,0,0,0,0,0
850,0.0,0.0,19.014963150024,131.48924255371,0.0,0.0,0.0,0.0,0.0,-0.47171261906624,-0.79618179798126,-0.00070759910158813,0.11434360593557,0.061954393982887,-0.12135561555624,-2.9555412766058e-05,-0.093629017472267,4.9516507715452e-05,0.0,0.0,0.051606375724077,0.033775467425585,0.36385315656662,0.092693448066711,0.00041879876516759,0.051606375724077,0.0,0.0,0.0,20.27801322937,0.0062202387489378,1.5465085506439,0,0,0,0,0,0,0,0,0,0,0,0,0,0,0,0,0,0,0,0,0,0,0,0,0,0,0,0,0,0,0,0
851,0.0,0.0,20.777191162109,136.86566162109,0.0,0.0,0.0,0.0,0.0,-0.4716135263443,-0.8892457485199,-0.00078475888585672,0.10724700242281,0.066218703985214,-0.12982654571533,-6.1704638937954e-05,-0.092973239719868,9.752136975294e-05,0.0,0.0,0.056518621742725,0.031155269593,0.37872606515884,0.093870460987091,0.00039858842501417,0.056518621742725,0.0,0.0,0.0,20.25990486145,0.0065037570893764,1.5471221208572,0,0,0,0,0,0,0,0,0,0,0,0,0,0,0,0,0,0,0,0,0,0,0,0,0,0,0,0,0,0,0,0
852,0.0,0.0,22.35668182373,142.33645629883,0.0,0.0,0.0,0.0,0.0,-0.4715279340744,-0.98164576292038,-0.00082524039316922,0.099677450954914,0.070155330002308,-0.13763600587845,-8.3944883954246e-05,-0.092319197952747,0.0001306604972342,0.0,0.0,0.060925055295229,0.027943253517151,0.39384084939957,0.095531664788723,0.00037592815351672,0.060925055295229,0.0,0.0,0.0,20.248666763306,0.0066494415514171,1.5479257106781,0,0,0,0,0,0,0,0,0,0,0,0,0,0,0,0,0,0,0,0,0,0,0,0,0,0,0,0,0,0,0,0
853,0.0,0.0,23.736097335815,147.8869934082,0.0,0.0,0.0,0.0,0.0,-0.47143441438675,-1.0733804702759,-0.00086424377514049,0.091686747968197,0.073762945830822,-0.1447721272707,-9.342538396595e-05,-0.091663241386414,0.00015042989980429,0.0,0.0,0.064783193171024,0.024433750659227,0.40916556119919,0.096927590668201,0.00035843241494149,0.064783193171024,0.0,0.0,0.0,20.234310150146,0.0066647143103182,1.5487321615219,0,0,0,0,0,0,0,0,0,0,0,0,0,0,0,0,0,0,0,0,0,0,0,0,0,0,0,0,0,0,0,0
854,0.0,0.0,24.907190322876,153.51164245605,0.0,0.0,0.0,0.0,0.0,-0.47132647037506,-1.1644505262375,-0.00092078157467768,0.083335019648075,0.077011317014694,-0.15117999911308,-0.00010620227112668,-0.091008946299553,0.00014444529369939,0.0,0.0,0.068067230284214,0.020779322832823,0.42468225955963,0.09822341799736,0.00033989120856859,0.068067230284214,0.0,0.0,0.0,20.230886459351,0.0066092889755964,1.5496032238007,0,0,0,0,0,0,0,0,0,0,0,0,0,0,0,0,0,0,0,0,0,0,0,0,0,0,0,0,0,0,0,0
855,0.0,0.0,25.868944168091,159.18266296387,0.0,0.0,0.0,0.0,0.0,-0.47117230296135,-1.2548606395721,-0.0010276954853907,0.074654288589954,0.079912342131138,-0.15688923001289,-0.00010936660692096,-0.090354293584824,0.00014736279263161,0.0,0.0,0.070769175887108,0.017120214179158,0.44032883644104,0.099030919373035,0.00033442638232373,0.070769175887108,0.0,0.0,0.0,20.223007202148,0.0067113405093551,1.5503278970718,0,0,0,0,0,0,0,0,0,0,0,0,0,0,0,0,0,0,0,0,0,0,0,0,0,0,0,0,0,0,0,0
856,0.0,0.0,26.615564346313,164.90713500977,0.0,0.0,0.0,0.0,0.0,-0.47091698646545,-1.3446111679077,-0.0012477798154578,0.065719410777092,0.082417346537113,-0.16181889176369,-0.00011604191968217,-0.08970107883215,0.00013649003813043,0.0,0.0,0.072872132062912,0.013359244912863,0.45610502362251,0.099960066378117,0.0003282810212113,0.072872132062912,0.0,0.0,0.0,20.208536148071,0.0069410386495292,1.5512570142746,0,0,0,0,0,0,0,0,0,0,0,0,0,0,0,0,0,0,0,0,0,0,0,0,0,0,0,0,0,0,0,0
857,0.0,0.0,27.120981216431,170.66352844238,0.0,0.0,0.0,0.0,0.0,-0.47032192349434,-1.4337034225464,-0.001811821712181,0.056554604321718,0.084561564028263,-0.16602317988873,-0.00011617367999861,-0.089046433568001,0.00013780256267637,0.0,0.0,0.074322551488876,0.00914500746876,0.47195544838905,0.10051395744085,0.00032380429911427,0.074322551488876,0.0,0.0,0.0,20.192668914795,0.0069776945747435,1.5523126125336,0,0,0,0,0,0,0,0,0,0,0,0,0,0,0,0,0,0,0,0,0,0,0,0,0,0,0,0,0,0,0,0
858,0.0,0.0,27.388134002686,176.40626525879,0.0,0.0,0.0,0.0,0.0,-0.46762445569038,-1.522137761116,-0.0044871023856103,0.047271285206079,0.086301118135452,-0.16944460570812,-0.00012252583110239,-0.088393561542034,0.00012893084203824,0.0,0.0,0.075123980641365,0.0049790209159255,0.48777583241463,0.1002731770277,0.00031631402089261,0.075123980641365,0.0,0.0,0.0,20.179533004761,0.006936916615814,1.5531631708145,0,0,0,0,0,0,0,0,0,0,0,0,0,0,0,0,0,0,0,0,0,0,0,0,0,0,0,0,0,0,0,0
859,0.0,0.0,27.422094345093,177.87887573242,0.0,0.0,0.0,0.0,0.0,2.6645357608795,-1.5316766500473,-3.1366274356842,0.037885811179876,0.0876794308424,-0.17213673889637,-0.00012335852079559,-0.087738677859306,0.0001306652702624,0.0,0.0,0.075286656618118,0.00090302346507087,-0.49647799134254,0.099784269928932,0.00031032267725095,0.075286656618118,0.0,0.0,0.0,20.180206298828,0.0068716309033334,1.5539673566818,0,0,0,0,0,0,0,0,0,0,0,0,0,0,0,0,0,0,0,0,0,0,0,0,0,0,0,0,0,0,0,0
860,0.0,0.0,27.237033843994,172.22119140625,0.0,0.0,0.0,0.0,0.0,2.668163061142,-1.4445568323135,-3.1402409076691,0.028524471446872,0.088659308850765,-0.17406696081161,-0.00013074070739094,-0.087085768580437,0.00012352800695226,0.0,0.0,0.074841476976871,-0.0029279862064868,-0.48088148236275,0.098784744739532,0.00030193160637282,0.074841476976871,0.0,0.0,0.0,20.17458152771,0.0069363084621727,1.5546318292618,0,0,0,0,0,0,0,0,0,0,0,0,0,0,0,0,0,0,0,0,0,0,0,0,0,0,0,0,0,0,0,0
861,0.0,0.0,26.834329605103,166.61680603027,0.0,0.0,0.0,0.0,0.0,2.6688194274902,-1.3580932617188,-3.1408846378326,0.0191898830235,0.089287981390953,-0.1752842515707,-0.00013286275498103,-0.086430549621582,0.00012448785128072,0.0,0.0,0.073797307908535,-0.0067330906167626,-0.46544343233109,0.097852550446987,0.00029540553805418,0.073797307908535,0.0,0.0,0.0,20.159832000732,0.0070545002818108,1.5555521249771,0,0,0,0,0,0,0,0,0,0,0,0,0,0,0,0,0,0,0,0,0,0,0,0,0,0,0,0,0,0,0,0
862,0.0,0.0,26.193819046021,161.10592651367,0.0,0.0,0.0,0.0,0.0,2.6691069602966,-1.2722852230072,-3.1411633491516,0.010009297169745,0.089538611471653,-0.17578329145908,-0.00014051483594812,-0.085777647793293,0.00011822789383586,0.0,0.0,0.072122976183891,-0.010890852659941,-0.45025587081909,0.096220746636391,0.00028817800921388,0.072122976183891,0.0,0.0,0.0,20.155822753906,0.0066874539479613,1.5564835071564,0,0,0,0,0,0,0,0,0,0,0,0,0,0,0,0,0,0,0,0,0,0,0,0,0,0,0,0,0,0,0,0
863,0.0,0.0,25.369131088257,155.70806884766,0.0,0.0,0.0,0.0,0.0,2.6692600250244,-1.1871337890625,-3.1413094997406,0.00098195078317076,0.089458279311657,-0.1756052672863,-0.00014251281390898,-0.085122168064117,0.0001181040352094,0.0,0.0,0.069930538535118,-0.014113713055849,-0.43536883592606,0.094245284795761,0.00027979857986793,0.069930538535118,0.0,0.0,0.0,20.147216796875,0.006536808796227,1.5573056936264,0,0,0,0,0,0,0,0,0,0,0,0,0,0,0,0,0,0,0,0,0,0,0,0,0,0,0,0,0,0,0,0
864,0.0,0.0,24.393260955811,150.42749023438,0.0,0.0,0.0,0.0,0.0,2.6693634986877,-1.1026368141174,-3.1414089202881,-0.0077713252976537,0.089026898145676,-0.1747622191906,-0.00014985438610893,-0.084469303488731,0.00011128127516713,0.0,0.0,0.067293830215931,-0.016757771372795,-0.42080089449883,0.092197880148888,0.00027439041878097,0.067293830215931,0.0,0.0,0.0,20.154943466187,0.0069369906559587,1.5580471754074,0,0,0,0,0,0,0,0,0,0,0,0,0,0,0,0,0,0,0,0,0,0,0,0,0,0,0,0,0,0,0,0
865,0.0,0.0,23.222997665405,145.28137207031,0.0,0.0,0.0,0.0,0.0,2.6694312095642,-1.0187950134277,-3.1414749622345,-0.016260750591755,0.088290728628635,-0.17329461872578,-0.00015185479423963,-0.083813741803169,0.00011013511539204,0.0,0.0,0.064143493771553,-0.020156554877758,-0.40659180283546,0.089847594499588,0.00026840143254958,0.064143493771553,0.0,0.0,0.0,20.156913757324,0.0068530067801476,1.5587743520737,0,0,0,0,0,0,0,0,0,0,0,0,0,0,0,0,0,0,0,0,0,0,0,0,0,0,0,0,0,0,0,0
866,0.0,0.0,21.918458938599,140.24865722656,0.0,0.0,0.0,0.0,0.0,2.6694853305817,-0.93560683727264,-3.1415297985077,-0.024366283789277,0.087239384651184,-0.17123225331306,-0.00015881581930444,-0.083160921931267,0.00010309726349078,0.0,0.0,0.060606326907873,-0.022505223751068,-0.39270526170731,0.087867558002472,0.00026326029910706,0.060606326907873,0.0,0.0,0.0,20.170110702515,0.0071398988366127,1.5597149133682,0,0,0,0,0,0,0,0,0,0,0,0,0,0,0,0,0,0,0,0,0,0,0,0,0,0,0,0,0,0,0,0
867,0.0,0.0,20.485948562622,135.37644958496,0.0,0.0,0.0,0.0,0.0,2.6695237159729,-0.8530730009079,-3.1415710449219,-0.0321094840765,0.085916347801685,-0.16861191391945,-0.00016069185221568,-0.082505472004414,0.0001011079584714,0.0,0.0,0.056707803159952,-0.024743538349867,-0.37923249602318,0.085063323378563,0.00025846756761894,0.056707803159952,0.0,0.0,0.0,20.183404922485,0.0074157346971333,1.5601842403412,0,0,0,0,0,0,0,0,0,0,0,0,0,0,0,0,0,0,0,0,0,0,0,0,0,0,0,0,0,0,0,0
868,0.0,0.0,18.916904449463,130.63819885254,0.0,0.0,0.0,0.0,0.0,2.6695575714111,-0.77119183540344,3.141576051712,-0.039377227425575,0.08432175219059,-0.16548027098179,-0.00016670449986123,-0.081852652132511,9.3856098828837e-05,0.0,0.0,0.052444938570261,-0.027131449431181,-0.36612173914909,0.082725062966347,0.00025355804245919,0.052444938570261,0.0,0.0,0.0,20.188301086426,0.0073656998574734,1.5607047080994,0,0,0,0,0,0,0,0,0,0,0,0,0,0,0,0,0,0,0,0,0,0,0,0,0,0,0,0,0,0,0,0
869,0.0,0.0,17.249723434448,126.00738525391,0.0,0.0,0.0,0.0,0.0,2.6695821285248,-0.68996399641037,3.1415448188782,-0.046198796480894,0.082494780421257,-0.161869764328,-0.00016804505139589,-0.081197455525398,9.1226735094097e-05,0.0,0.0,0.047903597354889,-0.02884916216135,-0.35331878066063,0.080847509205341,0.00024864141596481,0.047903597354889,0.0,0.0,0.0,20.192193984985,0.0074941869825125,1.5614973306656,0,0,0,0,0,0,0,0,0,0,0,0,0,0,0,0,0,0,0,0,0,0,0,0,0,0,0,0,0,0,0,0
870,0.0,0.0,15.493955612183,121.5099105835,0.0,0.0,0.0,0.0,0.0,2.6696047782898,-0.60938799381256,3.1415138244629,-0.05247114226222,0.080444246530533,-0.15784072875977,-0.00017283816123381,-0.080544747412205,8.3625403931364e-05,0.0,0.0,0.043114237487316,-0.030400391668081,-0.34086868166924,0.078520402312279,0.00024352830951102,0.043114237487316,0.0,0.0,0.0,20.201847076416,0.0075187338516116,1.5620944499969,0,0,0,0,0,0,0,0,0,0,0,0,0,0,0,0,0,0,0,0,0,0,0,0,0,0,0,0,0,0,0,0
871,0.0,0.0,13.637280464172,117.13877105713,0.0,0.0,0.0,0.0,0.0,2.6696207523346,-0.52946424484253,3.1414868831635,-0.058230821043253,0.078205145895481,-0.15342062711716,-0.00017343736544717,-0.079889945685863,8.0554687883705e-05,0.0,0.0,0.038065068423748,-0.032165974378586,-0.32875129580498,0.076313681900501,0.00023911239986774,0.038065068423748,0.0,0.0,0.0,20.212152481079,0.0069871307350695,1.5626689195633,0,0,0,0,0,0,0,0,0,0,0,0,0,0,0,0,0,0,0,0,0,0,0,0,0,0,0,0,0,0,0,0
872,0.0,0.0,11.743746757507,112.86229705811,0.0,0.0,0.0,0.0,0.0,2.6696362495422,-0.45019140839577,3.1414589881897,-0.063387118279934,0.075793914496899,-0.14868168532848,-0.00017713055422064,-0.079237341880798,7.2886788984761e-05,0.0,0.0,0.032890286296606,-0.032815288752317,-0.31689924001694,0.074662089347839,0.00023310832330026,0.032890286296606,0.0,0.0,0.0,20.217460632324,0.0068503529764712,1.5632292032242,0,0,0,0,0,0,0,0,0,0,0,0,0,0,0,0,0,0,0,0,0,0,0,0,0,0,0,0,0,0,0,0
873,0.0,0.0,9.8162965774536,108.68135070801,0.0,0.0,0.0,0.0,0.0,2.6696462631226,-0.37156966328621,3.1414330005646,-0.067981250584126,0.073241159319878,-0.14364650845528,-0.00017776685126591,-0.078582912683487,6.9958397943992e-05,0.0,0.0,0.027606770396233,-0.033411711454391,-0.30530646443367,0.072993412613869,0.00022864506172482,0.027606770396233,0.0,0.0,0.0,20.214889526367,0.0068711345084012,1.5636656284332,0,0,0,0,0,0,0,0,0,0,0,0,0,0,0,0,0,0,0,0,0,0,0,0,0,0,0,0,0,0,0,0
874,0.0,0.0,7.8558039665222,104.6063079834,0.0,0.0,0.0,0.0,0.0,2.66965675354,-0.29359793663025,3.1414053440094,-0.07193823158741,0.070570379495621,-0.13839702308178,-0.00017945625586435,-0.077930964529514,6.2010192777961e-05,0.0,0.0,0.022225219756365,-0.033995557576418,-0.2939844429493,0.071146324276924,0.00022149871801957,0.022225219756365,0.0,0.0,0.0,20.224781036377,0.0067076934501529,1.5637421607971,0,0,0,0,0,0,0,0,0,0,0,0,0,0,0,0,0,0,0,0,0,0,0,0,0,0,0,0,0,0,0,0
875,0.0,0.0,5.873824596405,100.58266448975,0.0,0.0,0.0,0.0,0.0,2.6696627140045,-0.21627682447433,3.1413791179657,-0.075304739177227,0.067811422049999,-0.13295622169971,-0.00017873977776617,-0.077276825904846,5.919882823946e-05,0.0,0.0,0.016778059303761,-0.034377489238977,-0.28282037377357,0.07024784386158,0.00021457744878717,0.016778059303761,0.0,0.0,0.0,20.23390007019,0.0066924290731549,1.564143538475,0,0,0,0,0,0,0,0,0,0,0,0,0,0,0,0,0,0,0,0,0,0,0,0,0,0,0,0,0,0,0,0
876,0.0,0.0,3.8832445144653,96.641342163086,0.0,0.0,0.0,0.0,0.0,2.6696684360504,-0.13960459828377,3.1413505077362,-0.078017599880695,0.064985066652298,-0.12740088999271,-0.00017934034985956,-0.076625324785709,5.1274673751323e-05,0.0,0.0,0.01129955612123,-0.034533690661192,-0.27186512947083,0.068812318146229,0.0002084822190227,0.01129955612123,0.0,0.0,0.0,20.232044219971,0.0065443362109363,1.5642149448395,0,0,0,0,0,0,0,0,0,0,0,0,0,0,0,0,0,0,0,0,0,0,0,0,0,0,0,0,0,0,0,0
877,0.0,0.0,1.8842650651932,92.740913391113,0.0,0.0,0.0,0.0,0.0,2.6696701049805,-0.063582122325897,3.1413221359253,-0.080130860209465,0.062121048569679,-0.12175491452217,-0.00017812805890571,-0.075971722602844,4.8854832130019e-05,0.0,0.0,0.0057976148091257,-0.034688167273998,-0.26103109121323,0.068097032606602,0.00020060328824911,0.0057976148091257,0.0,0.0,0.0,20.242980957031,0.0063522956334054,1.5645221471786,0,0,0,0,0,0,0,0,0,0,0,0,0,0,0,0,0,0,0,0,0,0,0,0,0,0,0,0,0,0,0,0
878,0.0,0.0,0.082479260861874,88.898887634277,0.0,0.0,0.0,0.0,0.0,2.6696717739105,0.011792079545557,3.1412909030914,-0.081594310700893,0.059243861585855,-0.11610051989555,-0.00017788536206353,-0.075320556759834,4.1256102122134e-05,0.0,0.0,0.00035907779238187,-0.034133683890104,-0.2503434419632,0.067079089581966,0.00019248061289545,0.00035907779238187,0.0,0.0,0.0,20.253690719604,0.0063854893669486,1.5643984079361,0,0,0,0,0,0,0,0,0,0,0,0,0,0,0,0,0,0,0,0,0,0,0,0,0,0,0,0,0,0,0,0
879,0.0,0.0,2.0298459529877,85.081855773926,0.0,0.0,0.0,0.0,0.0,2.6696698665619,0.086517341434956,3.1412589550018,-0.08246786147356,0.0563790127635,-0.11045452952385,-0.00017613437375985,-0.074667572975159,3.9197388105094e-05,0.0,0.0,-0.005032904446125,-0.033804267644882,-0.23973040282726,0.066641621291637,0.00018369292956777,-0.005032904446125,0.0,0.0,0.0,20.262308120728,0.0064968592487276,1.5643914937973,0,0,0,0,0,0,0,0,0,0,0,0,0,0,0,0,0,0,0,0,0,0,0,0,0,0,0,0,0,0,0,0
880,0.0,0.0,3.9576990604401,81.290420532227,0.0,0.0,0.0,0.0,0.0,2.6696679592133,0.16059495508671,3.1412236690521,-0.082715682685375,0.053553357720375,-0.10490306466818,-0.00017494340136182,-0.074016928672791,3.1784722523298e-05,0.0,0.0,-0.010371181182563,-0.03347385674715,-0.22918523848057,0.066195942461491,0.00017352435679641,-0.010371181182563,0.0,0.0,0.0,20.27435874939,0.0064803687855601,1.5644257068634,0,0,0,0,0,0,0,0,0,0,0,0,0,0,0,0,0,0,0,0,0,0,0,0,0,0,0,0,0,0,0,0
881,0.0,0.0,5.8616919517517,77.513259887695,0.0,0.0,0.0,0.0,0.0,2.6696617603302,0.23402464389801,3.1411869525909,-0.082400716841221,0.050787568092346,-0.099453017115593,-0.00017242944159079,-0.073364563286304,3.0094970497885e-05,0.0,0.0,-0.015639834105968,-0.033066883683205,-0.21867933869362,0.065945401787758,0.00016405890346505,-0.015639834105968,0.0,0.0,0.0,20.276803970337,0.0063040340319276,1.5645761489868,0,0,0,0,0,0,0,0,0,0,0,0,0,0,0,0,0,0,0,0,0,0,0,0,0,0,0,0,0,0,0,0
882,0.0,0.0,7.7102303504944,73.736686706543,0.0,0.0,0.0,0.0,0.0,2.66965508461,0.30680733919144,3.1411459445953,-0.081501349806786,0.048109650611877,-0.094194300472736,-0.00017050957831088,-0.072714500129223,2.2697524400428e-05,0.0,0.0,-0.020771665498614,-0.032110143452883,-0.2081792652607,0.06593582034111,0.00015294217155315,-0.020771665498614,0.0,0.0,0.0,20.283184051514,0.0063823033124208,1.5647540092468,0,0,0,0,0,0,0,0,0,0,0,0,0,0,0,0,0,0,0,0,0,0,0,0,0,0,0,0,0,0,0,0
883,0.0,0.0,9.5068588256836,69.974639892578,0.0,0.0,0.0,0.0,0.0,2.6696443557739,0.37894269824028,3.1411027908325,-0.08008424192667,0.045535784214735,-0.089123085141182,-0.00016738810518291,-0.072062641382217,2.1592850316665e-05,0.0,0.0,-0.025766516104341,-0.031213978305459,-0.19770650565624,0.065680548548698,0.00014309521066025,-0.025766516104341,0.0,0.0,0.0,20.290348052979,0.0063899084925652,1.5647196769714,0,0,0,0,0,0,0,0,0,0,0,0,0,0,0,0,0,0,0,0,0,0,0,0,0,0,0,0,0,0,0,0
884,0.0,0.0,11.254209518433,66.224914550781,0.0,0.0,0.0,0.0,0.0,2.6696329116821,0.45043140649796,3.1410548686981,-0.078141339123249,0.043094713240862,-0.084333315491676,-0.00016503759252373,-0.071413092315197,1.41110003824e-05,0.0,0.0,-0.030623625963926,-0.030366949737072,-0.18725116550922,0.065466053783894,0.00013008761743549,-0.030623625963926,0.0,0.0,0.0,20.301364898682,0.0061470647342503,1.5644862651825,0,0,0,0,0,0,0,0,0,0,0,0,0,0,0,0,0,0,0,0,0,0,0,0,0,0,0,0,0,0,0,0
885,0.0,0.0,12.936372756958,62.447101593018,0.0,0.0,0.0,0.0,0.0,2.669615983963,0.52127313613892,3.141003370285,-0.07574200630188,0.040797557681799,-0.079807780683041,-0.00016143784159794,-0.070761658251286,1.3701631360163e-05,0.0,0.0,-0.035305839031935,-0.029241099953651,-0.17672987282276,0.065954454243183,0.00011818189523183,-0.035305839031935,0.0,0.0,0.0,20.304588317871,0.0060555292293429,1.5645269155502,0,0,0,0,0,0,0,0,0,0,0,0,0,0,0,0,0,0,0,0,0,0,0,0,0,0,0,0,0,0,0,0
886,0.0,0.0,14.538187026978,58.648662567139,0.0,0.0,0.0,0.0,0.0,2.6695981025696,0.59146839380264,3.1409459114075,-0.072891019284725,0.038672752678394,-0.07564352452755,-0.00015856602112763,-0.070112630724907,5.9974277064612e-06,0.0,0.0,-0.039778292179108,-0.027853304520249,-0.16615290939808,0.066314920783043,0.00010363241744926,-0.039778292179108,0.0,0.0,0.0,20.313655853271,0.006155398208648,1.564598441124,0,0,0,0,0,0,0,0,0,0,0,0,0,0,0,0,0,0,0,0,0,0,0,0,0,0,0,0,0,0,0,0
887,0.0,0.0,16.066736221313,54.840751647949,0.0,0.0,0.0,0.0,0.0,2.6695730686188,0.66101706027985,3.1408834457397,-0.069657370448112,0.03672594204545,-0.071808554232121,-0.00015437786350958,-0.06946162134409,6.2872791204427e-06,0.0,0.0,-0.044048801064491,-0.02658848837018,-0.15553839504719,0.066478036344051,8.9726680016611e-05,-0.044048801064491,0.0,0.0,0.0,20.317850112915,0.0061400681734085,1.5645623207092,0,0,0,0,0,0,0,0,0,0,0,0,0,0,0,0,0,0,0,0,0,0,0,0,0,0,0,0,0,0,0,0
888,0.0,0.0,17.506139755249,51.009918212891,0.0,0.0,0.0,0.0,0.0,2.6695442199707,0.72991961240768,3.1408121585846,-0.066057629883289,0.03498363122344,-0.068399652838707,-0.00015079851436894,-0.068813249468803,-1.7003505945468e-06,0.0,0.0,-0.048081707209349,-0.025049710646272,-0.14485765993595,0.066878579556942,7.2629394708201e-05,-0.048081707209349,0.0,0.0,0.0,20.332233428955,0.0062367175705731,1.5645236968994,0,0,0,0,0,0,0,0,0,0,0,0,0,0,0,0,0,0,0,0,0,0,0,0,0,0,0,0,0,0,0,0
889,0.0,0.0,18.871238708496,47.180351257324,0.0,0.0,0.0,0.0,0.0,2.6695063114166,0.79817575216293,3.1407334804535,-0.062167372554541,0.033449292182922,-0.065378338098526,-0.00014685002679471,-0.068162485957146,-8.7356488620571e-07,0.0,0.0,-0.051900140941143,-0.023768711835146,-0.13415661454201,0.066854290664196,5.6746681366349e-05,-0.051900140941143,0.0,0.0,0.0,20.342967987061,0.0059723276644945,1.5642035007477,0,0,0,0,0,0,0,0,0,0,0,0,0,0,0,0,0,0,0,0,0,0,0,0,0,0,0,0,0,0,0,0
890,0.0,0.0,20.12993812561,43.309257507324,0.0,0.0,0.0,0.0,0.0,2.6694600582123,0.86578625440598,3.1406416893005,-0.058003704994917,0.032144941389561,-0.062831662595272,-0.00014349169214256,-0.067514881491661,-8.9074637799058e-06,0.0,0.0,-0.055437754839659,-0.021930309012532,-0.12335027754307,0.067579552531242,3.8132311601657e-05,-0.055437754839659,0.0,0.0,0.0,20.36411857605,0.0060276547446847,1.5640978813171,0,0,0,0,0,0,0,0,0,0,0,0,0,0,0,0,0,0,0,0,0,0,0,0,0,0,0,0,0,0,0,0
891,0.0,0.0,21.282054901123,39.434970855713,0.0,0.0,0.0,0.0,0.0,2.6693997383118,0.9327500462532,3.1405375003815,-0.05364678055048,0.031067598611116,-0.060708824545145,-0.00013934454182163,-0.06686382740736,-6.6384145611664e-06,0.0,0.0,-0.058688689023256,-0.020088024437428,-0.11251424998045,0.067632667720318,2.0210380171193e-05,-0.058688689023256,0.0,0.0,0.0,20.376049041748,0.0061360378749669,1.5636534690857,0,0,0,0,0,0,0,0,0,0,0,0,0,0,0,0,0,0,0,0,0,0,0,0,0,0,0,0,0,0,0,0
892,0.0,0.0,22.342178344727,35.542827606201,0.0,0.0,0.0,0.0,0.0,2.6693229675293,0.99906837940216,3.1404120922089,-0.04911994189024,0.03023998811841,-0.059100829064846,-0.00013653823407367,-0.066216848790646,-1.4990213458077e-05,0.0,0.0,-0.061678059399128,-0.018502095714211,-0.10162084549665,0.067944832146168,5.5622876971029e-07,-0.061678059399128,0.0,0.0,0.0,20.393980026245,0.006074114702642,1.5632251501083,0,0,0,0,0,0,0,0,0,0,0,0,0,0,0,0,0,0,0,0,0,0,0,0,0,0,0,0,0,0,0,0
893,0.0,0.0,23.298021316528,31.611633300781,0.0,0.0,0.0,0.0,0.0,2.6692197322845,1.0647398233414,3.1402626037598,-0.044496092945337,0.029648320749402,-0.05793372169137,-0.000131778040668,-0.0655657351017,-1.1385532161512e-05,0.0,0.0,-0.064377889037132,-0.01670185662806,-0.090631350874901,0.068623624742031,-1.9241422705818e-05,-0.064377889037132,0.0,0.0,0.0,20.398508071899,0.0060887234285474,1.5631353855133,0,0,0,0,0,0,0,0,0,0,0,0,0,0,0,0,0,0,0,0,0,0,0,0,0,0,0,0,0,0,0,0
894,0.0,0.0,24.173145294189,27.644432067871,0.0,0.0,0.0,0.0,0.0,2.6696345806122,1.1302326917648,3.1406772136688,-0.043434660881758,0.029728941619396,-0.057758204638958,-0.00029179314151406,-0.065465018153191,5.9382586186985e-05,0.0,0.0,-0.066836401820183,-0.015330188907683,-0.079558677971363,0.069262325763702,-5.6414100981783e-05,-0.066836401820183,0.0,0.0,0.0,20.402324676514,0.0057857069186866,1.5630429983139,0,0,0,0,0,0,0,0,0,0,0,0,0,0,0,0,0,0,0,0,0,0,0,0,0,0,0,0,0,0,0,0
895,0.0,0.0,24.93473815918,23.616161346436,0.0,0.0,0.0,0.0,0.0,2.670205116272,1.1956677436829,3.1412589550018,-0.043502081185579,0.029676426202059,-0.057801485061646,-0.00024302277597599,-0.065424598753452,5.2764444262721e-05,0.0,0.0,-0.068984761834145,-0.01333724707365,-0.068334028124809,0.07030250877142,-4.4928263378097e-05,-0.068984761834145,0.0,0.0,0.0,20.409700393677,0.0056740492582321,1.5631074905396,0,0,0,0,0,0,0,0,0,0,0,0,0,0,0,0,0,0,0,0,0,0,0,0,0,0,0,0,0,0,0,0
896,0.0,0.0,25.561918258667,19.559856414795,0.0,0.0,0.0,0.0,0.0,2.6707127094269,1.2610868215561,-3.141410112381,-0.043907504528761,0.029603453353047,-0.057871475815773,-0.00014161287981551,-0.065418444573879,3.0844221328152e-05,0.0,0.0,-0.070775263011456,-0.010969590395689,-0.057015515863895,0.070784904062748,-2.3242684619618e-05,-0.070775263011456,0.0,0.0,0.0,20.419790267944,0.0059290793724358,1.5628279447556,0,0,0,0,0,0,0,0,0,0,0,0,0,0,0,0,0,0,0,0,0,0,0,0,0,0,0,0,0,0,0,0
897,0.0,0.0,26.092685699463,15.460439682007,0.0,0.0,0.0,0.0,0.0,2.6711168289185,1.3265093564987,-3.1410021781921,-0.044293873012066,0.029545472934842,-0.057907804846764,-6.0776925238315e-05,-0.065425358712673,1.4316505257739e-05,0.0,0.0,-0.072279401123524,-0.009273829869926,-0.045574054121971,0.07153932005167,-1.0191183719144e-05,-0.072279401123524,0.0,0.0,0.0,20.418788909912,0.0058896155096591,1.5626530647278,0,0,0,0,0,0,0,0,0,0,0,0,0,0,0,0,0,0,0,0,0,0,0,0,0,0,0,0,0,0,0,0
898,0.0,0.0,26.481563568115,11.32625579834,0.0,0.0,0.0,0.0,0.0,2.6714835166931,1.3919419050217,-3.1406364440918,-0.044531881809235,0.029507694765925,-0.057921703904867,-1.2797460840375e-05,-0.065436229109764,4.4428152250475e-06,0.0,0.0,-0.073406912386417,-0.0067940070293844,-0.034029677510262,0.072150446474552,-6.8153049141984e-06,-0.073406912386417,0.0,0.0,0.0,20.427862167358,0.0062721697613597,1.5624595880508,0,0,0,0,0,0,0,0,0,0,0,0,0,0,0,0,0,0,0,0,0,0,0,0,0,0,0,0,0,0,0,0
899,0.0,0.0,26.751838684082,7.1699433326721,0.0,0.0,0.0,0.0,0.0,2.6720325946808,1.4573833942413,-3.1400909423828,-0.044653303921223,0.029491599649191,-0.05791998654604,4.6496197683155e-06,-0.065443806350231,1.6445010260213e-06,0.0,0.0,-0.074200704693794,-0.0047251051291823,-0.02241487428546,0.072538942098618,-7.9048331826925e-06,-0.074200704693794,0.0,0.0,0.0,20.431833267212,0.0066199288703501,1.5622396469116,0,0,0,0,0,0,0,0,0,0,0,0,0,0,0,0,0,0,0,0,0,0,0,0,0,0,0,0,0,0,0,0
900,0.0,0.0,26.917896270752,3.0236737728119,0.0,0.0,0.0,0.0,0.0,2.6738953590393,1.5228315591812,-3.1382324695587,-0.044682461768389,0.029486563056707,-0.057923022657633,1.0010176083597e-05,-0.065450318157673,5.6982827345564e-07,0.0,0.0,-0.074687443673611,-0.0029080314561725,-0.0108009185642,0.072364188730717,-9.7869460660149e-06,-0.074687443673611,0.0,0.0,0.0,20.437873840332,0.0066412766464055,1.5616283416748,0,0,0,0,0,0,0,0,0,0,0,0,0,0,0,0,0,0,0,0,0,0,0,0,0,0,0,0,0,0,0,0
901,0.0,0.0,26.965183258057,1.1472761631012,0.0,0.0,0.0,0.0,0.0,-0.47985544800758,1.5533081293106,-0.0088009145110846,-0.044686745852232,0.029491029679775,-0.057921897619963,5.5402301768481e-06,-0.06545265763998,2.9800087304466e-06,0.0,0.0,-0.074836753308773,-0.00083555385936052,0.00087157648522407,0.072793371975422,-1.0224941433989e-05,-0.074836753308773,0.0,0.0,0.0,20.431346893311,0.006609485950321,1.5612766742706,0,0,0,0,0,0,0,0,0,0,0,0,0,0,0,0,0,0,0,0,0,0,0,0,0,0,0,0,0,0,0,0
902,0.0,0.0,26.896612167358,5.3212141990662,0.0,0.0,0.0,0.0,0.0,-0.47285363078117,1.4878535270691,-0.0018010311760008,-0.044670708477497,0.029496042057872,-0.057931438088417,4.0828799683368e-06,-0.065456233918667,3.1278025289794e-06,0.0,0.0,-0.074654340744019,0.0011878840159625,0.012551914900541,0.072844162583351,-8.9146142272511e-06,-0.074654340744019,0.0,0.0,0.0,20.433200836182,0.0064506172202528,1.5609782934189,0,0,0,0,0,0,0,0,0,0,0,0,0,0,0,0,0,0,0,0,0,0,0,0,0,0,0,0,0,0,0,0
903,0.0,0.0,26.696359634399,9.4774446487427,0.0,0.0,0.0,0.0,0.0,-0.47204923629761,1.4223971366882,-0.00099677301477641,-0.044664327055216,0.029501061886549,-0.057931795716286,8.3353995705693e-08,-0.065456680953503,5.6225730986625e-06,0.0,0.0,-0.074108764529228,0.0034873927943408,0.02419108338654,0.072533003985882,-7.6649084803648e-06,-0.074108764529228,0.0,0.0,0.0,20.429080963135,0.006457949988544,1.5605590343475,0,0,0,0,0,0,0,0,0,0,0,0,0,0,0,0,0,0,0,0,0,0,0,0,0,0,0,0,0,0,0,0
904,0.0,0.0,26.370937347412,13.625067710876,0.0,0.0,0.0,0.0,0.0,-0.47173929214478,1.3569383621216,-0.00068677990930155,-0.044656451791525,0.029503548517823,-0.057940501719713,1.1895832585651e-06,-0.065459698438644,4.4994226300332e-06,0.0,0.0,-0.073214061558247,0.0056740785948932,0.035798978060484,0.072382390499115,-5.6166732065321e-06,-0.073214061558247,0.0,0.0,0.0,20.426355361938,0.0065255346708,1.5603032112122,0,0,0,0,0,0,0,0,0,0,0,0,0,0,0,0,0,0,0,0,0,0,0,0,0,0,0,0,0,0,0,0
905,0.0,0.0,25.91735458374,17.749542236328,0.0,0.0,0.0,0.0,0.0,-0.47157573699951,1.2914785146713,-0.000522609683685,-0.044657256454229,0.029503531754017,-0.057937517762184,6.7779261314627e-08,-0.065460108220577,5.9445533224789e-06,0.0,0.0,-0.07196632027626,0.0079113682731986,0.047339648008347,0.071977332234383,-5.1588349379017e-06,-0.07196632027626,0.0,0.0,0.0,20.427715301514,0.006741660181433,1.5601304769516,0,0,0,0,0,0,0,0,0,0,0,0,0,0,0,0,0,0,0,0,0,0,0,0,0,0,0,0,0,0,0,0
906,0.0,0.0,25.362731933594,21.844276428223,0.0,0.0,0.0,0.0,0.0,-0.47146961092949,1.2260162830353,-0.00041711633093655,-0.044657249003649,0.029502894729376,-0.057942915707827,2.7123487598146e-06,-0.065463110804558,3.6339433790999e-06,0.0,0.0,-0.070421487092972,0.0096760308369994,0.058793425559998,0.071458511054516,-3.9464539440814e-06,-0.070421487092972,0.0,0.0,0.0,20.431428909302,0.0066825859248638,1.5599989891052,0,0,0,0,0,0,0,0,0,0,0,0,0,0,0,0,0,0,0,0,0,0,0,0,0,0,0,0,0,0,0,0
907,0.0,0.0,24.676544189453,25.886770248413,0.0,0.0,0.0,0.0,0.0,-0.47139471769333,1.160552740097,-0.00034320203121752,-0.044659744948149,0.029499812051654,-0.057937517762184,2.810839077938e-06,-0.065463811159134,4.5698384383286e-06,0.0,0.0,-0.068522714078426,0.011971650645137,0.070109978318214,0.070546545088291,-4.5872743612563e-06,-0.068522714078426,0.0,0.0,0.0,20.436100006104,0.0069831172004342,1.559751033783,0,0,0,0,0,0,0,0,0,0,0,0,0,0,0,0,0,0,0,0,0,0,0,0,0,0,0,0,0,0,0,0
908,0.0,0.0,23.900791168213,29.881664276123,0.0,0.0,0.0,0.0,0.0,-0.47133585810661,1.0950870513916,-0.00028729226323776,-0.044662110507488,0.029498608782887,-0.057941082865,5.4281908887788e-06,-0.06546663492918,1.7497932276456e-06,0.0,0.0,-0.06635644286871,0.013535620644689,0.08129309117794,0.069715775549412,-3.8229659367062e-06,-0.06635644286871,0.0,0.0,0.0,20.436075210571,0.0069801392965019,1.5594261884689,0,0,0,0,0,0,0,0,0,0,0,0,0,0,0,0,0,0,0,0,0,0,0,0,0,0,0,0,0,0,0,0
909,0.0,0.0,23.020776748657,33.831569671631,0.0,0.0,0.0,0.0,0.0,-0.47128856182098,1.0296198129654,-0.00024363069678657,-0.044662568718195,0.029494756832719,-0.057935513556004,5.7938573263527e-06,-0.065467566251755,2.673722065083e-06,0.0,0.0,-0.063898578286171,0.015354387462139,0.092344358563423,0.068930678069592,-4.7655062189733e-06,-0.063898578286171,0.0,0.0,0.0,20.441162109375,0.0069871130399406,1.5591907501221,0,0,0,0,0,0,0,0,0,0,0,0,0,0,0,0,0,0,0,0,0,0,0,0,0,0,0,0,0,0,0,0
910,0.0,0.0,22.037975311279,37.727672576904,0.0,0.0,0.0,0.0,0.0,-0.4712481200695,0.96415060758591,-0.00020894952467643,-0.044665399938822,0.029494455084205,-0.05793833360076,7.7425502240658e-06,-0.065470010042191,-2.9795364753227e-07,0.0,0.0,-0.061156027019024,0.017149049788713,0.10324320942163,0.067991495132446,-4.0733543755778e-06,-0.061156027019024,0.0,0.0,0.0,20.435346603394,0.0070895315147936,1.5589756965637,0,0,0,0,0,0,0,0,0,0,0,0,0,0,0,0,0,0,0,0,0,0,0,0,0,0,0,0,0,0,0,0
911,0.0,0.0,20.969200134277,41.565135955811,0.0,0.0,0.0,0.0,0.0,-0.47121345996857,0.89867985248566,-0.0001807244552765,-0.044662997126579,0.029490955173969,-0.057933818548918,8.0673298725742e-06,-0.065471135079861,7.6862573905601e-07,0.0,0.0,-0.058168042451143,0.018648574128747,0.11397886276245,0.066968142986298,-5.0703306442301e-06,-0.058168042451143,0.0,0.0,0.0,20.44348526001,0.0071167452260852,1.5586850643158,0,0,0,0,0,0,0,0,0,0,0,0,0,0,0,0,0,0,0,0,0,0,0,0,0,0,0,0,0,0,0,0
912,0.0,0.0,19.821380615234,45.340602874756,0.0,0.0,0.0,0.0,0.0,-0.47118267416954,0.83320742845535,-0.00015848920156714,-0.04466599598527,0.02949196845293,-0.057936131954193,9.1606143541867e-06,-0.065473072230816,-2.2415727016778e-06,0.0,0.0,-0.054952900856733,0.020028917118907,0.12454296648502,0.065885737538338,-4.3064756027889e-06,-0.054952900856733,0.0,0.0,0.0,20.445121765137,0.0070747039280832,1.5582668781281,0,0,0,0,0,0,0,0,0,0,0,0,0,0,0,0,0,0,0,0,0,0,0,0,0,0,0,0,0,0,0,0
913,0.0,0.0,18.588106155396,49.058052062988,0.0,0.0,0.0,0.0,0.0,-0.47115534543991,0.76773351430893,-0.00014029075100552,-0.044660974293947,0.02948934212327,-0.057933244854212,9.3296457635006e-06,-0.06547436863184,-9.8679265647661e-07,0.0,0.0,-0.051503732800484,0.021519450470805,0.13494378328323,0.064873345196247,-5.2577065616788e-06,-0.051503732800484,0.0,0.0,0.0,20.445096969604,0.0071587404236197,1.5578471422195,0,0,0,0,0,0,0,0,0,0,0,0,0,0,0,0,0,0,0,0,0,0,0,0,0,0,0,0,0,0,0,0
914,0.0,0.0,17.285249710083,52.726741790771,0.0,0.0,0.0,0.0,0.0,-0.4711306989193,0.70225805044174,-0.00012676110782195,-0.044664848595858,0.029490999877453,-0.057933878153563,9.7213987828582e-06,-0.06547599285841,-4.0421114135825e-06,0.0,0.0,-0.047857109457254,0.02273515984416,0.14520071446896,0.064021579921246,-3.9868673411547e-06,-0.047857109457254,0.0,0.0,0.0,20.445121765137,0.0071658906526864,1.5574978590012,0,0,0,0,0,0,0,0,0,0,0,0,0,0,0,0,0,0,0,0,0,0,0,0,0,0,0,0,0,0,0,0
915,0.0,0.0,15.904816627502,56.34684753418,0.0,0.0,0.0,0.0,0.0,-0.47110816836357,0.63678115606308,-0.00011597030243138,-0.044656977057457,0.029489381238818,-0.057932831346989,9.6722833404783e-06,-0.065477393567562,-2.6982745566784e-06,0.0,0.0,-0.044002991169691,0.024088062345982,0.15531601011753,0.063173875212669,-5.0318863031862e-06,-0.044002991169691,0.0,0.0,0.0,20.444091796875,0.0073342113755643,1.5572801828384,0,0,0,0,0,0,0,0,0,0,0,0,0,0,0,0,0,0,0,0,0,0,0,0,0,0,0,0,0,0,0,0
916,0.0,0.0,14.47594833374,59.941844940186,0.0,0.0,0.0,0.0,0.0,-0.47108787298203,0.57130306959152,-0.00010895777813857,-0.044661618769169,0.029493229463696,-0.057935435324907,9.118842172029e-06,-0.065478295087814,-5.4375918807636e-06,0.0,0.0,-0.040004387497902,0.024933600798249,0.16533856093884,0.062735438346863,-4.8553592932876e-06,-0.040004387497902,0.0,0.0,0.0,20.441272735596,0.0071539445780218,1.5573699474335,0,0,0,0,0,0,0,0,0,0,0,0,0,0,0,0,0,0,0,0,0,0,0,0,0,0,0,0,0,0,0,0
917,0.0,0.0,12.987327575684,63.464401245117,0.0,0.0,0.0,0.0,0.0,-0.4710696041584,0.50582385063171,-0.00010382910841145,-0.044652335345745,0.029493421316147,-0.057936914265156,8.5195897554513e-06,-0.065479725599289,-3.6248957258067e-06,0.0,0.0,-0.035844657570124,0.02597582899034,0.17517718672752,0.06147113442421,-5.5040968618414e-06,-0.035844657570124,0.0,0.0,0.0,20.435363769531,0.0072405394166708,1.5570902824402,0,0,0,0,0,0,0,0,0,0,0,0,0,0,0,0,0,0,0,0,0,0,0,0,0,0,0,0,0,0,0,0
918,0.0,0.0,11.466804504395,66.955368041992,0.0,0.0,0.0,0.0,0.0,-0.47105339169502,0.44034385681152,-0.00010177361400565,-0.044657923281193,0.029497973620892,-0.057939074933529,7.2483580879634e-06,-0.065480090677738,-6.1948858274263e-06,0.0,0.0,-0.031584199517965,0.026533097028732,0.18491685390472,0.060919348150492,-5.0329381338088e-06,-0.031584199517965,0.0,0.0,0.0,20.434524536133,0.0070082084275782,1.5568625926971,0,0,0,0,0,0,0,0,0,0,0,0,0,0,0,0,0,0,0,0,0,0,0,0,0,0,0,0,0,0,0,0
919,0.0,0.0,9.9008893966675,70.396186828613,0.0,0.0,0.0,0.0,0.0,-0.47103887796402,0.37486281991005,-0.0001008353283396,-0.044648092240095,0.0294991992414,-0.057942677289248,6.4518499129917e-06,-0.065481536090374,-4.1227608562622e-06,0.0,0.0,-0.027201686054468,0.027324864640832,0.19452382624149,0.060044407844543,-5.5120535762399e-06,-0.027201686054468,0.0,0.0,0.0,20.425977706909,0.0069336863234639,1.5564652681351,0,0,0,0,0,0,0,0,0,0,0,0,0,0,0,0,0,0,0,0,0,0,0,0,0,0,0,0,0,0,0,0
920,0.0,0.0,8.2907371520996,73.807106018066,0.0,0.0,0.0,0.0,0.0,-0.47102618217468,0.30938133597374,-0.00010230387124466,-0.044654719531536,0.029503798112273,-0.057944107800722,4.6952445700299e-06,-0.065481409430504,-6.5350068325642e-06,0.0,0.0,-0.0227046366781,0.028097279369831,0.20404246449471,0.059521984308958,-5.1710094339796e-06,-0.0227046366781,0.0,0.0,0.0,20.421983718872,0.0069846054539084,1.5561784505844,0,0,0,0,0,0,0,0,0,0,0,0,0,0,0,0,0,0,0,0,0,0,0,0,0,0,0,0,0,0,0,0
921,0.0,0.0,6.6621499061584,77.196739196777,0.0,0.0,0.0,0.0,0.0,-0.47101491689682,0.24389898777008,-0.00010419302998343,-0.044645216315985,0.029505874961615,-0.057949859648943,3.7926611184957e-06,-0.065482817590237,-4.1715670704434e-06,0.0,0.0,-0.018149495124817,0.028418641537428,0.21349467337132,0.059150755405426,-5.5677119235042e-06,-0.018149495124817,0.0,0.0,0.0,20.42350769043,0.0068211397156119,1.5559071302414,0,0,0,0,0,0,0,0,0,0,0,0,0,0,0,0,0,0,0,0,0,0,0,0,0,0,0,0,0,0,0,0
922,0.0,0.0,5.0035552978516,80.547912597656,0.0,0.0,0.0,0.0,0.0,-0.47100535035133,0.17841650545597,-0.00010783990001073,-0.044652830809355,0.029510118067265,-0.057950530201197,1.6735710914872e-06,-0.065482273697853,-6.3928018789738e-06,0.0,0.0,-0.013517958112061,0.028942627832294,0.22285011410713,0.058478966355324,-5.3136259339226e-06,-0.013517958112061,0.0,0.0,0.0,20.421003341675,0.0068901586346328,1.5554337501526,0,0,0,0,0,0,0,0,0,0,0,0,0,0,0,0,0,0,0,0,0,0,0,0,0,0,0,0,0,0,0,0
923,0.0,0.0,3.338228225708,83.88646697998,0.0,0.0,0.0,0.0,0.0,-0.47099700570107,0.11293338239193,-0.00011127040488645,-0.044644460082054,0.029512727633119,-0.057958144694567,7.890550364209e-07,-0.065483555197716,-3.7565046113741e-06,0.0,0.0,-0.0088611263781786,0.02905991114676,0.23216478526592,0.058259185403585,-5.5285636335611e-06,-0.0088611263781786,0.0,0.0,0.0,20.407279968262,0.006764851976186,1.5549387931824,0,0,0,0,0,0,0,0,0,0,0,0,0,0,0,0,0,0,0,0,0,0,0,0,0,0,0,0,0,0,0,0
924,0.0,0.0,1.6519514322281,87.232482910156,0.0,0.0,0.0,0.0,0.0,-0.47099030017853,0.04745040461421,-0.00011584875755943,-0.044652804732323,0.029516141861677,-0.057957846671343,-1.5282876120182e-06,-0.065482661128044,-5.7978650147561e-06,0.0,0.0,-0.0041561457328498,0.029425598680973,0.24148379266262,0.058388855308294,-5.4837387324369e-06,-0.0041561457328498,0.0,0.0,0.0,20.409732818604,0.0066405981779099,1.5548031330109,0,0,0,0,0,0,0,0,0,0,0,0,0,0,0,0,0,0,0,0,0,0,0,0,0,0,0,0,0,0,0,0
925,0.0,0.0,0.046658303588629,90.557357788086,0.0,0.0,0.0,0.0,0.0,-0.47098457813263,-0.018032995983958,-0.0001196826051455,-0.044646084308624,0.029518838971853,-0.057966608554125,-2.1939133603155e-06,-0.065483756363392,-2.9829125196557e-06,0.0,0.0,0.00057558267144486,0.029640844091773,0.25075447559357,0.058020234107971,-5.4887650549063e-06,0.00057558267144486,0.0,0.0,0.0,20.404237747192,0.006743723526597,1.5544707775116,0,0,0,0,0,0,0,0,0,0,0,0,0,0,0,0,0,0,0,0,0,0,0,0,0,0,0,0,0,0,0,0
926,0.0,0.0,1.7579327821732,93.883712768555,0.0,0.0,0.0,0.0,0.0,-0.47098031640053,-0.083515986800194,-0.00012414580851328,-0.044654626399279,0.029520967975259,-0.057964984327555,-4.5078945731802e-06,-0.065482594072819,-4.8738475015853e-06,0.0,0.0,0.0053300270810723,0.029861873015761,0.2600265443325,0.058045450598001,-5.5028103815857e-06,0.0053300270810723,0.0,0.0,0.0,20.398069381714,0.007034782320261,1.5542508363724,0,0,0,0,0,0,0,0,0,0,0,0,0,0,0,0,0,0,0,0,0,0,0,0,0,0,0,0,0,0,0,0
927,0.0,0.0,3.4374709129333,97.232643127441,0.0,0.0,0.0,0.0,0.0,-0.47097674012184,-0.14899916946888,-0.00012752544716932,-0.044649727642536,0.029523363336921,-0.057973977178335,-4.7206131057465e-06,-0.065483458340168,-2.027087020906e-06,0.0,0.0,0.010014133527875,0.029308084398508,0.26934671401978,0.05843997374177,-5.3838675739826e-06,0.010014133527875,0.0,0.0,0.0,20.38564491272,0.0067930333316326,1.5540752410889,0,0,0,0,0,0,0,0,0,0,0,0,0,0,0,0,0,0,0,0,0,0,0,0,0,0,0,0,0,0,0,0
928,0.0,0.0,5.1064777374268,100.58010864258,0.0,0.0,0.0,0.0,0.0,-0.47097438573837,-0.2144817262888,-0.00013116832997184,-0.044657785445452,0.029523987323046,-0.057970874011517,-6.866609055578e-06,-0.065482102334499,-3.7958500342938e-06,0.0,0.0,0.01466500852257,0.029124045744538,0.27867162227631,0.05841388553381,-5.6186604524555e-06,0.01466500852257,0.0,0.0,0.0,20.378122329712,0.006671282928437,1.5536941289902,0,0,0,0,0,0,0,0,0,0,0,0,0,0,0,0,0,0,0,0,0,0,0,0,0,0,0,0,0,0,0,0
929,0.0,0.0,6.7581510543823,103.93576812744,0.0,0.0,0.0,0.0,0.0,-0.47097226977348,-0.27996423840523,-0.00013363909965847,-0.044654585421085,0.029525956138968,-0.057979322969913,-6.4716555243649e-06,-0.065482683479786,-1.0718711109803e-06,0.0,0.0,0.019264785572886,0.028821840882301,0.28802511096001,0.058557275682688,-5.2949985729356e-06,0.019264785572886,0.0,0.0,0.0,20.365720748901,0.0066212322562933,1.5531620979309,0,0,0,0,0,0,0,0,0,0,0,0,0,0,0,0,0,0,0,0,0,0,0,0,0,0,0,0,0,0,0,0
930,0.0,0.0,8.4017066955566,107.35047912598,0.0,0.0,0.0,0.0,0.0,-0.47097110748291,-0.34544593095779,-0.00013620083336718,-0.044661402702332,0.029525080695748,-0.057974729686975,-8.3368704508757e-06,-0.065481208264828,-2.7376688649383e-06,0.0,0.0,0.023826785385609,0.028679717332125,0.29751256108284,0.059587575495243,-5.7411898524151e-06,0.023826785385609,0.0,0.0,0.0,20.354513168335,0.0065335896797478,1.5532974004745,0,0,0,0,0,0,0,0,0,0,0,0,0,0,0,0,0,0,0,0,0,0,0,0,0,0,0,0,0,0,0,0
931,0.0,0.0,10.018321990967,110.78260803223,0.0,0.0,0.0,0.0,0.0,-0.47096967697144,-0.41092735528946,-0.00013780550216325,-0.044659595936537,0.029526675119996,-0.057981967926025,-7.2413522502757e-06,-0.06548148393631,-2.9216201369309e-07,0.0,0.0,0.028308974578977,0.028209939599037,0.30705583095551,0.059891913086176,-5.3165954341239e-06,0.028308974578977,0.0,0.0,0.0,20.348178863525,0.0065721357241273,1.5532673597336,0,0,0,0,0,0,0,0,0,0,0,0,0,0,0,0,0,0,0,0,0,0,0,0,0,0,0,0,0,0,0,0
932,0.0,0.0,11.61048412323,114.22919464111,0.0,0.0,0.0,0.0,0.0,-0.47096875309944,-0.47640779614449,-0.00013955979375169,-0.04466450214386,0.029524555429816,-0.057976175099611,-8.7580147010158e-06,-0.065479941666126,-1.8608224081618e-06,0.0,0.0,0.032711695879698,0.027782630175352,0.31665226817131,0.060144029557705,-5.8517721299722e-06,0.032711695879698,0.0,0.0,0.0,20.337579727173,0.00692343339324,1.5530053377151,0,0,0,0,0,0,0,0,0,0,0,0,0,0,0,0,0,0,0,0,0,0,0,0,0,0,0,0,0,0,0,0
933,0.0,0.0,13.143171310425,117.73849487305,0.0,0.0,0.0,0.0,0.0,-0.4709669649601,-0.54188770055771,-0.00014090414333623,-0.044663678854704,0.029525963589549,-0.057981751859188,-6.9883735704934e-06,-0.06547986716032,1.692753670568e-07,0.0,0.0,0.036960124969482,0.02674500271678,0.32640215754509,0.061238881200552,-5.4373113016482e-06,0.036960124969482,0.0,0.0,0.0,20.332052230835,0.0068204742856324,1.5529738664627,0,0,0,0,0,0,0,0,0,0,0,0,0,0,0,0,0,0,0,0,0,0,0,0,0,0,0,0,0,0,0,0
934,0.0,0.0,14.623028755188,121.27837371826,0.0,0.0,0.0,0.0,0.0,-0.47096514701843,-0.607366502285,-0.00014271651161835,-0.044666290283203,0.029523007571697,-0.05797528475523,-8.1686821431504e-06,-0.065478287637234,-1.2847336847699e-06,0.0,0.0,0.041062746196985,0.025822315365076,0.33624422550201,0.061772279441357,-6.06460025665e-06,0.041062746196985,0.0,0.0,0.0,20.322330474854,0.0067230351269245,1.5527021884918,0,0,0,0,0,0,0,0,0,0,0,0,0,0,0,0,0,0,0,0,0,0,0,0,0,0,0,0,0,0,0,0
935,0.0,0.0,16.068912506104,124.87441253662,0.0,0.0,0.0,0.0,0.0,-0.47096168994904,-0.67284458875656,-0.00014503081911243,-0.044666197150946,0.029524505138397,-0.057979062199593,-5.8343571254227e-06,-0.065477885305882,2.2285480838491e-07,0.0,0.0,0.045052252709866,0.025229780003428,0.3462330698967,0.062752924859524,-5.6606568250572e-06,0.045052252709866,0.0,0.0,0.0,20.316841125488,0.0068924999795854,1.5526938438416,0,0,0,0,0,0,0,0,0,0,0,0,0,0,0,0,0,0,0,0,0,0,0,0,0,0,0,0,0,0,0,0
936,0.0,0.0,17.444765090942,128.53118896484,0.0,0.0,0.0,0.0,0.0,-0.47095745801926,-0.73832142353058,-0.00014843195094727,-0.044666577130556,0.029521415010095,-0.057973019778728,-6.6681027419691e-06,-0.065476328134537,-1.0477184559932e-06,0.0,0.0,0.048852000385523,0.024006864055991,0.35637965798378,0.063812829554081,-6.2812982832838e-06,0.048852000385523,0.0,0.0,0.0,20.30527305603,0.0068527748808265,1.5527620315552,0,0,0,0,0,0,0,0,0,0,0,0,0,0,0,0,0,0,0,0,0,0,0,0,0,0,0,0,0,0,0,0
937,0.0,0.0,18.761945724487,132.25086975098,0.0,0.0,0.0,0.0,0.0,-0.47095054388046,-0.80379724502563,-0.00015364665887319,-0.044667217880487,0.029523074626923,-0.057974893599749,-4.1130724639515e-06,-0.065475553274155,-1.6885284992441e-07,0.0,0.0,0.052479591220617,0.02298322506249,0.36669063568115,0.064910911023617,-5.9283033806423e-06,0.052479591220617,0.0,0.0,0.0,20.298368453979,0.0069089820608497,1.5530097484589,0,0,0,0,0,0,0,0,0,0,0,0,0,0,0,0,0,0,0,0,0,0,0,0,0,0,0,0,0,0,0,0
938,0.0,0.0,19.997797012329,136.03060913086,0.0,0.0,0.0,0.0,0.0,-0.47094151377678,-0.86927181482315,-0.00016114697791636,-0.044666733592749,0.029521683230996,-0.057972386479378,-4.0670815906196e-06,-0.065474160015583,-9.328762757832e-07,0.0,0.0,0.05588523298502,0.021563099697232,0.37716168165207,0.065959542989731,-6.5746658037824e-06,0.05588523298502,0.0,0.0,0.0,20.287134170532,0.0068316394463181,1.5532613992691,0,0,0,0,0,0,0,0,0,0,0,0,0,0,0,0,0,0,0,0,0,0,0,0,0,0,0,0,0,0,0,0
939,0.0,0.0,21.169067382812,139.85498046875,0.0,0.0,0.0,0.0,0.0,-0.47092905640602,-0.93474513292313,-0.00017199372814503,-0.044664666056633,0.029522078111768,-0.057969626039267,-2.0972747734049e-06,-0.065472930669785,-1.0344501788495e-06,0.0,0.0,0.059097580611706,0.020436584949493,0.38776257634163,0.066738091409206,-5.9177323237236e-06,0.059097580611706,0.0,0.0,0.0,20.27954864502,0.0070920763537288,1.5533865690231,0,0,0,0,0,0,0,0,0,0,0,0,0,0,0,0,0,0,0,0,0,0,0,0,0,0,0,0,0,0,0,0
940,0.0,0.0,22.23589515686,143.74952697754,0.0,0.0,0.0,0.0,0.0,-0.47091150283813,-1.000216960907,-0.00018807033484336,-0.044661674648523,0.029522219672799,-0.057969372719526,-1.7729265664457e-06,-0.065471366047859,-1.7492235429017e-06,0.0,0.0,0.062032196670771,0.018612636253238,0.39854380488396,0.067963302135468,-7.0182891249715e-06,0.062032196670771,0.0,0.0,0.0,20.271684646606,0.0070049930363894,1.5535997152328,0,0,0,0,0,0,0,0,0,0,0,0,0,0,0,0,0,0,0,0,0,0,0,0,0,0,0,0,0,0,0,0
941,0.0,0.0,23.20814704895,147.72410583496,0.0,0.0,0.0,0.0,0.0,-0.47088804841042,-1.0656875371933,-0.00021064390602987,-0.044664315879345,0.029522024095058,-0.057965327054262,-2.3301981855184e-07,-0.065470077097416,-2.5428880690015e-06,0.0,0.0,0.064704291522503,0.016962680965662,0.40952464938164,0.069360293447971,-6.3372544900631e-06,0.064704291522503,0.0,0.0,0.0,20.272470474243,0.0068112211301923,1.5541590452194,0,0,0,0,0,0,0,0,0,0,0,0,0,0,0,0,0,0,0,0,0,0,0,0,0,0,0,0,0,0,0,0
942,0.0,0.0,24.09400177002,151.71801757812,0.0,0.0,0.0,0.0,0.0,-0.47085711359978,-1.1311564445496,-0.00024080483126454,-0.04465739428997,0.029518814757466,-0.057961042970419,-9.3653460453424e-07,-0.065468288958073,-2.5950905637728e-06,0.0,0.0,0.067126736044884,0.015454669483006,0.42058163881302,0.069697812199593,-6.4142009250645e-06,0.067126736044884,0.0,0.0,0.0,20.260263442993,0.0069875442422926,1.5542123317719,0,0,0,0,0,0,0,0,0,0,0,0,0,0,0,0,0,0,0,0,0,0,0,0,0,0,0,0,0,0,0,0
943,0.0,0.0,24.870378494263,155.7741394043,0.0,0.0,0.0,0.0,0.0,-0.47081199288368,-1.1966238021851,-0.00028521654894575,-0.044660288840532,0.029519859701395,-0.057957395911217,1.4689007912239e-06,-0.06546700745821,-3.1721933737572e-06,0.0,0.0,0.069248676300049,0.013544018380344,0.43179804086685,0.070783577859402,-6.3046204559214e-06,0.069248676300049,0.0,0.0,0.0,20.261692047119,0.0070501104928553,1.5543986558914,0,0,0,0,0,0,0,0,0,0,0,0,0,0,0,0,0,0,0,0,0,0,0,0,0,0,0,0,0,0,0,0
944,0.0,0.0,25.553251266479,159.87760925293,0.0,0.0,0.0,0.0,0.0,-0.47074797749519,-1.2620896100998,-0.00034871694515459,-0.04465189948678,0.029516536742449,-0.05795406550169,2.0960446533991e-07,-0.065465174615383,-3.1183567443804e-06,0.0,0.0,0.07109908759594,0.011911870911717,0.44314023852348,0.071610242128372,-6.4899249991868e-06,0.07109908759594,0.0,0.0,0.0,20.256206512451,0.0074020070023835,1.5546247959137,0,0,0,0,0,0,0,0,0,0,0,0,0,0,0,0,0,0,0,0,0,0,0,0,0,0,0,0,0,0,0,0
945,0.0,0.0,26.099403381348,164.03207397461,0.0,0.0,0.0,0.0,0.0,-0.47064557671547,-1.3275538682938,-0.00045096297981218,-0.044655594974756,0.029517780989408,-0.057950180023909,2.511968204999e-06,-0.06546375900507,-3.9730812204652e-06,0.0,0.0,0.072588533163071,0.0095257414504886,0.45461130142212,0.072500824928284,-6.4106798163266e-06,0.072588533163071,0.0,0.0,0.0,20.248558044434,0.0073594627901912,1.5549226999283,0,0,0,0,0,0,0,0,0,0,0,0,0,0,0,0,0,0,0,0,0,0,0,0,0,0,0,0,0,0,0,0
946,0.0,0.0,26.539491653442,168.20721435547,0.0,0.0,0.0,0.0,0.0,-0.47047114372253,-1.3930163383484,-0.0006253898027353,-0.044647876173258,0.029514448717237,-0.057948764413595,5.3578264669341e-07,-0.065461903810501,-3.5803861919703e-06,0.0,0.0,0.073775790631771,0.0076746651902795,0.46614554524422,0.072861507534981,-6.3450843299506e-06,0.073775790631771,0.0,0.0,0.0,20.23557472229,0.0075683267787099,1.5550241470337,0,0,0,0,0,0,0,0,0,0,0,0,0,0,0,0,0,0,0,0,0,0,0,0,0,0,0,0,0,0,0,0
947,0.0,0.0,26.843818664551,172.41201782227,0.0,0.0,0.0,0.0,0.0,-0.47008869051933,-1.4584772586823,-0.0010082984808832,-0.04465227201581,0.029515145346522,-0.057944491505623,2.438021965645e-06,-0.065460376441479,-4.638320660888e-06,0.0,0.0,0.074599154293537,0.0053052352741361,0.47775533795357,0.073379576206207,-6.2647154663864e-06,0.074599154293537,0.0,0.0,0.0,20.229320526123,0.0075290482491255,1.5551396608353,0,0,0,0,0,0,0,0,0,0,0,0,0,0,0,0,0,0,0,0,0,0,0,0,0,0,0,0,0,0,0,0
948,0.0,0.0,27.019813537598,176.63407897949,0.0,0.0,0.0,0.0,0.0,-0.46866130828857,-1.5239362716675,-0.002436010632664,-0.04464615136385,0.029511719942093,-0.057944428175688,-7.588227646238e-08,-0.065458506345749,-3.7713989513577e-06,0.0,0.0,0.07507199048996,0.0030657574534416,0.48940953612328,0.073680996894836,-5.9242938732496e-06,0.07507199048996,0.0,0.0,0.0,20.229578018188,0.0074166376143694,1.5552414655685,0,0,0,0,0,0,0,0,0,0,0,0,0,0,0,0,0,0,0,0,0,0,0,0,0,0,0,0,0,0,0,0
949,0.0,0.0,27.067113876343,179.12512207031,0.0,0.0,0.0,0.0,0.0,2.6643090248108,-1.5521984100342,-3.1354072093964,-0.044650610536337,0.029511163011193,-0.057939473539591,1.2773696198565e-06,-0.065456919372082,-4.9210971155844e-06,0.0,0.0,0.075193136930466,0.00081943196710199,-0.49889561533928,0.074007883667946,-6.1335144891927e-06,0.075193136930466,0.0,0.0,0.0,20.228998184204,0.0072464887052774,1.5555025339127,0,0,0,0,0,0,0,0,0,0,0,0,0,0,0,0,0,0,0,0,0,0,0,0,0,0,0,0,0,0,0,0
950,0.0,0.0,27.006336212158,174.87658691406,0.0,0.0,0.0,0.0,0.0,2.6691339015961,-1.4867429733276,-3.1402323246002,-0.044646117836237,0.029507584869862,-0.057939972728491,-1.5539135347353e-06,-0.065455004572868,-3.5167020087101e-06,0.0,0.0,0.075003810226917,-0.0010658556129783,-0.48718836903572,0.074143476784229,-5.0808607738873e-06,0.075003810226917,0.0,0.0,0.0,20.229804992676,0.0074029564857483,1.5558935403824,0,0,0,0,0,0,0,0,0,0,0,0,0,0,0,0,0,0,0,0,0,0,0,0,0,0,0,0,0,0,0,0
951,0.0,0.0,26.80996131897,170.64260864258,0.0,0.0,0.0,0.0,0.0,2.6697368621826,-1.4212890863419,-3.1408357620239,-0.044649962335825,0.029505485668778,-0.057934269309044,-7.5164041390963e-07,-0.065453439950943,-4.675566287915e-06,0.0,0.0,0.0744494125247,-0.0034327344037592,-0.47551971673965,0.073889218270779,-5.3477151595871e-06,0.0744494125247,0.0,0.0,0.0,20.237154006958,0.0073933824896812,1.5562181472778,0,0,0,0,0,0,0,0,0,0,0,0,0,0,0,0,0,0,0,0,0,0,0,0,0,0,0,0,0,0,0,0
952,0.0,0.0,26.486364364624,166.43946838379,0.0,0.0,0.0,0.0,0.0,2.6699812412262,-1.3558369874954,-3.1410796642303,-0.0446469001472,0.02950187958777,-0.057934727519751,-3.6929905036232e-06,-0.065451465547085,-2.7440942176327e-06,0.0,0.0,0.073548354208469,-0.0056526032276452,-0.46392875909805,0.073350965976715,-4.7732846724102e-06,0.073548354208469,0.0,0.0,0.0,20.239019393921,0.0073217996396124,1.5563721656799,0,0,0,0,0,0,0,0,0,0,0,0,0,0,0,0,0,0,0,0,0,0,0,0,0,0,0,0,0,0,0,0
953,0.0,0.0,26.051605224609,162.2508392334,0.0,0.0,0.0,0.0,0.0,2.6701145172119,-1.290386557579,-3.1412124633789,-0.044649489223957,0.029498273506761,-0.057928420603275,-3.3753328807506e-06,-0.065449997782707,-3.8663683881168e-06,0.0,0.0,0.072334252297878,-0.0075930892489851,-0.45238870382309,0.073097877204418,-5.0895687309094e-06,0.072334252297878,0.0,0.0,0.0,20.24760055542,0.0074574681930244,1.5567160844803,0,0,0,0,0,0,0,0,0,0,0,0,0,0,0,0,0,0,0,0,0,0,0,0,0,0,0,0,0,0,0,0
954,0.0,0.0,25.484846115112,158.10296630859,0.0,0.0,0.0,0.0,0.0,2.6702032089233,-1.224937915802,-3.1412990093231,-0.044647682458162,0.029494917020202,-0.057928398251534,-6.1997229749977e-06,-0.065447941422462,-1.470682263971e-06,0.0,0.0,0.070768423378468,-0.00989546533674,-0.44095715880394,0.072386585175991,-3.6584549434338e-06,0.070768423378468,0.0,0.0,0.0,20.249269485474,0.0073588541708887,1.5570162534714,0,0,0,0,0,0,0,0,0,0,0,0,0,0,0,0,0,0,0,0,0,0,0,0,0,0,0,0,0,0,0,0
955,0.0,0.0,24.807758331299,153.98138427734,0.0,0.0,0.0,0.0,0.0,2.6702666282654,-1.1594908237457,-3.1413600444794,-0.044648371636868,0.02949015237391,-0.057921871542931,-6.2396120483754e-06,-0.065446630120277,-2.5571628157195e-06,0.0,0.0,0.068896852433681,-0.011821954511106,-0.42960992455482,0.071927934885025,-4.5458359636541e-06,0.068896852433681,0.0,0.0,0.0,20.249771118164,0.0073856837116182,1.5575646162033,0,0,0,0,0,0,0,0,0,0,0,0,0,0,0,0,0,0,0,0,0,0,0,0,0,0,0,0,0,0,0,0
956,0.0,0.0,24.028650283813,149.93154907227,0.0,0.0,0.0,0.0,0.0,2.6703169345856,-1.0940456390381,-3.1414062976837,-0.044647499918938,0.029487462714314,-0.057921163737774,-8.6970421762089e-06,-0.065444469451904,2.0123347610479e-07,0.0,0.0,0.066739745438099,-0.013601710088551,-0.41844141483307,0.070675440132618,-3.6959934277547e-06,0.066739745438099,0.0,0.0,0.0,20.248359680176,0.0074831349775195,1.5577237606049,0,0,0,0,0,0,0,0,0,0,0,0,0,0,0,0,0,0,0,0,0,0,0,0,0,0,0,0,0,0,0,0
957,0.0,0.0,23.144996643066,145.9337310791,0.0,0.0,0.0,0.0,0.0,2.670357465744,-1.0286018848419,-3.1414422988892,-0.044645819813013,0.029482090845704,-0.057914916425943,-8.9284058049088e-06,-0.065443396568298,-8.9151046722691e-07,0.0,0.0,0.064295761287212,-0.015426739118993,-0.40741539001465,0.069767892360687,-4.0848517528502e-06,0.064295761287212,0.0,0.0,0.0,20.246097564697,0.0075785066001117,1.5578914880753,0,0,0,0,0,0,0,0,0,0,0,0,0,0,0,0,0,0,0,0,0,0,0,0,0,0,0,0,0,0,0,0
958,0.0,0.0,22.158031463623,141.98973083496,0.0,0.0,0.0,0.0,0.0,2.6703927516937,-0.96315997838974,-3.1414709091187,-0.044645633548498,0.029480498284101,-0.05791350454092,-1.07957612272e-05,-0.065441124141216,2.1066712179163e-06,0.0,0.0,0.061571303755045,-0.017229031771421,-0.39653754234314,0.068828135728836,-3.2414507131762e-06,0.061571303755045,0.0,0.0,0.0,20.248912811279,0.0076061934232712,1.5581109523773,0,0,0,0,0,0,0,0,0,0,0,0,0,0,0,0,0,0,0,0,0,0,0,0,0,0,0,0,0,0,0,0
959,0.0,0.0,21.072933197021,138.08671569824,0.0,0.0,0.0,0.0,0.0,2.6704230308533,-0.89771944284439,-3.1414937973022,-0.044641423970461,0.029475174844265,-0.057908196002245,-1.1045998689951e-05,-0.065440319478512,9.3539421186506e-07,0.0,0.0,0.0585812702775,-0.018942659720778,-0.38578289747238,0.068113230168819,-4.1226785469917e-06,0.0585812702775,0.0,0.0,0.0,20.243619918823,0.0076250592246652,1.5586225986481,0,0,0,0,0,0,0,0,0,0,0,0,0,0,0,0,0,0,0,0,0,0,0,0,0,0,0,0,0,0,0,0
960,0.0,0.0,19.919818878174,134.25782775879,0.0,0.0,0.0,0.0,0.0,2.6704504489899,-0.83228069543839,-3.1415116786957,-0.044641744345427,0.029475025832653,-0.05790626257658,-1.2156802768004e-05,-0.065437912940979,4.0455424823449e-06,0.0,0.0,0.055390529334545,-0.020128635689616,-0.37521854043007,0.066819041967392,-2.9962682219775e-06,0.055390529334545,0.0,0.0,0.0,20.237218856812,0.0078833289444447,1.5587965250015,0,0,0,0,0,0,0,0,0,0,0,0,0,0,0,0,0,0,0,0,0,0,0,0,0,0,0,0,0,0,0,0
961,0.0,0.0,18.670219421387,130.48780822754,0.0,0.0,0.0,0.0,0.0,2.6704750061035,-0.76684314012527,-3.1415259838104,-0.044635184109211,0.029470363631845,-0.057902548462152,-1.2265509212739e-05,-0.06543742865324,2.701270432226e-06,0.0,0.0,0.051946043968201,-0.021813383325934,-0.36481365561485,0.065792180597782,-3.7594952573272e-06,0.051946043968201,0.0,0.0,0.0,20.239547729492,0.007863512262702,1.5590531826019,0,0,0,0,0,0,0,0,0,0,0,0,0,0,0,0,0,0,0,0,0,0,0,0,0,0,0,0,0,0,0,0
962,0.0,0.0,17.337711334229,126.75317382812,0.0,0.0,0.0,0.0,0.0,2.6704971790314,-0.70140743255615,-3.1415362358093,-0.044636473059654,0.029471011832356,-0.057898830622435,-1.2711762792605e-05,-0.065434873104095,5.8830801208387e-06,0.0,0.0,0.048279825598001,-0.023259343579412,-0.35451990365982,0.065173976123333,-2.7033051992476e-06,0.048279825598001,0.0,0.0,0.0,20.249116897583,0.0078201331198215,1.5597079992294,0,0,0,0,0,0,0,0,0,0,0,0,0,0,0,0,0,0,0,0,0,0,0,0,0,0,0,0,0,0,0,0
963,0.0,0.0,15.938934326172,123.10357666016,0.0,0.0,0.0,0.0,0.0,2.6705176830292,-0.63597279787064,-3.1415438652039,-0.044626902788877,0.029466439038515,-0.057897828519344,-1.2694339602604e-05,-0.065434508025646,4.4845605771116e-06,0.0,0.0,0.044429875910282,-0.024417202919722,-0.34443518519402,0.063690483570099,-3.9291226130445e-06,0.044429875910282,0.0,0.0,0.0,20.255802154541,0.0076093678362668,1.5598995685577,0,0,0,0,0,0,0,0,0,0,0,0,0,0,0,0,0,0,0,0,0,0,0,0,0,0,0,0,0,0,0,0
964,0.0,0.0,14.490398406982,119.4955368042,0.0,0.0,0.0,0.0,0.0,2.6705365180969,-0.57053989171982,-3.1415481567383,-0.044629864394665,0.029469920322299,-0.057896390557289,-1.2195571798657e-05,-0.065432123839855,7.2521906986367e-06,0.0,0.0,0.040434800088406,-0.025284640491009,-0.33447027206421,0.062964342534542,-2.9082641503919e-06,0.040434800088406,0.0,0.0,0.0,20.249244689941,0.0076314355246723,1.5601842403412,0,0,0,0,0,0,0,0,0,0,0,0,0,0,0,0,0,0,0,0,0,0,0,0,0,0,0,0,0,0,0,0
965,0.0,0.0,12.990244865417,115.92933654785,0.0,0.0,0.0,0.0,0.0,2.670553445816,-0.50510782003403,-3.1415507793427,-0.044619306921959,0.029468415305018,-0.057897426187992,-1.1504313988553e-05,-0.065432079136372,5.3986027523933e-06,0.0,0.0,0.03629445284605,-0.026186415925622,-0.32462319731712,0.062234733253717,-3.8070079426689e-06,0.03629445284605,0.0,0.0,0.0,20.254541397095,0.0077279061079025,1.5605527162552,0,0,0,0,0,0,0,0,0,0,0,0,0,0,0,0,0,0,0,0,0,0,0,0,0,0,0,0,0,0,0,0
966,0.0,0.0,11.435918807983,112.4140625,0.0,0.0,0.0,0.0,0.0,2.6705687046051,-0.439677298069,-3.1415505409241,-0.044623430818319,0.029472706839442,-0.057895701378584,-1.0347570423619e-05,-0.065429732203484,8.0356685430161e-06,0.0,0.0,0.032008640468121,-0.027131183072925,-0.31490862369537,0.061345174908638,-3.070123057114e-06,0.032008640468121,0.0,0.0,0.0,20.258485794067,0.0076671713031828,1.5608612298965,0,0,0,0,0,0,0,0,0,0,0,0,0,0,0,0,0,0,0,0,0,0,0,0,0,0,0,0,0,0,0,0
967,0.0,0.0,9.8400144577026,108.94007873535,0.0,0.0,0.0,0.0,0.0,2.6705822944641,-0.37424740195274,-3.1415493488312,-0.044612482190132,0.029472151771188,-0.057899165898561,-9.4993611128302e-06,-0.065429963171482,5.9333083299862e-06,0.0,0.0,0.027607079595327,-0.027857579290867,-0.30530399084091,0.060625206679106,-3.8033531382098e-06,0.027607079595327,0.0,0.0,0.0,20.261371612549,0.0075780749320984,1.5611445903778,0,0,0,0,0,0,0,0,0,0,0,0,0,0,0,0,0,0,0,0,0,0,0,0,0,0,0,0,0,0,0,0
968,0.0,0.0,8.2100458145142,105.50762939453,0.0,0.0,0.0,0.0,0.0,2.6705944538116,-0.30881896615028,-3.1415457725525,-0.044617842882872,0.029476724565029,-0.057897135615349,-7.8425691754092e-06,-0.0654276907444,8.4590847109212e-06,0.0,0.0,0.023109450936317,-0.028451455757022,-0.29580637812614,0.059899672865868,-3.1211268378684e-06,0.023109450936317,0.0,0.0,0.0,20.264608383179,0.0074416850693524,1.5613094568253,0,0,0,0,0,0,0,0,0,0,0,0,0,0,0,0,0,0,0,0,0,0,0,0,0,0,0,0,0,0,0,0
969,0.0,0.0,6.5489883422852,102.08787536621,0.0,0.0,0.0,0.0,0.0,2.6706051826477,-0.2433909624815,-3.1415419578552,-0.044607393443584,0.029477147385478,-0.057903833687305,-6.8539234234777e-06,-0.065428182482719,6.0102779571025e-06,0.0,0.0,0.01852592267096,-0.028994888067245,-0.28635367751122,0.059678725898266,-3.9709389056952e-06,0.01852592267096,0.0,0.0,0.0,20.268804550171,0.0073821414262056,1.5617451667786,0,0,0,0,0,0,0,0,0,0,0,0,0,0,0,0,0,0,0,0,0,0,0,0,0,0,0,0,0,0,0,0
970,0.0,0.0,4.8672046661377,98.70352935791,0.0,0.0,0.0,0.0,0.0,2.6706144809723,-0.17796416580677,-3.1415362358093,-0.04461420327425,0.029481811448932,-0.057901807129383,-4.7594053285138e-06,-0.065426111221313,8.3334471128182e-06,0.0,0.0,0.013881790451705,-0.029355885460973,-0.27698737382889,0.059059977531433,-3.2225141239905e-06,0.013881790451705,0.0,0.0,0.0,20.271627426147,0.0072555611841381,1.5619776248932,0,0,0,0,0,0,0,0,0,0,0,0,0,0,0,0,0,0,0,0,0,0,0,0,0,0,0,0,0,0,0,0
971,0.0,0.0,3.1685545444489,95.333297729492,0.0,0.0,0.0,0.0,0.0,2.6706223487854,-0.11253757029772,-3.1415309906006,-0.044605258852243,0.029482970014215,-0.057910721749067,-3.783124157053e-06,-0.065426833927631,5.5742957556504e-06,0.0,0.0,0.009188792668283,-0.029651034623384,-0.26766067743301,0.058814343065023,-3.9989135984797e-06,0.009188792668283,0.0,0.0,0.0,20.282106399536,0.0071441256441176,1.5622650384903,0,0,0,0,0,0,0,0,0,0,0,0,0,0,0,0,0,0,0,0,0,0,0,0,0,0,0,0,0,0,0,0
972,0.0,0.0,1.4574530124664,91.963111877441,0.0,0.0,0.0,0.0,0.0,2.6706290245056,-0.047111935913563,-3.141524553299,-0.044613149017096,0.02948709949851,-0.057908099144697,-1.5219899296426e-06,-0.065425060689449,7.7303084253799e-06,0.0,0.0,0.0044606267474592,-0.029867457225919,-0.25834068655968,0.058812774717808,-3.103527433268e-06,0.0044606267474592,0.0,0.0,0.0,20.287479400635,0.007092819083482,1.5627453327179,0,0,0,0,0,0,0,0,0,0,0,0,0,0,0,0,0,0,0,0,0,0,0,0,0,0,0,0,0,0,0,0
973,0.0,0.0,0.25858744978905,88.605575561523,0.0,0.0,0.0,0.0,0.0,2.6706347465515,0.018313720822334,-3.1415188312531,-0.044606201350689,0.029488457366824,-0.057918261736631,-8.168163958544e-07,-0.06542593985796,4.8045944822661e-06,0.0,0.0,-0.00028354380629025,-0.029954150319099,-0.24904835224152,0.058592673391104,-3.5943755847256e-06,-0.00028354380629025,0.0,0.0,0.0,20.288719177246,0.0069783702492714,1.5631177425385,0,0,0,0,0,0,0,0,0,0,0,0,0,0,0,0,0,0,0,0,0,0,0,0,0,0,0,0,0,0,0,0
974,0.0,0.0,1.9723539352417,85.259880065918,0.0,0.0,0.0,0.0,0.0,2.6706390380859,0.083738721907139,-3.1415123939514,-0.044614616781473,0.029491553083062,-0.057914800941944,1.4241909411794e-06,-0.06542456895113,6.8202139118512e-06,0.0,0.0,-0.0050251223146915,-0.029914336279035,-0.23977765440941,0.058385323733091,-3.4686804610828e-06,-0.0050251223146915,0.0,0.0,0.0,20.291843414307,0.0067819771356881,1.5632898807526,0,0,0,0,0,0,0,0,0,0,0,0,0,0,0,0,0,0,0,0,0,0,0,0,0,0,0,0,0,0,0,0
975,0.0,0.0,3.6686389446259,81.899620056152,0.0,0.0,0.0,0.0,0.0,2.6706428527832,0.14916396141052,-3.1415071487427,-0.044609822332859,0.029492871835828,-0.057925548404455,1.6754661373852e-06,-0.065425559878349,3.846770596283e-06,0.0,0.0,-0.0097292913123965,-0.029609229415655,-0.23047114908695,0.058640077710152,-3.4694862733886e-06,-0.0097292913123965,0.0,0.0,0.0,20.306003570557,0.0068100574426353,1.5635063648224,0,0,0,0,0,0,0,0,0,0,0,0,0,0,0,0,0,0,0,0,0,0,0,0,0,0,0,0,0,0,0,0
976,0.0,0.0,5.3372197151184,78.525886535645,0.0,0.0,0.0,0.0,0.0,2.6706457138062,0.2145888954401,-3.1415014266968,-0.044618114829063,0.029494753107429,-0.057921189814806,3.7672689359169e-06,-0.065424665808678,5.7465563259029e-06,0.0,0.0,-0.014370672404766,-0.029125628992915,-0.22112621366978,0.058874674141407,-3.3978781175392e-06,-0.014370672404766,0.0,0.0,0.0,20.317163467407,0.0070774671621621,1.5636260509491,0,0,0,0,0,0,0,0,0,0,0,0,0,0,0,0,0,0,0,0,0,0,0,0,0,0,0,0,0,0,0,0
977,0.0,0.0,6.9968404769897,75.153816223145,0.0,0.0,0.0,0.0,0.0,2.6706483364105,0.28001427650452,-3.1414971351624,-0.044615279883146,0.029495839029551,-0.057931542396545,3.3962614907068e-06,-0.065425708889961,2.8844303869846e-06,0.0,0.0,-0.018982701003551,-0.028969177976251,-0.21176911890507,0.058846011757851,-3.3349476780131e-06,-0.018982701003551,0.0,0.0,0.0,20.326547622681,0.0070385839790106,1.5635172128677,0,0,0,0,0,0,0,0,0,0,0,0,0,0,0,0,0,0,0,0,0,0,0,0,0,0,0,0,0,0,0,0
978,0.0,0.0,8.6358098983765,71.753684997559,0.0,0.0,0.0,0.0,0.0,2.6706502437592,0.34543970227242,-3.1414923667908,-0.044622655957937,0.029496438801289,-0.057926248759031,5.2024138312845e-06,-0.065425351262093,4.693632490671e-06,0.0,0.0,-0.023537158966064,-0.028608812019229,-0.20233528316021,0.05933540686965,-3.4048907764372e-06,-0.023537158966064,0.0,0.0,0.0,20.323331832886,0.00697290757671,1.5635087490082,0,0,0,0,0,0,0,0,0,0,0,0,0,0,0,0,0,0,0,0,0,0,0,0,0,0,0,0,0,0,0,0
979,0.0,0.0,10.245638847351,68.31950378418,0.0,0.0,0.0,0.0,0.0,2.6706523895264,0.41086578369141,-3.1414885520935,-0.044621493667364,0.029497442767024,-0.057935670018196,4.124759016122e-06,-0.065426409244537,2.0894481167488e-06,0.0,0.0,-0.028013054281473,-0.02810050547123,-0.19280861318111,0.059930022805929,-3.6892863590765e-06,-0.028013054281473,0.0,0.0,0.0,20.327964782715,0.006920097861439,1.5635898113251,0,0,0,0,0,0,0,0,0,0,0,0,0,0,0,0,0,0,0,0,0,0,0,0,0,0,0,0,0,0,0,0
980,0.0,0.0,11.821490287781,64.853302001953,0.0,0.0,0.0,0.0,0.0,2.6706545352936,0.47629231214523,-3.1414844989777,-0.044627353549004,0.029497029259801,-0.057929813861847,5.6106509873644e-06,-0.065426617860794,3.8156072150741e-06,0.0,0.0,-0.032395835965872,-0.027507249265909,-0.18318907916546,0.060488540679216,-3.4541153581813e-06,-0.032395835965872,0.0,0.0,0.0,20.337335586548,0.0068077743053436,1.5636558532715,0,0,0,0,0,0,0,0,0,0,0,0,0,0,0,0,0,0,0,0,0,0,0,0,0,0,0,0,0,0,0,0
981,0.0,0.0,13.347061157227,61.33570098877,0.0,0.0,0.0,0.0,0.0,2.6706576347351,0.54171961545944,-3.1414806842804,-0.044627532362938,0.029498189687729,-0.057937886565924,3.8554385355383e-06,-0.065427660942078,1.605931515769e-06,0.0,0.0,-0.036647532135248,-0.0266297403723,-0.17343360185623,0.061385739594698,-3.5066575492237e-06,-0.036647532135248,0.0,0.0,0.0,20.342725753784,0.0068966886028647,1.5638607740402,0,0,0,0,0,0,0,0,0,0,0,0,0,0,0,0,0,0,0,0,0,0,0,0,0,0,0,0,0,0,0,0
982,0.0,0.0,14.808540344238,57.79887008667,0.0,0.0,0.0,0.0,0.0,2.6706609725952,0.60714775323868,-3.1414761543274,-0.044631514698267,0.029497174546123,-0.057932086288929,5.022571713198e-06,-0.06542844325304,3.2224343158305e-06,0.0,0.0,-0.040735855698586,-0.02551182731986,-0.16360327601433,0.06172139942646,-4.2016295083158e-06,-0.040735855698586,0.0,0.0,0.0,20.356185913086,0.0070616067387164,1.5635879039764,0,0,0,0,0,0,0,0,0,0,0,0,0,0,0,0,0,0,0,0,0,0,0,0,0,0,0,0,0,0,0,0
983,0.0,0.0,16.237266540527,54.211132049561,0.0,0.0,0.0,0.0,0.0,2.6706664562225,0.67257690429688,-3.1414709091187,-0.044632695615292,0.029498716816306,-0.057938493788242,2.7319711080054e-06,-0.065429463982582,1.5266502941813e-06,0.0,0.0,-0.044718578457832,-0.024939548224211,-0.15363112092018,0.062609881162643,-3.5672046578838e-06,-0.044718578457832,0.0,0.0,0.0,20.36110496521,0.0068908669054508,1.5635246038437,0,0,0,0,0,0,0,0,0,0,0,0,0,0,0,0,0,0,0,0,0,0,0,0,0,0,0,0,0,0,0,0
984,0.0,0.0,17.586343765259,50.564373016357,0.0,0.0,0.0,0.0,0.0,2.6706728935242,0.73800724744797,-3.1414639949799,-0.044634841382504,0.029497688636184,-0.057933747768402,3.4871002299042e-06,-0.065430752933025,2.9324789920793e-06,0.0,0.0,-0.048496283590794,-0.023550391197205,-0.14349758625031,0.063640095293522,-4.5630667955265e-06,-0.048496283590794,0.0,0.0,0.0,20.365732192993,0.0070631629787385,1.5634760856628,0,0,0,0,0,0,0,0,0,0,0,0,0,0,0,0,0,0,0,0,0,0,0,0,0,0,0,0,0,0,0,0
985,0.0,0.0,18.876052856445,46.874481201172,0.0,0.0,0.0,0.0,0.0,2.6706824302673,0.80343866348267,-3.1414551734924,-0.044637061655521,0.029499804601073,-0.057938423007727,1.0475534963916e-06,-0.065431773662567,1.9379501736694e-06,0.0,0.0,-0.052104879170656,-0.022513760253787,-0.13323260843754,0.064392738044262,-4.0691684262129e-06,-0.052104879170656,0.0,0.0,0.0,20.375413894653,0.0070341085083783,1.5633249282837,0,0,0,0,0,0,0,0,0,0,0,0,0,0,0,0,0,0,0,0,0,0,0,0,0,0,0,0,0,0,0,0
986,0.0,0.0,20.089477539062,43.127780914307,0.0,0.0,0.0,0.0,0.0,2.6706945896149,0.86887151002884,-3.1414434909821,-0.04463917016983,0.029500534757972,-0.057938255369663,8.7847115537443e-07,-0.065433353185654,2.7383639462641e-06,0.0,0.0,-0.055505018681288,-0.021183431148529,-0.12280659377575,0.065384477376938,-5.1709680519707e-06,-0.055505018681288,0.0,0.0,0.0,20.38415145874,0.0070461882278323,1.5631886720657,0,0,0,0,0,0,0,0,0,0,0,0,0,0,0,0,0,0,0,0,0,0,0,0,0,0,0,0,0,0,0,0
987,0.0,0.0,21.224308013916,39.321311950684,0.0,0.0,0.0,0.0,0.0,2.6707110404968,0.93430578708649,-3.1414277553558,-0.044639237225056,0.029501659795642,-0.057937614619732,-8.635830113235e-07,-0.065434440970421,2.849154498108e-06,0.0,0.0,-0.058686561882496,-0.019810762256384,-0.11221225559711,0.066427402198315,-4.2549759200483e-06,-0.058686561882496,0.0,0.0,0.0,20.387985229492,0.0070414491929114,1.5631191730499,0,0,0,0,0,0,0,0,0,0,0,0,0,0,0,0,0,0,0,0,0,0,0,0,0,0,0,0,0,0,0,0
988,0.0,0.0,22.271394729614,35.458690643311,0.0,0.0,0.0,0.0,0.0,2.6707322597504,0.99974155426025,-3.1414067745209,-0.044637102633715,0.02950232103467,-0.057937748730183,-6.1823288888263e-07,-0.065436370670795,3.7368554330897e-06,0.0,0.0,-0.061626024544239,-0.018280707299709,-0.10145675390959,0.067407675087452,-5.5886753216328e-06,-0.061626024544239,0.0,0.0,0.0,20.385238647461,0.0070461216382682,1.5630439519882,0,0,0,0,0,0,0,0,0,0,0,0,0,0,0,0,0,0,0,0,0,0,0,0,0,0,0,0,0,0,0,0
989,0.0,0.0,23.24688911438,31.545816421509,0.0,0.0,0.0,0.0,0.0,2.6707620620728,1.0651787519455,-3.1413772106171,-0.044641654938459,0.029504422098398,-0.057937480509281,-2.8640565687965e-06,-0.065437532961369,4.0819068090059e-06,0.0,0.0,-0.06435165554285,-0.017030535265803,-0.090552620589733,0.068284392356873,-4.9559530452825e-06,-0.06435165554285,0.0,0.0,0.0,20.393703460693,0.0066670179367065,1.562980890274,0,0,0,0,0,0,0,0,0,0,0,0,0,0,0,0,0,0,0,0,0,0,0,0,0,0,0,0,0,0,0,0
990,0.0,0.0,24.094944000244,27.571504592896,0.0,0.0,0.0,0.0,0.0,2.6708011627197,1.1306177377701,-3.1413381099701,-0.044636201113462,0.029502864927053,-0.057935357093811,-2.0907352791255e-06,-0.065439775586128,4.3830491449626e-06,0.0,0.0,-0.066745102405548,-0.014806566759944,-0.079478114843369,0.069357067346573,-5.2147615861031e-06,-0.066745102405548,0.0,0.0,0.0,20.403566360474,0.0068020331673324,1.5629205703735,0,0,0,0,0,0,0,0,0,0,0,0,0,0,0,0,0,0,0,0,0,0,0,0,0,0,0,0,0,0,0,0
991,0.0,0.0,24.842325210571,23.554546356201,0.0,0.0,0.0,0.0,0.0,2.6708574295044,1.1960581541061,-3.1412818431854,-0.044641565531492,0.029505252838135,-0.05793421715498,-4.7141606955847e-06,-0.065440759062767,4.7816365622566e-06,0.0,0.0,-0.068855546414852,-0.013049114495516,-0.068274147808552,0.070101223886013,-4.8571473598713e-06,-0.068855546414852,0.0,0.0,0.0,20.406444549561,0.0068516684696078,1.5627679824829,0,0,0,0,0,0,0,0,0,0,0,0,0,0,0,0,0,0,0,0,0,0,0,0,0,0,0,0,0,0,0,0
992,0.0,0.0,25.487525939941,19.494340896606,0.0,0.0,0.0,0.0,0.0,2.6709370613098,1.2615007162094,-3.1412019729614,-0.044636003673077,0.029504060745239,-0.057934712618589,-3.2331854527001e-06,-0.06544353812933,4.7970434025046e-06,0.0,0.0,-0.070676364004612,-0.011266645044088,-0.056942753493786,0.070856548845768,-5.7501511037117e-06,-0.070676364004612,0.0,0.0,0.0,20.413677215576,0.0067768380977213,1.5626075267792,0,0,0,0,0,0,0,0,0,0,0,0,0,0,0,0,0,0,0,0,0,0,0,0,0,0,0,0,0,0,0,0
993,0.0,0.0,26.01106262207,15.395638465881,0.0,0.0,0.0,0.0,0.0,2.6710636615753,1.3269448280334,-3.1410748958588,-0.04464215785265,0.029506718739867,-0.057933196425438,-5.6165108617279e-06,-0.065444275736809,5.5787918427086e-06,0.0,0.0,-0.072163708508015,-0.0091430945321918,-0.045498095452785,0.071528106927872,-5.66401058677e-06,-0.072163708508015,0.0,0.0,0.0,20.417921066284,0.0068429545499384,1.5624092817307,0,0,0,0,0,0,0,0,0,0,0,0,0,0,0,0,0,0,0,0,0,0,0,0,0,0,0,0,0,0,0,0
994,0.0,0.0,26.420824050903,11.283842086792,0.0,0.0,0.0,0.0,0.0,2.6712791919708,1.3923910856247,-3.1408584117889,-0.044637814164162,0.029505832120776,-0.05793609842658,-3.5017360460188e-06,-0.065447449684143,5.247443823464e-06,0.0,0.0,-0.073330268263817,-0.0071576191112399,-0.033997051417828,0.071756951510906,-5.9463482102728e-06,-0.073330268263817,0.0,0.0,0.0,20.416870117188,0.0068236328661442,1.5619142055511,0,0,0,0,0,0,0,0,0,0,0,0,0,0,0,0,0,0,0,0,0,0,0,0,0,0,0,0,0,0,0,0
995,0.0,0.0,26.701843261719,7.1630673408508,0.0,0.0,0.0,0.0,0.0,2.6717069149017,1.4574117660522,-3.1404345035553,-0.044361311942339,0.029306557029486,-0.057549253106117,-3.357655941727e-06,-0.065014332532883,2.4174494228646e-06,0.0,0.0,-0.074142053723335,-0.0049118944443762,-0.022474158555269,0.071895375847816,-7.1666481744614e-06,-0.074142053723335,0.0,0.0,0.0,20.419149398804,0.0069531388580799,1.5615698099136,0,0,0,0,0,0,0,0,0,0,0,0,0,0,0,0,0,0,0,0,0,0,0,0,0,0,0,0,0,0,0,0
996,0.0,0.0,26.871631622314,3.0427830219269,0.0,0.0,0.0,0.0,0.0,2.6732206344604,1.5219995975494,-3.1389241218567,-0.044059194624424,0.029115755110979,-0.057176887989044,-1.0382059372205e-06,-0.064582280814648,3.0598937428294e-06,0.0,0.0,-0.074634589254856,-0.0029735565185547,-0.010955961421132,0.071895614266396,-1.0176797331951e-05,-0.074634589254856,0.0,0.0,0.0,20.425960540771,0.0069198356941342,1.5614145994186,0,0,0,0,0,0,0,0,0,0,0,0,0,0,0,0,0,0,0,0,0,0,0,0,0,0,0,0,0,0,0,0
997,0.0,0.0,26.943264007568,1.0367238521576,0.0,0.0,0.0,0.0,0.0,-0.47950795292854,1.555438876152,-0.0084677888080478,-0.043760847300291,0.02892829105258,-0.056797906756401,-3.4546687857073e-06,-0.06414657831192,6.7380469772615e-06,0.0,0.0,-0.074834518134594,-0.0012594648869708,0.00046713024494238,0.071186013519764,-9.2666741693392e-06,-0.074834518134594,0.0,0.0,0.0,20.433086395264,0.006506662350148,1.5609337091446,0,0,0,0,0,0,0,0,0,0,0,0,0,0,0,0,0,0,0,0,0,0,0,0,0,0,0,0,0,0,0,0
998,0.0,0.0,26.874029159546,5.1031794548035,0.0,0.0,0.0,0.0,0.0,-0.4726767539978,1.4917198419571,-0.0016353421378881,-0.043456431478262,0.028737341985106,-0.056425850838423,-1.829048756008e-06,-0.063713446259499,6.9871343839623e-06,0.0,0.0,-0.074656158685684,0.0012021515285596,0.011844566091895,0.070959307253361,-6.2159224398783e-06,-0.074656158685684,0.0,0.0,0.0,20.43807220459,0.0065074558369815,1.5606834888458,0,0,0,0,0,0,0,0,0,0,0,0,0,0,0,0,0,0,0,0,0,0,0,0,0,0,0,0,0,0,0,0
999,0.0,0.0,26.675317764282,9.1439447402954,0.0,0.0,0.0,0.0,0.0,-0.47194829583168,1.4284356832504,-0.00090411264682189,-0.043159049004316,0.028544737026095,-0.056042339652777,-3.5125660815538e-06,-0.063277304172516,8.9151417341782e-06,0.0,0.0,-0.074124537408352,0.0034634913317859,0.023142974823713,0.070510655641556,-4.6695104174432e-06,-0.074124537408352,0.0,0.0,0.0,20.436098098755,0.0067530199885368,1.5606237649918,0,0,0,0,0,0,0,0,0,0,0,0,0,0,0,0,0,0,0,0,0,0,0,0,0,0,0,0,0,0,0,0
1000,0.0,0.0,26.372724533081,13.144452095032,0.0,0.0,0.0,0.0,0.0,-0.47166505455971,1.3655858039856,-0.00061848654877394,-0.042859185487032,0.028349889442325,-0.05566555634141,-1.4433212527365e-06,-0.062843859195709,7.1721365202393e-06,0.0,0.0,-0.073294788599014,0.0052783265709877,0.034326627850533,0.069808565080166,-2.9241728043417e-06,-0.073294788599014,0.0,0.0,0.0,20.440670013428,0.0068526356481016,1.5606327056885,0,0,0,0,0,0,0,0,0,0,0,0,0,0,0,0,0,0,0,0,0,0,0,0,0,0,0,0,0,0,0,0
1001,0.0,0.0,25.964509963989,17.063652038574,0.0,0.0,0.0,0.0,0.0,-0.47151461243629,1.3031711578369,-0.0004655527882278,-0.042562946677208,0.028153548017144,-0.055278237909079,-2.2388160232367e-06,-0.062407784163952,8.027480362216e-06,0.0,0.0,-0.072166256606579,0.0071216295473278,0.045305661857128,0.068389587104321,-3.0670437354274e-06,-0.072166256606579,0.0,0.0,0.0,20.435037612915,0.0069734142161906,1.560178399086,0,0,0,0,0,0,0,0,0,0,0,0,0,0,0,0,0,0,0,0,0,0,0,0,0,0,0,0,0,0,0,0
1002,0.0,0.0,25.461187362671,20.938812255859,0.0,0.0,0.0,0.0,0.0,-0.47141766548157,1.2411911487579,-0.00036745046963915,-0.042265493422747,0.027957372367382,-0.054898772388697,-1.2198191257085e-07,-0.061974052339792,5.5220020840352e-06,0.0,0.0,-0.070764735341072,0.0087825171649456,0.056151051074266,0.067621327936649,-2.1113439743203e-06,-0.070764735341072,0.0,0.0,0.0,20.437767028809,0.0069532482884824,1.5599172115326,0,0,0,0,0,0,0,0,0,0,0,0,0,0,0,0,0,0,0,0,0,0,0,0,0,0,0,0,0,0,0,0
1003,0.0,0.0,24.874677658081,24.754325866699,0.0,0.0,0.0,0.0,0.0,-0.47135025262833,1.1796463727951,-0.00029919325606897,-0.041968334466219,0.027759680524468,-0.054510373622179,-4.7567249339409e-07,-0.061538085341454,6.2214253375714e-06,0.0,0.0,-0.069118596613407,0.010233655571938,0.066826693713665,0.06658049672842,-2.8727085918945e-06,-0.069118596613407,0.0,0.0,0.0,20.440061569214,0.0066929222084582,1.5596516132355,0,0,0,0,0,0,0,0,0,0,0,0,0,0,0,0,0,0,0,0,0,0,0,0,0,0,0,0,0,0,0,0
1004,0.0,0.0,24.199909210205,28.495725631714,0.0,0.0,0.0,0.0,0.0,-0.47129866480827,1.118536233902,-0.00024828288587742,-0.041671667248011,0.027563810348511,-0.054129887372255,1.2423084854163e-06,-0.061103943735361,3.5633397601487e-06,0.0,0.0,-0.067221984267235,0.011774905957282,0.077299609780312,0.065287329256535,-2.0338945887488e-06,-0.067221984267235,0.0,0.0,0.0,20.4437084198,0.0064128278754652,1.5592377185822,0,0,0,0,0,0,0,0,0,0,0,0,0,0,0,0,0,0,0,0,0,0,0,0,0,0,0,0,0,0,0,0
1005,0.0,0.0,23.430122375488,32.169158935547,0.0,0.0,0.0,0.0,0.0,-0.47125831246376,1.0578615665436,-0.00020894515910186,-0.041372761130333,0.027365928515792,-0.053741775453091,1.0221206139249e-06,-0.06066807731986,4.3713757804653e-06,0.0,0.0,-0.065066188573837,0.013432485982776,0.08757970482111,0.064101241528988,-2.8378992737998e-06,-0.065066188573837,0.0,0.0,0.0,20.45023727417,0.0063053332269192,1.5588667392731,0,0,0,0,0,0,0,0,0,0,0,0,0,0,0,0,0,0,0,0,0,0,0,0,0,0,0,0,0,0,0,0
1006,0.0,0.0,22.573530197144,35.787899017334,0.0,0.0,0.0,0.0,0.0,-0.47122493386269,0.9976219534874,-0.00017809435667004,-0.041076265275478,0.027170913293958,-0.053360793739557,2.1375942651503e-06,-0.060233417898417,1.713077608656e-06,0.0,0.0,-0.062672324478626,0.014948396012187,0.097692489624023,0.063146471977234,-1.9357528344699e-06,-0.062672324478626,0.0,0.0,0.0,20.454542160034,0.0062676118686795,1.5587785243988,0,0,0,0,0,0,0,0,0,0,0,0,0,0,0,0,0,0,0,0,0,0,0,0,0,0,0,0,0,0,0,0
1007,0.0,0.0,21.641044616699,39.315528869629,0.0,0.0,0.0,0.0,0.0,-0.47119724750519,0.93781781196594,-0.0001531394518679,-0.040775641798973,0.02697329595685,-0.05297339707613,1.9222502487537e-06,-0.059797648340464,2.6554594114714e-06,0.0,0.0,-0.060067977756262,0.016272246837616,0.10756316035986,0.061556708067656,-2.6996012820746e-06,-0.060067977756262,0.0,0.0,0.0,20.463182449341,0.0063620824366808,1.5584063529968,0,0,0,0,0,0,0,0,0,0,0,0,0,0,0,0,0,0,0,0,0,0,0,0,0,0,0,0,0,0,0,0
1008,0.0,0.0,20.652940750122,42.782440185547,0.0,0.0,0.0,0.0,0.0,-0.47117358446121,0.87844896316528,-0.00013358693104237,-0.040480017662048,0.026778694242239,-0.052590943872929,2.5016902327479e-06,-0.059362672269344,-5.8742988251481e-09,0.0,0.0,-0.05729877576232,0.017244240269065,0.11725256592035,0.060496609658003,-1.4219416470951e-06,-0.05729877576232,0.0,0.0,0.0,20.46152305603,0.0062252976931632,1.5581533908844,0,0,0,0,0,0,0,0,0,0,0,0,0,0,0,0,0,0,0,0,0,0,0,0,0,0,0,0,0,0,0,0
1009,0.0,0.0,19.597948074341,46.172149658203,0.0,0.0,0.0,0.0,0.0,-0.47115316987038,0.81951570510864,-0.00011747514508897,-0.040176823735237,0.02658174186945,-0.05220478028059,2.1350376755436e-06,-0.058926831930876,1.0139242476725e-06,0.0,0.0,-0.054347053170204,0.018410619348288,0.12672807276249,0.059149671345949,-2.4891376142477e-06,-0.054347053170204,0.0,0.0,0.0,20.449848175049,0.0062265847809613,1.5578384399414,0,0,0,0,0,0,0,0,0,0,0,0,0,0,0,0,0,0,0,0,0,0,0,0,0,0,0,0,0,0,0,0
1010,0.0,0.0,18.495464324951,49.496711730957,0.0,0.0,0.0,0.0,0.0,-0.4711354970932,0.76101797819138,-0.0001052140360116,-0.039882339537144,0.026387983933091,-0.051822606474161,2.3086181499821e-06,-0.058491423726082,-1.4513715314024e-06,0.0,0.0,-0.05125755444169,0.019240697845817,0.13601572811604,0.058012284338474,-1.2662189874391e-06,-0.05125755444169,0.0,0.0,0.0,20.454740524292,0.0060915695503354,1.5575543642044,0,0,0,0,0,0,0,0,0,0,0,0,0,0,0,0,0,0,0,0,0,0,0,0,0,0,0,0,0,0,0,0
1011,0.0,0.0,17.331226348877,52.757740020752,0.0,0.0,0.0,0.0,0.0,-0.4711200594902,0.70295596122742,-9.5124007202685e-05,-0.039577964693308,0.026191478595138,-0.051437634974718,1.9704132228071e-06,-0.05805566906929,-3.4144531468883e-07,0.0,0.0,-0.048005428165197,0.020317805930972,0.14511993527412,0.056903801858425,-1.9977194369858e-06,-0.048005428165197,0.0,0.0,0.0,20.447988510132,0.0061471122317016,1.5574158430099,0,0,0,0,0,0,0,0,0,0,0,0,0,0,0,0,0,0,0,0,0,0,0,0,0,0,0,0,0,0,0,0
1012,0.0,0.0,16.130680084229,55.955738067627,0.0,0.0,0.0,0.0,0.0,-0.47110685706139,0.6453298330307,-8.8023189164232e-05,-0.039283629506826,0.025998873636127,-0.051055442541838,1.4018949059391e-06,-0.057619724422693,-2.5526749141136e-06,0.0,0.0,-0.044647160917521,0.020952122285962,0.15404385328293,0.055803518742323,-1.3419382867141e-06,-0.044647160917521,0.0,0.0,0.0,20.444274902344,0.0060776933096349,1.5572749376297,0,0,0,0,0,0,0,0,0,0,0,0,0,0,0,0,0,0,0,0,0,0,0,0,0,0,0,0,0,0,0,0
1013,0.0,0.0,14.893769264221,59.08638381958,0.0,0.0,0.0,0.0,0.0,-0.47109547257423,0.58813953399658,-8.232378604589e-05,-0.038978360593319,0.02580319903791,-0.050671901553869,9.1148331193835e-07,-0.057183932512999,-1.2807539633286e-06,0.0,0.0,-0.041187170892954,0.021586399525404,0.16278119385242,0.054628401994705,-1.7711298596623e-06,-0.041187170892954,0.0,0.0,0.0,20.443775177002,0.0060190646909177,1.5570528507233,0,0,0,0,0,0,0,0,0,0,0,0,0,0,0,0,0,0,0,0,0,0,0,0,0,0,0,0,0,0,0,0
1014,0.0,0.0,13.624377250671,62.155097961426,0.0,0.0,0.0,0.0,0.0,-0.47108602523804,0.53138548135757,-7.8926314017735e-05,-0.038684640079737,0.025610724464059,-0.050288964062929,-1.3942791809995e-08,-0.056747578084469,-3.3372045891156e-06,0.0,0.0,-0.037637211382389,0.022153954952955,0.17134469747543,0.053547196090221,-1.1173767688888e-06,-0.037637211382389,0.0,0.0,0.0,20.43609046936,0.0059815114364028,1.5567946434021,0,0,0,0,0,0,0,0,0,0,0,0,0,0,0,0,0,0,0,0,0,0,0,0,0,0,0,0,0,0,0,0
1015,0.0,0.0,12.325262069702,65.171020507812,0.0,0.0,0.0,0.0,0.0,-0.47107797861099,0.47506746649742,-7.6289361459203e-05,-0.038379151374102,0.025415515527129,-0.049906600266695,-4.863990739068e-07,-0.056311756372452,-1.9648350644275e-06,0.0,0.0,-0.034007381647825,0.02267238125205,0.17975655198097,0.052626106888056,-1.4585576764148e-06,-0.034007381647825,0.0,0.0,0.0,20.43957901001,0.0059614791534841,1.5566076040268,0,0,0,0,0,0,0,0,0,0,0,0,0,0,0,0,0,0,0,0,0,0,0,0,0,0,0,0,0,0,0,0
1016,0.0,0.0,11.006336212158,68.128089904785,0.0,0.0,0.0,0.0,0.0,-0.47107157111168,0.41918587684631,-7.5369665864855e-05,-0.038086015731096,0.025222830474377,-0.049522817134857,-1.6123050272654e-06,-0.055875044316053,-3.8775224311394e-06,0.0,0.0,-0.030320875346661,0.023018734529614,0.18800640106201,0.051598776131868,-8.6621548689436e-07,-0.030320875346661,0.0,0.0,0.0,20.43185043335,0.0059430813416839,1.556307554245,0,0,0,0,0,0,0,0,0,0,0,0,0,0,0,0,0,0,0,0,0,0,0,0,0,0,0,0,0,0,0,0
1017,0.0,0.0,9.6639156341553,71.052612304688,0.0,0.0,0.0,0.0,0.0,-0.47106626629829,0.36374047398567,-7.4699928518385e-05,-0.037780772894621,0.025027947500348,-0.049141455441713,-2.0186939764244e-06,-0.055439200252295,-2.4008857053559e-06,0.0,0.0,-0.026574185118079,0.023428559303284,0.1961510181427,0.051031138747931,-1.1007937246177e-06,-0.026574185118079,0.0,0.0,0.0,20.423866271973,0.0058922781608999,1.5563089847565,0,0,0,0,0,0,0,0,0,0,0,0,0,0,0,0,0,0,0,0,0,0,0,0,0,0,0,0,0,0,0,0
1018,0.0,0.0,8.3109493255615,73.917633056641,0.0,0.0,0.0,0.0,0.0,-0.47106239199638,0.30873170495033,-7.5255702540744e-05,-0.037488095462322,0.02483482286334,-0.048756793141365,-3.2524608286622e-06,-0.055002193897963,-4.1780645005929e-06,0.0,0.0,-0.022797118872404,0.023613039404154,0.20413836836815,0.049992382526398,-6.6265272380406e-07,-0.022797118872404,0.0,0.0,0.0,20.421960830688,0.0058934935368598,1.5560734272003,0,0,0,0,0,0,0,0,0,0,0,0,0,0,0,0,0,0,0,0,0,0,0,0,0,0,0,0,0,0,0,0
1019,0.0,0.0,6.9594984054565,76.734397888184,0.0,0.0,0.0,0.0,0.0,-0.47105941176414,0.25415927171707,-7.5654250395019e-05,-0.037183422595263,0.024640111252666,-0.048376213759184,-3.5385844512348e-06,-0.054566290229559,-2.6147761218454e-06,0.0,0.0,-0.01901731826365,0.023586427792907,0.21199424564838,0.049150492995977,-8.4954916701463e-07,-0.01901731826365,0.0,0.0,0.0,20.421113967896,0.0057700257748365,1.5556576251984,0,0,0,0,0,0,0,0,0,0,0,0,0,0,0,0,0,0,0,0,0,0,0,0,0,0,0,0,0,0,0,0
1020,0.0,0.0,5.5938110351562,79.515319824219,0.0,0.0,0.0,0.0,0.0,-0.47105765342712,0.20002363622189,-7.6871008786839e-05,-0.036890972405672,0.024446370080113,-0.047990661114454,-4.7828493734414e-06,-0.054129060357809,-4.2726155697892e-06,0.0,0.0,-0.015205588191748,0.023835318163037,0.21974627673626,0.048524811863899,-4.2249800458194e-07,-0.015205588191748,0.0,0.0,0.0,20.415493011475,0.0057626976631582,1.5553498268127,0,0,0,0,0,0,0,0,0,0,0,0,0,0,0,0,0,0,0,0,0,0,0,0,0,0,0,0,0,0,0,0
1021,0.0,0.0,4.2217245101929,82.261619567871,0.0,0.0,0.0,0.0,0.0,-0.47105658054352,0.14632442593575,-7.7626878919546e-05,-0.036587104201317,0.024251645430923,-0.047610517591238,-4.8958922889142e-06,-0.05369308963418,-2.6614013677317e-06,0.0,0.0,-0.011380982585251,0.023946898058057,0.22740009427071,0.047920901328325,-5.23239634731e-07,-0.011380982585251,0.0,0.0,0.0,20.413196563721,0.0058221532963216,1.5550845861435,0,0,0,0,0,0,0,0,0,0,0,0,0,0,0,0,0,0,0,0,0,0,0,0,0,0,0,0,0,0,0,0
1022,0.0,0.0,2.8523559570312,84.982711791992,0.0,0.0,0.0,0.0,0.0,-0.47105658054352,0.093062184751034,-7.8879202192184e-05,-0.036294613033533,0.024057153612375,-0.047224026173353,-6.0787865550083e-06,-0.053255699574947,-4.2197430047963e-06,0.0,0.0,-0.0075645307078958,0.023899763822556,0.23497706651688,0.047480713576078,-2.2880256267399e-07,-0.0075645307078958,0.0,0.0,0.0,20.410800933838,0.0058119734749198,1.5549122095108,0,0,0,0,0,0,0,0,0,0,0,0,0,0,0,0,0,0,0,0,0,0,0,0,0,0,0,0,0,0,0,0
1023,0.0,0.0,1.4828782081604,87.678100585938,0.0,0.0,0.0,0.0,0.0,-0.47105705738068,0.040236473083496,-7.9468838521279e-05,-0.035991623997688,0.023862281814218,-0.046843994408846,-5.9605818023556e-06,-0.052819646894932,-2.6106333734788e-06,0.0,0.0,-0.0037528823595494,0.023901641368866,0.24247916042805,0.047032658010721,-2.534354450745e-07,-0.0037528823595494,0.0,0.0,0.0,20.403657913208,0.005856825504452,1.5548222064972,0,0,0,0,0,0,0,0,0,0,0,0,0,0,0,0,0,0,0,0,0,0,0,0,0,0,0,0,0,0,0,0
1024,0.0,0.0,0.12671791017056,90.363502502441,0.0,0.0,0.0,0.0,0.0,-0.47105842828751,-0.012152175419033,-8.0319499829784e-05,-0.035698790103197,0.023666977882385,-0.046456560492516,-7.029614152998e-06,-0.052382159978151,-4.0759741750662e-06,0.0,0.0,2.4049362764345e-05,0.023669438436627,0.24994041025639,0.046858094632626,-2.4219177774398e-08,2.4049362764345e-05,0.0,0.0,0.0,20.400634765625,0.0056967693381011,1.5549287796021,0,0,0,0,0,0,0,0,0,0,0,0,0,0,0,0,0,0,0,0,0,0,0,0,0,0,0,0,0,0,0,0
1025,0.0,0.0,1.2149782180786,93.002281188965,0.0,0.0,0.0,0.0,0.0,-0.47106009721756,-0.064104199409485,-8.041084947763e-05,-0.035396672785282,0.02347188256681,-0.046076316386461,-6.6443149080442e-06,-0.051946017891169,-2.517572738725e-06,0.0,0.0,0.003762126667425,0.0234170332551,0.25728896260262,0.04604472219944,1.7731128565401e-08,0.003762126667425,0.0,0.0,0.0,20.38477897644,0.0056753917597234,1.5546292066574,0,0,0,0,0,0,0,0,0,0,0,0,0,0,0,0,0,0,0,0,0,0,0,0,0,0,0,0,0,0,0,0
1026,0.0,0.0,2.5388803482056,95.635108947754,0.0,0.0,0.0,0.0,0.0,-0.47106251120567,-0.11561908572912,-8.060981053859e-05,-0.035103216767311,0.02327580191195,-0.045688066631556,-7.5742682383861e-06,-0.051508475095034,-3.8966713873378e-06,0.0,0.0,0.0074516925960779,0.023106541484594,0.26460957527161,0.045940842479467,8.8579930945798e-08,0.0074516925960779,0.0,0.0,0.0,20.381996154785,0.0054853013716638,1.5545079708099,0,0,0,0,0,0,0,0,0,0,0,0,0,0,0,0,0,0,0,0,0,0,0,0,0,0,0,0,0,0,0,0
1027,0.0,0.0,3.85333943367,98.272407531738,0.0,0.0,0.0,0.0,0.0,-0.47106501460075,-0.16669726371765,-8.0048812378664e-05,-0.034801885485649,0.023080516606569,-0.045307446271181,-6.9217849159031e-06,-0.051072232425213,-2.4309927084687e-06,0.0,0.0,0.011108020320535,0.022941838949919,0.27192568778992,0.046019207686186,1.9992192790141e-07,0.011108020320535,0.0,0.0,0.0,20.379970550537,0.0052406131289899,1.5547721385956,0,0,0,0,0,0,0,0,0,0,0,0,0,0,0,0,0,0,0,0,0,0,0,0,0,0,0,0,0,0,0,0
1028,0.0,0.0,5.1633939743042,100.85971832275,0.0,0.0,0.0,0.0,0.0,-0.47106811404228,-0.21733826398849,-7.9512123193126e-05,-0.034507598727942,0.022883770987391,-0.044918552041054,-7.7132353908382e-06,-0.050634678453207,-3.7184215671004e-06,0.0,0.0,0.014739458449185,0.022864982485771,0.27912873029709,0.045146595686674,2.1726724241944e-07,0.014739458449185,0.0,0.0,0.0,20.375318527222,0.0055073359981179,1.5545936822891,0,0,0,0,0,0,0,0,0,0,0,0,0,0,0,0,0,0,0,0,0,0,0,0,0,0,0,0,0,0,0,0
1029,0.0,0.0,6.4369668960571,103.44702148438,0.0,0.0,0.0,0.0,0.0,-0.47107112407684,-0.26754248142242,-7.8299759479705e-05,-0.034206960350275,0.022688336670399,-0.044537421315908,-6.8123981691315e-06,-0.050198327749968,-2.3827410586819e-06,0.0,0.0,0.018279111012816,0.022228449583054,0.28632178902626,0.045146871358156,4.0753999996923e-07,0.018279111012816,0.0,0.0,0.0,20.375600814819,0.0054510794579983,1.5544805526733,0,0,0,0,0,0,0,0,0,0,0,0,0,0,0,0,0,0,0,0,0,0,0,0,0,0,0,0,0,0,0,0
1030,0.0,0.0,7.6944766044617,106.02135467529,0.0,0.0,0.0,0.0,0.0,-0.47107461094856,-0.3173094689846,-7.7082324423827e-05,-0.03391170501709,0.022491067647934,-0.044148102402687,-7.4807990131376e-06,-0.049760799854994,-3.5714597288461e-06,0.0,0.0,0.02176664583385,0.021947970613837,0.29348027706146,0.044920448213816,2.8769349569302e-07,0.02176664583385,0.0,0.0,0.0,20.375772476196,0.0055446983315051,1.5543739795685,0,0,0,0,0,0,0,0,0,0,0,0,0,0,0,0,0,0,0,0,0,0,0,0,0,0,0,0,0,0,0,0
1031,0.0,0.0,8.9343395233154,108.60929870605,0.0,0.0,0.0,0.0,0.0,-0.47107782959938,-0.36663964390755,-7.5345546065364e-05,-0.03361164778471,0.022295529022813,-0.043766304850578,-6.3589041019441e-06,-0.049324329942465,-2.398764308964e-06,0.0,0.0,0.025197168812156,0.021640198305249,0.3006594479084,0.045158393681049,5.1588665428426e-07,0.025197168812156,0.0,0.0,0.0,20.375652313232,0.0056166579015553,1.5546576976776,0,0,0,0,0,0,0,0,0,0,0,0,0,0,0,0,0,0,0,0,0,0,0,0,0,0,0,0,0,0,0,0
1032,0.0,0.0,10.142295837402,111.17903137207,0.0,0.0,0.0,0.0,0.0,-0.47108143568039,-0.41553255915642,-7.3617899033707e-05,-0.033315353095531,0.022097876295447,-0.0433767773211,-6.9092293415451e-06,-0.048886850476265,-3.4770637284964e-06,0.0,0.0,0.028540413826704,0.021083200350404,0.30779635906219,0.044840443879366,3.8385920220207e-07,0.028540413826704,0.0,0.0,0.0,20.374660491943,0.0057307137176394,1.5547152757645,0,0,0,0,0,0,0,0,0,0,0,0,0,0,0,0,0,0,0,0,0,0,0,0,0,0,0,0,0,0,0,0
1033,0.0,0.0,11.316144943237,113.7555847168,0.0,0.0,0.0,0.0,0.0,-0.47108459472656,-0.46398860216141,-7.1574140747543e-05,-0.033015813678503,0.021902330219746,-0.04299433529377,-5.6333724387514e-06,-0.048450276255608,-2.4891792236303e-06,0.0,0.0,0.03179057314992,0.020488193258643,0.31494274735451,0.044959869235754,6.5276765326416e-07,0.03179057314992,0.0,0.0,0.0,20.367172241211,0.0057126143947244,1.5549093484879,0,0,0,0,0,0,0,0,0,0,0,0,0,0,0,0,0,0,0,0,0,0,0,0,0,0,0,0,0,0,0,0
1034,0.0,0.0,12.456330299377,116.30170440674,0.0,0.0,0.0,0.0,0.0,-0.47108802199364,-0.51200741529465,-6.9574824010488e-05,-0.032718520611525,0.021704459562898,-0.042604859918356,-6.0961519920966e-06,-0.048012860119343,-3.4394302019791e-06,0.0,0.0,0.034946914762259,0.019900472834706,0.32202461361885,0.044428694993258,4.7942756964403e-07,0.034946914762259,0.0,0.0,0.0,20.362405776978,0.0058742286637425,1.5546565055847,0,0,0,0,0,0,0,0,0,0,0,0,0,0,0,0,0,0,0,0,0,0,0,0,0,0,0,0,0,0,0,0
1035,0.0,0.0,13.574330329895,118.85901641846,0.0,0.0,0.0,0.0,0.0,-0.47109085321426,-0.55958932638168,-6.7501714511309e-05,-0.032419603317976,0.021509055048227,-0.042221996933222,-4.743279532704e-06,-0.047576185315847,-2.6544405500317e-06,0.0,0.0,0.038031321018934,0.019513478502631,0.32912716269493,0.044624354690313,7.1016643232724e-07,0.038031321018934,0.0,0.0,0.0,20.36078453064,0.0061402674764395,1.5546773672104,0,0,0,0,0,0,0,0,0,0,0,0,0,0,0,0,0,0,0,0,0,0,0,0,0,0,0,0,0,0,0,0
1036,0.0,0.0,14.648347854614,121.42729949951,0.0,0.0,0.0,0.0,0.0,-0.47109392285347,-0.60673397779465,-6.5497719333507e-05,-0.032121405005455,0.021311171352863,-0.04183292761445,-5.1181386879762e-06,-0.047138839960098,-3.4461611448933e-06,0.0,0.0,0.040998663753271,0.018745729699731,0.33625015616417,0.044815875589848,5.822590196658e-07,0.040998663753271,0.0,0.0,0.0,20.356838226318,0.0062055485323071,1.5548087358475,0,0,0,0,0,0,0,0,0,0,0,0,0,0,0,0,0,0,0,0,0,0,0,0,0,0,0,0,0,0,0,0
1037,0.0,0.0,15.675004959106,123.98345947266,0.0,0.0,0.0,0.0,0.0,-0.47109624743462,-0.65344166755676,-6.3750419940334e-05,-0.031822744756937,0.021116396412253,-0.041450317949057,-3.8343282540154e-06,-0.046701993793249,-3.1474671686738e-06,0.0,0.0,0.043840896338224,0.017919039353728,0.34334808588028,0.044604752212763,4.9188525963473e-07,0.043840896338224,0.0,0.0,0.0,20.356187820435,0.0061996979638934,1.5546716451645,0,0,0,0,0,0,0,0,0,0,0,0,0,0,0,0,0,0,0,0,0,0,0,0,0,0,0,0,0,0,0,0
1038,0.0,0.0,16.678192138672,126.55046844482,0.0,0.0,0.0,0.0,0.0,-0.47109830379486,-0.69971227645874,-6.2321640143637e-05,-0.031524393707514,0.020919900387526,-0.041063982993364,-3.4698009585554e-06,-0.046264968812466,-3.2966509024845e-06,0.0,0.0,0.046605262905359,0.017509881407022,0.35046738386154,0.044793888926506,9.7208828719886e-07,0.046605262905359,0.0,0.0,0.0,20.350969314575,0.006387725006789,1.5547816753387,0,0,0,0,0,0,0,0,0,0,0,0,0,0,0,0,0,0,0,0,0,0,0,0,0,0,0,0,0,0,0,0
1039,0.0,0.0,17.635507583618,129.12701416016,0.0,0.0,0.0,0.0,0.0,-0.4711000919342,-0.74554580450058,-6.1137150623836e-05,-0.03122603520751,0.020723722875118,-0.040678229182959,-3.0761373182031e-06,-0.045827943831682,-3.584299065551e-06,0.0,0.0,0.049245610833168,0.0167092140764,0.35760572552681,0.044960517436266,8.8199044512294e-07,0.049245610833168,0.0,0.0,0.0,20.343709945679,0.0064473510719836,1.5549722909927,0,0,0,0,0,0,0,0,0,0,0,0,0,0,0,0,0,0,0,0,0,0,0,0,0,0,0,0,0,0,0,0
1040,0.0,0.0,18.537498474121,131.70603942871,0.0,0.0,0.0,0.0,0.0,-0.47110196948051,-0.79094219207764,-6.0014073824277e-05,-0.030926924198866,0.020525213330984,-0.040289357304573,-3.4750080430968e-06,-0.045390691608191,-3.8366483749996e-06,0.0,0.0,0.051741763949394,0.0157440174371,0.36474919319153,0.045003864914179,1.3135578456058e-06,0.051741763949394,0.0,0.0,0.0,20.345045089722,0.0062909205444157,1.5550858974457,0,0,0,0,0,0,0,0,0,0,0,0,0,0,0,0,0,0,0,0,0,0,0,0,0,0,0,0,0,0,0,0
1041,0.0,0.0,19.390104293823,134.26432800293,0.0,0.0,0.0,0.0,0.0,-0.47110331058502,-0.83590149879456,-5.9361707826611e-05,-0.030627513304353,0.020329101011157,-0.039902672171593,-1.8212449504063e-06,-0.044953837990761,-3.4847726055887e-06,0.0,0.0,0.054105214774609,0.014882314018905,0.37185114622116,0.044642202556133,1.5599292737534e-06,0.054105214774609,0.0,0.0,0.0,20.34566116333,0.0061582676135004,1.5548135042191,0,0,0,0,0,0,0,0,0,0,0,0,0,0,0,0,0,0,0,0,0,0,0,0,0,0,0,0,0,0,0,0
1042,0.0,0.0,20.203409194946,136.82862854004,0.0,0.0,0.0,0.0,0.0,-0.47110432386398,-0.88042360544205,-5.9085341490572e-05,-0.030327381566167,0.020130949094892,-0.039514649659395,-2.2116175841802e-06,-0.044516615569592,-3.7548420550593e-06,0.0,0.0,0.056355260312557,0.014195874333382,0.37896457314491,0.044747453182936,1.0016755140896e-06,0.056355260312557,0.0,0.0,0.0,20.342180252075,0.0060753878206015,1.5546406507492,0,0,0,0,0,0,0,0,0,0,0,0,0,0,0,0,0,0,0,0,0,0,0,0,0,0,0,0,0,0,0,0
1043,0.0,0.0,20.98747253418,139.41059875488,0.0,0.0,0.0,0.0,0.0,-0.47110417485237,-0.92450881004333,-5.9741498262156e-05,-0.03002961166203,0.019935173913836,-0.039128161966801,-7.0776417260277e-07,-0.044079806655645,-3.6427775285119e-06,0.0,0.0,0.058511469513178,0.013685985468328,0.38611289858818,0.045055601745844,1.5034669331726e-06,0.058511469513178,0.0,0.0,0.0,20.342319488525,0.0061721135862172,1.5548099279404,0,0,0,0,0,0,0,0,0,0,0,0,0,0,0,0,0,0,0,0,0,0,0,0,0,0,0,0,0,0,0,0
1044,0.0,0.0,21.718168258667,141.97782897949,0.0,0.0,0.0,0.0,0.0,-0.47110387682915,-0.96815693378448,-6.0647646023426e-05,-0.029728645458817,0.01973726041615,-0.038740817457438,-1.2021297379761e-06,-0.043642666190863,-3.7323629840103e-06,0.0,0.0,0.060524921864271,0.012754266150296,0.39323055744171,0.044798854738474,1.2363728956188e-06,0.060524921864271,0.0,0.0,0.0,20.345453262329,0.0062206475995481,1.5547020435333,0,0,0,0,0,0,0,0,0,0,0,0,0,0,0,0,0,0,0,0,0,0,0,0,0,0,0,0,0,0,0,0
1045,0.0,0.0,22.410232543945,144.55770874023,0.0,0.0,0.0,0.0,0.0,-0.47110235691071,-1.0113681554794,-6.2713763327338e-05,-0.029431771486998,0.019541786983609,-0.038354761898518,1.0816859941087e-07,-0.043205834925175,-3.7790728129039e-06,0.0,0.0,0.06242522969842,0.012080383487046,0.40037149190903,0.045019745826721,1.5756389757371e-06,0.06242522969842,0.0,0.0,0.0,20.336870193481,0.0063444217666984,1.5548338890076,0,0,0,0,0,0,0,0,0,0,0,0,0,0,0,0,0,0,0,0,0,0,0,0,0,0,0,0,0,0,0,0
1046,0.0,0.0,23.038516998291,147.13310241699,0.0,0.0,0.0,0.0,0.0,-0.47110068798065,-1.0541422367096,-6.5031985286623e-05,-0.029130855575204,0.019343975931406,-0.037967968732119,-5.3158203172643e-07,-0.042768735438585,-3.7893901208008e-06,0.0,0.0,0.064161106944084,0.010967217385769,0.40750056505203,0.044941563159227,1.5933029544613e-06,0.064161106944084,0.0,0.0,0.0,20.332736968994,0.0062050968408585,1.554842710495,0,0,0,0,0,0,0,0,0,0,0,0,0,0,0,0,0,0,0,0,0,0,0,0,0,0,0,0,0,0,0,0
1047,0.0,0.0,23.632247924805,149.71418762207,0.0,0.0,0.0,0.0,0.0,-0.47109770774841,-1.0964794158936,-6.8756780819967e-05,-0.028834378346801,0.019148528575897,-0.037581823766232,6.7238283918414e-07,-0.042331889271736,-3.9221449696925e-06,0.0,0.0,0.065791003406048,0.010364402085543,0.41463753581047,0.045040931552649,1.8411061546431e-06,0.065791003406048,0.0,0.0,0.0,20.331150054932,0.0062565430998802,1.5550420284271,0,0,0,0,0,0,0,0,0,0,0,0,0,0,0,0,0,0,0,0,0,0,0,0,0,0,0,0,0,0,0,0
1048,0.0,0.0,24.182752609253,152.29733276367,0.0,0.0,0.0,0.0,0.0,-0.47109445929527,-1.138379573822,-7.2811963036656e-05,-0.028533672913909,0.01895078830421,-0.037195485085249,-3.5882965931933e-08,-0.041894841939211,-3.8016444250388e-06,0.0,0.0,0.067297324538231,0.0096100261434913,0.4217737019062,0.045077174901962,1.9118251657346e-06,0.067297324538231,0.0,0.0,0.0,20.33296585083,0.0063733318820596,1.5553550720215,0,0,0,0,0,0,0,0,0,0,0,0,0,0,0,0,0,0,0,0,0,0,0,0,0,0,0,0,0,0,0,0
1049,0.0,0.0,24.677047729492,154.86248779297,0.0,0.0,0.0,0.0,0.0,-0.47108945250511,-1.179842710495,-7.8728109656367e-05,-0.028237227350473,0.018755240365863,-0.036809083074331,1.0918989801212e-06,-0.041457995772362,-3.9997917156143e-06,0.0,0.0,0.068654552102089,0.0086292931810021,0.42886802554131,0.044763118028641,2.1881780867261e-06,0.068654552102089,0.0,0.0,0.0,20.330947875977,0.0063998298719525,1.555447101593,0,0,0,0,0,0,0,0,0,0,0,0,0,0,0,0,0,0,0,0,0,0,0,0,0,0,0,0,0,0,0,0
1050,0.0,0.0,25.134387969971,157.42938232422,0.0,0.0,0.0,0.0,0.0,-0.4710838496685,-1.2208690643311,-8.5297811892815e-05,-0.027936838567257,0.018557587638497,-0.036423113197088,3.6048706419933e-07,-0.041021011769772,-3.7485442589968e-06,0.0,0.0,0.069900751113892,0.0079842871055007,0.43595838546753,0.044793881475925,2.2206734229258e-06,0.069900751113892,0.0,0.0,0.0,20.335041046143,0.0065925549715757,1.5557196140289,0,0,0,0,0,0,0,0,0,0,0,0,0,0,0,0,0,0,0,0,0,0,0,0,0,0,0,0,0,0,0,0
1051,0.0,0.0,25.539514541626,159.97906494141,0.0,0.0,0.0,0.0,0.0,-0.47107562422752,-1.2614583969116,-9.4579467258882e-05,-0.027640335261822,0.018361877650023,-0.036036465317011,1.3943475778433e-06,-0.040584176778793,-4.0013242141868e-06,0.0,0.0,0.07100622355938,0.0070732347667217,0.44300588965416,0.044493395835161,2.434376938254e-06,0.07100622355938,0.0,0.0,0.0,20.334453582764,0.006739251781255,1.5558533668518,0,0,0,0,0,0,0,0,0,0,0,0,0,0,0,0,0,0,0,0,0,0,0,0,0,0,0,0,0,0,0,0
1052,0.0,0.0,25.888832092285,162.52221679688,0.0,0.0,0.0,0.0,0.0,-0.47106581926346,-1.301610827446,-0.00010541838855715,-0.027340330183506,0.01816431991756,-0.03565077111125,6.5881590671779e-07,-0.040147244930267,-3.6319825085229e-06,0.0,0.0,0.071963973343372,0.0060993279330432,0.45002982020378,0.044379662722349,2.5769900275918e-06,0.071963973343372,0.0,0.0,0.0,20.327981948853,0.0067362133413553,1.5560392141342,0,0,0,0,0,0,0,0,0,0,0,0,0,0,0,0,0,0,0,0,0,0,0,0,0,0,0,0,0,0,0,0
1053,0.0,0.0,26.184576034546,165.0489654541,0.0,0.0,0.0,0.0,0.0,-0.47105148434639,-1.3413264751434,-0.00012092829274479,-0.027043784037232,0.017968406900764,-0.035263918340206,1.5842698530832e-06,-0.03971042484045,-3.928177193302e-06,0.0,0.0,0.072778649628162,0.0051644220948219,0.45700958371162,0.044093258678913,2.726573484324e-06,0.072778649628162,0.0,0.0,0.0,20.326337814331,0.0066319699399173,1.5561670064926,0,0,0,0,0,0,0,0,0,0,0,0,0,0,0,0,0,0,0,0,0,0,0,0,0,0,0,0,0,0,0,0
1054,0.0,0.0,26.435785293579,167.55764770508,0.0,0.0,0.0,0.0,0.0,-0.47103264927864,-1.3806051015854,-0.00014085514703766,-0.026744183152914,0.017770940437913,-0.034878395497799,8.6180409653025e-07,-0.039273545145988,-3.455092155491e-06,0.0,0.0,0.073468744754791,0.0043873502872884,0.46394035220146,0.043778251856565,2.9277009616635e-06,0.073468744754791,0.0,0.0,0.0,20.329801559448,0.0065689333714545,1.5562654733658,0,0,0,0,0,0,0,0,0,0,0,0,0,0,0,0,0,0,0,0,0,0,0,0,0,0,0,0,0,0,0,0
1055,0.0,0.0,26.6442527771,170.04014587402,0.0,0.0,0.0,0.0,0.0,-0.47100293636322,-1.4194470643997,-0.00017178175039589,-0.026447575539351,0.017574807628989,-0.034491401165724,1.6764699921623e-06,-0.038836758583784,-3.7841682569706e-06,0.0,0.0,0.074038855731487,0.003641466377303,0.47080433368683,0.043321367353201,3.0028832043172e-06,0.074038855731487,0.0,0.0,0.0,20.32869720459,0.0065706726163626,1.5562400817871,0,0,0,0,0,0,0,0,0,0,0,0,0,0,0,0,0,0,0,0,0,0,0,0,0,0,0,0,0,0,0,0
1056,0.0,0.0,26.797876358032,172.51251220703,0.0,0.0,0.0,0.0,0.0,-0.47095566987991,-1.4578521251678,-0.00022010956308804,-0.026148369535804,0.017377438023686,-0.034105956554413,9.8819600680145e-07,-0.038399912416935,-3.2228088002739e-06,0.0,0.0,0.074465490877628,0.0026844770181924,0.47763186693192,0.043144587427378,3.2534210276935e-06,0.074465490877628,0.0,0.0,0.0,20.323751449585,0.0063856947235763,1.5563539266586,0,0,0,0,0,0,0,0,0,0,0,0,0,0,0,0,0,0,0,0,0,0,0,0,0,0,0,0,0,0,0,0
1057,0.0,0.0,26.928810119629,174.95634460449,0.0,0.0,0.0,0.0,0.0,-0.47085925936699,-1.4958204030991,-0.00031775486422703,-0.025851674377918,0.0171810798347,-0.033718835562468,1.6988404922813e-06,-0.037963174283504,-3.5769451187662e-06,0.0,0.0,0.074813090264797,0.0022884425707161,0.48438528180122,0.04264660179615,3.2074165119411e-06,0.074813090264797,0.0,0.0,0.0,20.328844070435,0.0065760132856667,1.5563880205154,0,0,0,0,0,0,0,0,0,0,0,0,0,0,0,0,0,0,0,0,0,0,0,0,0,0,0,0,0,0,0,0
1058,0.0,0.0,27.004343032837,177.38819885254,0.0,0.0,0.0,0.0,0.0,-0.47057843208313,-1.5333518981934,-0.000599590013735,-0.025552827864885,0.016983818262815,-0.033333413302898,1.063591298589e-06,-0.037526369094849,-2.9437358080031e-06,0.0,0.0,0.075018011033535,0.0013219091342762,0.491095662117,0.042437836527824,3.6268506846682e-06,0.075018011033535,0.0,0.0,0.0,20.327777862549,0.0065393601544201,1.5565928220749,0,0,0,0,0,0,0,0,0,0,0,0,0,0,0,0,0,0,0,0,0,0,0,0,0,0,0,0,0,0,0,0
1059,0.0,0.0,27.043281555176,179.79063415527,0.0,0.0,0.0,0.0,0.0,-0.41083219647408,-1.5704460144043,-0.060346983373165,-0.02525600604713,0.016787249594927,-0.032946195453405,1.6774620235083e-06,-0.037089671939611,-3.3167277706525e-06,0.0,0.0,0.075118370354176,0.00068311003269628,0.49772715568542,0.041924223303795,3.5060613754467e-06,0.075118370354176,0.0,0.0,0.0,20.328058242798,0.0065933018922806,1.5567417144775,0,0,0,0,0,0,0,0,0,0,0,0,0,0,0,0,0,0,0,0,0,0,0,0,0,0,0,0,0,0,0,0
1060,0.0,0.0,27.034940719604,177.84526062012,0.0,0.0,0.0,0.0,0.0,2.6698753833771,-1.5344879627228,-3.1410553455353,-0.024957481771708,0.016590109094977,-0.032560739666224,1.1101022892035e-06,-0.036652896553278,-2.6278942186764e-06,0.0,0.0,0.075094237923622,-0.00014171279326547,-0.49573916196823,0.041255626827478,3.8538755688933e-06,0.075094237923622,0.0,0.0,0.0,20.322887420654,0.0065245004370809,1.5567224025726,0,0,0,0,0,0,0,0,0,0,0,0,0,0,0,0,0,0,0,0,0,0,0,0,0,0,0,0,0,0,0,0
1061,0.0,0.0,26.99299621582,175.51876831055,0.0,0.0,0.0,0.0,0.0,2.6701645851135,-1.4982666969299,-3.1413457393646,-0.024660516530275,0.016393335536122,-0.032173458486795,1.6352170177925e-06,-0.036216251552105,-3.0154285468598e-06,0.0,0.0,0.074973560869694,-0.00072811939753592,-0.48930290341377,0.040598839521408,3.9361093513435e-06,0.074973560869694,0.0,0.0,0.0,20.321569442749,0.0065375561825931,1.5565717220306,0,0,0,0,0,0,0,0,0,0,0,0,0,0,0,0,0,0,0,0,0,0,0,0,0,0,0,0,0,0,0,0
1062,0.0,0.0,26.912311553955,173.21635437012,0.0,0.0,0.0,0.0,0.0,2.6702625751495,-1.4624820947647,-3.1414444446564,-0.024362271651626,0.016196327283978,-0.031787928193808,1.1475422070362e-06,-0.035779502242804,-2.2865374376124e-06,0.0,0.0,0.074747368693352,-0.0014040038222447,-0.48293855786324,0.04017886146903,4.2007491174445e-06,0.074747368693352,0.0,0.0,0.0,20.320938110352,0.0065220263786614,1.5565246343613,0,0,0,0,0,0,0,0,0,0,0,0,0,0,0,0,0,0,0,0,0,0,0,0,0,0,0,0,0,0,0,0
1063,0.0,0.0,26.798360824585,170.93516540527,0.0,0.0,0.0,0.0,0.0,2.6703109741211,-1.4271340370178,-3.1414937973022,-0.02406513504684,0.015999374911189,-0.031400609761477,1.5945583982102e-06,-0.035342913120985,-2.686269908736e-06,0.0,0.0,0.074427805840969,-0.001985143404454,-0.47664141654968,0.039808709174395,3.6878320770484e-06,0.074427805840969,0.0,0.0,0.0,20.31721496582,0.0065548811107874,1.5566439628601,0,0,0,0,0,0,0,0,0,0,0,0,0,0,0,0,0,0,0,0,0,0,0,0,0,0,0,0,0,0,0,0
1064,0.0,0.0,26.654541015625,168.67558288574,0.0,0.0,0.0,0.0,0.0,2.6703412532806,-1.3922227621078,-3.141524553299,-0.023767149075866,0.015802504494786,-0.031014986336231,1.1921947589144e-06,-0.034906193614006,-1.9316889847687e-06,0.0,0.0,0.074022673070431,-0.0025053361896425,-0.47041299939156,0.039431642740965,4.7972575885069e-06,0.074022673070431,0.0,0.0,0.0,20.319784164429,0.0066797854378819,1.5569385290146,0,0,0,0,0,0,0,0,0,0,0,0,0,0,0,0,0,0,0,0,0,0,0,0,0,0,0,0,0,0,0,0
1065,0.0,0.0,26.487941741943,166.4608001709,0.0,0.0,0.0,0.0,0.0,2.6703610420227,-1.3577480316162,-3.1415452957153,-0.023469837382436,0.015605410560966,-0.030627673491836,1.5683364154029e-06,-0.034469656646252,-2.3414181669068e-06,0.0,0.0,0.073547326028347,-0.0029037375934422,-0.46430003643036,0.038649629801512,3.952151928388e-06,0.073547326028347,0.0,0.0,0.0,20.32363319397,0.0069629959762096,1.5570526123047,0,0,0,0,0,0,0,0,0,0,0,0,0,0,0,0,0,0,0,0,0,0,0,0,0,0,0,0,0,0,0,0
1066,0.0,0.0,26.267072677612,164.27388000488,0.0,0.0,0.0,0.0,0.0,2.6703758239746,-1.3237098455429,-3.1415605545044,-0.023172080516815,0.015408668667078,-0.030241934582591,1.2539776435005e-06,-0.034032952040434,-1.5738108913865e-06,0.0,0.0,0.072940982878208,-0.003850189037621,-0.45826986432076,0.038163509219885,4.7249736780941e-06,0.072940982878208,0.0,0.0,0.0,20.323661804199,0.0068557662889361,1.5573233366013,0,0,0,0,0,0,0,0,0,0,0,0,0,0,0,0,0,0,0,0,0,0,0,0,0,0,0,0,0,0,0,0
1067,0.0,0.0,26.020345687866,162.11657714844,0.0,0.0,0.0,0.0,0.0,2.6703870296478,-1.2901083230972,-3.1415722370148,-0.022874588146806,0.015211450867355,-0.029854631051421,1.5660915551052e-06,-0.033596474677324,-1.9919261831092e-06,0.0,0.0,0.072261013090611,-0.0043014278635383,-0.45232647657394,0.037646666169167,4.7458256631216e-06,0.072261013090611,0.0,0.0,0.0,20.321779251099,0.0068255453370512,1.5576946735382,0,0,0,0,0,0,0,0,0,0,0,0,0,0,0,0,0,0,0,0,0,0,0,0,0,0,0,0,0,0,0,0
1068,0.0,0.0,25.749662399292,160.02182006836,0.0,0.0,0.0,0.0,0.0,2.6703958511353,-1.2569433450699,-3.1415812969208,-0.022577177733183,0.015014681965113,-0.029468487948179,1.3082087662042e-06,-0.033159784972668,-1.200542328661e-06,0.0,0.0,0.071512214839458,-0.0047193635255098,-0.44653505086899,0.036555040627718,4.9617956392467e-06,0.071512214839458,0.0,0.0,0.0,20.324556350708,0.0068051945418119,1.5576629638672,0,0,0,0,0,0,0,0,0,0,0,0,0,0,0,0,0,0,0,0,0,0,0,0,0,0,0,0,0,0,0,0
1069,0.0,0.0,25.449348449707,157.95820617676,0.0,0.0,0.0,0.0,0.0,2.6704032421112,-1.2242149114609,-3.1415889263153,-0.022279370576143,0.014817525632679,-0.029081549495459,1.5904965948721e-06,-0.032723363488913,-1.6368752540075e-06,0.0,0.0,0.070685021579266,-0.005236791446805,-0.44083455204964,0.036011513322592,4.6929226300563e-06,0.070685021579266,0.0,0.0,0.0,20.322559356689,0.0067304698750377,1.5577416419983,0,0,0,0,0,0,0,0,0,0,0,0,0,0,0,0,0,0,0,0,0,0,0,0,0,0,0,0,0,0,0,0
1070,0.0,0.0,25.138956069946,155.94058227539,0.0,0.0,0.0,0.0,0.0,2.6704092025757,-1.1919230222702,3.1415903568268,-0.021982241421938,0.014620925299823,-0.028695318847895,1.4286570149125e-06,-0.032286692410707,-8.7936803083721e-07,0.0,0.0,0.069819331169128,-0.0054118749685585,-0.43525403738022,0.035208862274885,5.4764900596638e-06,0.069819331169128,0.0,0.0,0.0,20.317819595337,0.0068738702684641,1.5576537847519,0,0,0,0,0,0,0,0,0,0,0,0,0,0,0,0,0,0,0,0,0,0,0,0,0,0,0,0,0,0,0,0
1071,0.0,0.0,24.792816162109,153.95335388184,0.0,0.0,0.0,0.0,0.0,2.6704142093658,-1.1600675582886,3.141585111618,-0.0216842032969,0.014423667453229,-0.028308412060142,1.6512958609383e-06,-0.031850319355726,-1.3183897635827e-06,0.0,0.0,0.068865366280079,-0.0060365567915142,-0.42976328730583,0.034678500145674,4.7241901484085e-06,0.068865366280079,0.0,0.0,0.0,20.318105697632,0.0068066837266088,1.5577274560928,0,0,0,0,0,0,0,0,0,0,0,0,0,0,0,0,0,0,0,0,0,0,0,0,0,0,0,0,0,0,0,0
1072,0.0,0.0,24.427324295044,151.99668884277,0.0,0.0,0.0,0.0,0.0,2.6704185009003,-1.1286486387253,3.1415808200836,-0.021387346088886,0.014227133244276,-0.027922013774514,1.5534991462118e-06,-0.031413666903973,-5.7579779877415e-07,0.0,0.0,0.067856982350349,-0.0063734734430909,-0.42436271905899,0.034145180135965,5.5526334108436e-06,0.067856982350349,0.0,0.0,0.0,20.320756912231,0.0067903166636825,1.5579189062119,0,0,0,0,0,0,0,0,0,0,0,0,0,0,0,0,0,0,0,0,0,0,0,0,0,0,0,0,0,0,0,0
1073,0.0,0.0,24.050329208374,150.09492492676,0.0,0.0,0.0,0.0,0.0,2.670422077179,-1.097666144371,3.1415770053864,-0.021088941022754,0.014029729180038,-0.02753484249115,1.7558666058903e-06,-0.030977310612798,-9.8129555681226e-07,0.0,0.0,0.066810816526413,-0.0065747052431107,-0.41910004615784,0.033187091350555,5.1271299525979e-06,0.066810816526413,0.0,0.0,0.0,20.322965621948,0.0068488856777549,1.5578266382217,0,0,0,0,0,0,0,0,0,0,0,0,0,0,0,0,0,0,0,0,0,0,0,0,0,0,0,0,0,0,0,0
1074,0.0,0.0,23.647747039795,148.22270202637,0.0,0.0,0.0,0.0,0.0,2.6704251766205,-1.0671201944351,3.1415739059448,-0.020792447030544,0.013833300210536,-0.027148611843586,1.6781339127192e-06,-0.030540701001883,-2.6620676862876e-07,0.0,0.0,0.065700575709343,-0.0070207011885941,-0.41392561793327,0.032671365886927,5.6792032410158e-06,0.065700575709343,0.0,0.0,0.0,20.322513580322,0.0068007954396307,1.5579015016556,0,0,0,0,0,0,0,0,0,0,0,0,0,0,0,0,0,0,0,0,0,0,0,0,0,0,0,0,0,0,0,0
1075,0.0,0.0,23.221687316895,146.380859375,0.0,0.0,0.0,0.0,0.0,2.6704280376434,-1.037010550499,3.1415712833405,-0.020493825897574,0.013635960407555,-0.026761608198285,1.8750461094896e-06,-0.030104389414191,-6.9196096319502e-07,0.0,0.0,0.06453113257885,-0.007430462166667,-0.4088406264782,0.032141450792551,5.6852413763409e-06,0.06453113257885,0.0,0.0,0.0,20.328220367432,0.0066585340537131,1.5581314563751,0,0,0,0,0,0,0,0,0,0,0,0,0,0,0,0,0,0,0,0,0,0,0,0,0,0,0,0,0,0,0,0
1076,0.0,0.0,22.780755996704,144.5909576416,0.0,0.0,0.0,0.0,0.0,2.6704304218292,-1.0073374509811,3.1415691375732,-0.020197527483106,0.013439571484923,-0.026375222951174,1.8491499531592e-06,-0.029667800292373,-1.4462047559505e-08,0.0,0.0,0.06332091242075,-0.0076897060498595,-0.40388768911362,0.031234683468938,5.9904818954237e-06,0.06332091242075,0.0,0.0,0.0,20.333623886108,0.0064578633755445,1.5581511259079,0,0,0,0,0,0,0,0,0,0,0,0,0,0,0,0,0,0,0,0,0,0,0,0,0,0,0,0,0,0,0,0
1077,0.0,0.0,22.346687316895,142.83836364746,0.0,0.0,0.0,0.0,0.0,2.6704323291779,-0.97810071706772,3.1415672302246,-0.019898764789104,0.013242215849459,-0.02598830498755,2.0156837763352e-06,-0.02923152782023,-4.2774234998433e-07,0.0,0.0,0.062113836407661,-0.0075704329647124,-0.3990375995636,0.030583865940571,5.4949705372564e-06,0.062113836407661,0.0,0.0,0.0,20.333513259888,0.0065930555574596,1.5580879449844,0,0,0,0,0,0,0,0,0,0,0,0,0,0,0,0,0,0,0,0,0,0,0,0,0,0,0,0,0,0,0,0
1078,0.0,0.0,21.892456054688,141.12336730957,0.0,0.0,0.0,0.0,0.0,2.6704339981079,-0.9493003487587,3.1415657997131,-0.019602647051215,0.013045817613602,-0.025601739063859,2.0254583432688e-06,-0.028794953599572,2.2099858654201e-07,0.0,0.0,0.060858093202114,-0.0079216146841645,-0.39429089426994,0.029927514493465,6.2241238083516e-06,0.060858093202114,0.0,0.0,0.0,20.328384399414,0.0065838536247611,1.5580588579178,0,0,0,0,0,0,0,0,0,0,0,0,0,0,0,0,0,0,0,0,0,0,0,0,0,0,0,0,0,0,0,0
1079,0.0,0.0,21.42494392395,139.43656921387,0.0,0.0,0.0,0.0,0.0,2.670435667038,-0.92093640565872,3.1415646076202,-0.019303912296891,0.012848296202719,-0.025214849039912,2.0889508505206e-06,-0.028358710929751,-1.6060805307916e-07,0.0,0.0,0.059567719697952,-0.0081532653421164,-0.38962858915329,0.029435442760587,6.3619968386774e-06,0.059567719697952,0.0,0.0,0.0,20.328470230103,0.0065660714171827,1.5581805706024,0,0,0,0,0,0,0,0,0,0,0,0,0,0,0,0,0,0,0,0,0,0,0,0,0,0,0,0,0,0,0,0
1080,0.0,0.0,20.947933197021,137.79205322266,0.0,0.0,0.0,0.0,0.0,2.6704366207123,-0.89300882816315,3.1415636539459,-0.019007783383131,0.012652049772441,-0.024828216060996,2.2008875930624e-06,-0.027922157198191,4.4202940330251e-07,0.0,0.0,0.058251488953829,-0.0083194319158792,-0.38507807254791,0.02869744412601,5.9542667258938e-06,0.058251488953829,0.0,0.0,0.0,20.324380874634,0.0065143462270498,1.5582164525986,0,0,0,0,0,0,0,0,0,0,0,0,0,0,0,0,0,0,0,0,0,0,0,0,0,0,0,0,0,0,0,0
1081,0.0,0.0,20.462385177612,136.19398498535,0.0,0.0,0.0,0.0,0.0,2.6704378128052,-0.86551755666733,3.1415627002716,-0.018708983436227,0.012454563751817,-0.024441439658403,2.2492688458442e-06,-0.027485951781273,5.8754952902973e-08,0.0,0.0,0.056911956518888,-0.0084680216386914,-0.38064721226692,0.027887098491192,6.413350092771e-06,0.056911956518888,0.0,0.0,0.0,20.32615852356,0.0063991313800216,1.5580961704254,0,0,0,0,0,0,0,0,0,0,0,0,0,0,0,0,0,0,0,0,0,0,0,0,0,0,0,0,0,0,0,0
1082,0.0,0.0,19.970323562622,134.61647033691,0.0,0.0,0.0,0.0,0.0,2.6704385280609,-0.83846265077591,3.1415622234344,-0.018412979319692,0.012258275412023,-0.024054629728198,2.3846916974435e-06,-0.027049409225583,6.2905411368774e-07,0.0,0.0,0.055554267019033,-0.008581692352891,-0.37628474831581,0.027528285980225,6.3804709498072e-06,0.055554267019033,0.0,0.0,0.0,20.325620651245,0.006361426319927,1.5582089424133,0,0,0,0,0,0,0,0,0,0,0,0,0,0,0,0,0,0,0,0,0,0,0,0,0,0,0,0,0,0,0,0
1083,0.0,0.0,19.476406097412,133.07496643066,0.0,0.0,0.0,0.0,0.0,2.6704392433167,-0.81184405088425,3.1415617465973,-0.018114181235433,0.012060765177011,-0.02366791293025,2.3946486180648e-06,-0.026613231748343,2.5977902851082e-07,0.0,0.0,0.054188288748264,-0.0086139300838113,-0.37202063202858,0.026899760589004,6.5572235143918e-06,0.054188288748264,0.0,0.0,0.0,20.3278465271,0.0063807475380599,1.5582867860794,0,0,0,0,0,0,0,0,0,0,0,0,0,0,0,0,0,0,0,0,0,0,0,0,0,0,0,0,0,0,0,0
1084,0.0,0.0,18.981199264526,131.58464050293,0.0,0.0,0.0,0.0,0.0,2.6704394817352,-0.78566181659698,3.1415617465973,-0.017818266525865,0.011864406056702,-0.02328091673553,2.5418964924029e-06,-0.026176705956459,8.0269211366613e-07,0.0,0.0,0.052816033363342,-0.0086362892761827,-0.3678842484951,0.026006333529949,6.7207720348961e-06,0.052816033363342,0.0,0.0,0.0,20.332473754883,0.0063608339987695,1.5580871105194,0,0,0,0,0,0,0,0,0,0,0,0,0,0,0,0,0,0,0,0,0,0,0,0,0,0,0,0,0,0,0,0
1085,0.0,0.0,18.506525039673,130.11170959473,0.0,0.0,0.0,0.0,0.0,2.6704397201538,-0.75991582870483,3.1415615081787,-0.017519483342767,0.01166688464582,-0.022894250229001,2.5194010504492e-06,-0.02574055083096,4.4809465293838e-07,0.0,0.0,0.051481373608112,-0.0082779135555029,-0.36380895972252,0.025703066959977,6.6955099100596e-06,0.051481373608112,0.0,0.0,0.0,20.330759048462,0.0068230698816478,1.5580002069473,0,0,0,0,0,0,0,0,0,0,0,0,0,0,0,0,0,0,0,0,0,0,0,0,0,0,0,0,0,0,0,0
1086,0.0,0.0,18.000881195068,128.66265869141,0.0,0.0,0.0,0.0,0.0,2.6704399585724,-0.73460620641708,3.1415615081787,-0.017223628237844,0.011470451019704,-0.022507088258862,2.6760628770717e-06,-0.025304039940238,9.6243547886843e-07,0.0,0.0,0.050084084272385,-0.0088181551545858,-0.35980716347694,0.025286478921771,7.0151609179447e-06,0.050084084272385,0.0,0.0,0.0,20.332796096802,0.00687321042642,1.5582288503647,0,0,0,0,0,0,0,0,0,0,0,0,0,0,0,0,0,0,0,0,0,0,0,0,0,0,0,0,0,0,0,0
1087,0.0,0.0,17.489223480225,127.27635192871,0.0,0.0,0.0,0.0,0.0,2.6704399585724,-0.70973283052444,3.1415615081787,-0.016924874857068,0.011272927746177,-0.022120464593172,2.6271156912117e-06,-0.024867901578546,6.212933385541e-07,0.0,0.0,0.048673607409,-0.0089231906458735,-0.35595402121544,0.024191210046411,6.9053689912835e-06,0.048673607409,0.0,0.0,0.0,20.333169937134,0.0066755041480064,1.5580221414566,0,0,0,0,0,0,0,0,0,0,0,0,0,0,0,0,0,0,0,0,0,0,0,0,0,0,0,0,0,0,0,0
1088,0.0,0.0,16.977516174316,125.89379119873,0.0,0.0,0.0,0.0,0.0,2.6704397201538,-0.68529576063156,3.1415617465973,-0.016629058867693,0.011076414957643,-0.021733142435551,2.7887517717318e-06,-0.02443141117692,1.1072119150413e-06,0.0,0.0,0.047262609004974,-0.0089239729568362,-0.35213431715965,0.02412592060864,7.0123760451679e-06,0.047262609004974,0.0,0.0,0.0,20.329519271851,0.0066568744368851,1.5582563877106,0,0,0,0,0,0,0,0,0,0,0,0,0,0,0,0,0,0,0,0,0,0,0,0,0,0,0,0,0,0,0,0
1089,0.0,0.0,16.463998794556,124.55469512939,0.0,0.0,0.0,0.0,0.0,2.6704397201538,-0.66129499673843,3.1415617465973,-0.016330359503627,0.01087888982147,-0.021346552297473,2.7160001536686e-06,-0.023995283991098,7.8004563874856e-07,0.0,0.0,0.045848120003939,-0.0089553194120526,-0.3484248816967,0.023367382586002,7.2309376264457e-06,0.045848120003939,0.0,0.0,0.0,20.324043273926,0.0065365149639547,1.558323264122,0,0,0,0,0,0,0,0,0,0,0,0,0,0,0,0,0,0,0,0,0,0,0,0,0,0,0,0,0,0,0,0
1090,0.0,0.0,15.963766098022,123.24843597412,0.0,0.0,0.0,0.0,0.0,2.6704392433167,-0.63773047924042,3.1415622234344,-0.016034549102187,0.010682288557291,-0.020959082990885,2.8777717488992e-06,-0.023558810353279,1.2392287089824e-06,0.0,0.0,0.044460002332926,-0.0087233502417803,-0.3448047041893,0.022794146090746,7.3653563958942e-06,0.044460002332926,0.0,0.0,0.0,20.325002670288,0.0066054342314601,1.5582857131958,0,0,0,0,0,0,0,0,0,0,0,0,0,0,0,0,0,0,0,0,0,0,0,0,0,0,0,0,0,0,0,0
1091,0.0,0.0,15.463969230652,121.96839141846,0.0,0.0,0.0,0.0,0.0,2.6704390048981,-0.61460220813751,3.141562461853,-0.015735916793346,0.010484760627151,-0.020572507753968,2.7834007596539e-06,-0.023122698068619,9.2690243036486e-07,0.0,0.0,0.043074082583189,-0.008716051466763,-0.3412604033947,0.022336952388287,7.0577270889771e-06,0.043074082583189,0.0,0.0,0.0,20.323863983154,0.006680955644697,1.5583257675171,0,0,0,0,0,0,0,0,0,0,0,0,0,0,0,0,0,0,0,0,0,0,0,0,0,0,0,0,0,0,0,0
1092,0.0,0.0,14.966049194336,120.73455810547,0.0,0.0,0.0,0.0,0.0,2.6704382896423,-0.59191018342972,3.1415627002716,-0.015440096147358,0.010288069956005,-0.020184902474284,2.9415275548672e-06,-0.022686241194606,1.361144427392e-06,0.0,0.0,0.041693728417158,-0.0086831683292985,-0.33783066272736,0.021530391648412,7.1751014729671e-06,0.041693728417158,0.0,0.0,0.0,20.323175430298,0.0066429474391043,1.5581202507019,0,0,0,0,0,0,0,0,0,0,0,0,0,0,0,0,0,0,0,0,0,0,0,0,0,0,0,0,0,0,0,0
1093,0.0,0.0,14.465594291687,119.51330566406,0.0,0.0,0.0,0.0,0.0,2.6704378128052,-0.56965440511703,3.1415631771088,-0.015141534619033,0.010090530849993,-0.019798314198852,2.8281313007028e-06,-0.022250128909945,1.0640028449416e-06,0.0,0.0,0.040310870856047,-0.0087270438671112,-0.3344494998455,0.02131069265306,7.5295970418665e-06,0.040310870856047,0.0,0.0,0.0,20.321825027466,0.0066253100521863,1.5582181215286,0,0,0,0,0,0,0,0,0,0,0,0,0,0,0,0,0,0,0,0,0,0,0,0,0,0,0,0,0,0,0,0
1094,0.0,0.0,13.983203887939,118.32465362549,0.0,0.0,0.0,0.0,0.0,2.6704370975494,-0.54783493280411,3.1415634155273,-0.014845686033368,0.0098937479779124,-0.019410582259297,2.9799057301716e-06,-0.021813688799739,1.4750452237422e-06,0.0,0.0,0.038966238498688,-0.0084116728976369,-0.33115556836128,0.020741919055581,7.6324195106281e-06,0.038966238498688,0.0,0.0,0.0,20.319358825684,0.0068152146413922,1.5581647157669,0,0,0,0,0,0,0,0,0,0,0,0,0,0,0,0,0,0,0,0,0,0,0,0,0,0,0,0,0,0,0,0
1095,0.0,0.0,13.494920730591,117.14854431152,0.0,0.0,0.0,0.0,0.0,2.6704366207123,-0.52645164728165,3.1415638923645,-0.014547211118042,0.0096962032839656,-0.019023975357413,2.8504457532108e-06,-0.021377585828304,1.1931269909837e-06,0.0,0.0,0.037613309919834,-0.0085145756602287,-0.32790932059288,0.020523020997643,7.5804077823705e-06,0.037613309919834,0.0,0.0,0.0,20.322875976562,0.0069516180083156,1.5584324598312,0,0,0,0,0,0,0,0,0,0,0,0,0,0,0,0,0,0,0,0,0,0,0,0,0,0,0,0,0,0,0,0
1096,0.0,0.0,13.0063829422,116.01989746094,0.0,0.0,0.0,0.0,0.0,2.670435667038,-0.5055046081543,3.1415643692017,-0.014251311309636,0.0094993356615305,-0.018636137247086,2.9951527267258e-06,-0.020941160619259,1.58232035119e-06,0.0,0.0,0.036263816058636,-0.0085188494995236,-0.32477846741676,0.019694583490491,7.7352606240311e-06,0.036263816058636,0.0,0.0,0.0,20.325832366943,0.0068769184872508,1.5584387779236,0,0,0,0,0,0,0,0,0,0,0,0,0,0,0,0,0,0,0,0,0,0,0,0,0,0,0,0,0,0,0,0
1097,0.0,0.0,12.53759765625,114.90458679199,0.0,0.0,0.0,0.0,0.0,2.6704349517822,-0.48499381542206,3.1415646076202,-0.013952922075987,0.0093017853796482,-0.018249500542879,2.8536101126519e-06,-0.020505059510469,1.316584189226e-06,0.0,0.0,0.034957285970449,-0.0081742946058512,-0.32169628143311,0.019461987540126,7.5515858952713e-06,0.034957285970449,0.0,0.0,0.0,20.322462081909,0.0071316985413432,1.5585688352585,0,0,0,0,0,0,0,0,0,0,0,0,0,0,0,0,0,0,0,0,0,0,0,0,0,0,0,0,0,0,0,0
1098,0.0,0.0,12.067779541016,113.82502746582,0.0,0.0,0.0,0.0,0.0,2.6704339981079,-0.46491926908493,3.1415650844574,-0.013656950555742,0.0091048590838909,-0.017861608415842,2.9949108011351e-06,-0.020068654790521,1.6832118490129e-06,0.0,0.0,0.033653475344181,-0.0081921201199293,-0.3187058866024,0.018838001415133,7.7599897849723e-06,0.033653475344181,0.0,0.0,0.0,20.318981170654,0.0072198058478534,1.5586186647415,0,0,0,0,0,0,0,0,0,0,0,0,0,0,0,0,0,0,0,0,0,0,0,0,0,0,0,0,0,0,0,0
1099,0.0,0.0,11.593435287476,112.78281402588,0.0,0.0,0.0,0.0,0.0,2.6704332828522,-0.44528093934059,3.141565322876,-0.013358531519771,0.0089074922725558,-0.017475072294474,2.8734009447362e-06,-0.019632505252957,1.4989770988905e-06,0.0,0.0,0.032345820218325,-0.0082709779962897,-0.31581029295921,0.01818623393774,7.8946177382022e-06,0.032345820218325,0.0,0.0,0.0,20.319759368896,0.0070629240944982,1.5585873126984,0,0,0,0,0,0,0,0,0,0,0,0,0,0,0,0,0,0,0,0,0,0,0,0,0,0,0,0,0,0,0,0
1100,0.0,0.0,11.125374794006,111.75531005859,0.0,0.0,0.0,0.0,0.0,2.6704323291779,-0.42607882618904,3.1415657997131,-0.013062421232462,0.0087105771526694,-0.017087446525693,3.029069830518e-06,-0.019196171313524,1.7714246496325e-06,0.0,0.0,0.03105572424829,-0.0081614125519991,-0.31296515464783,0.017929444089532,7.7759077612427e-06,0.03105572424829,0.0,0.0,0.0,20.321844100952,0.0069841165095568,1.5587465763092,0,0,0,0,0,0,0,0,0,0,0,0,0,0,0,0,0,0,0,0,0,0,0,0,0,0,0,0,0,0,0,0
1101,0.0,0.0,10.681210517883,110.75848388672,0.0,0.0,0.0,0.0,0.0,2.6704313755035,-0.40731292963028,3.1415660381317,-0.012764385901392,0.0085127828642726,-0.016700208187103,2.827730440913e-06,-0.018760045990348,1.5674741007388e-06,0.0,0.0,0.029817927628756,-0.0077442661859095,-0.31020131707191,0.017394099384546,7.8722414400545e-06,0.029817927628756,0.0,0.0,0.0,20.322624206543,0.0071398559957743,1.5587159395218,0,0,0,0,0,0,0,0,0,0,0,0,0,0,0,0,0,0,0,0,0,0,0,0,0,0,0,0,0,0,0,0
1102,0.0,0.0,10.235578536987,109.7709197998,0.0,0.0,0.0,0.0,0.0,2.6704304218292,-0.38898324966431,3.1415662765503,-0.012468474917114,0.0083153331652284,-0.016311692073941,2.8701670089504e-06,-0.018323669210076,1.8535995423008e-06,0.0,0.0,0.02858329936862,-0.0077696251682937,-0.30747672915459,0.017232662066817,8.1089228842757e-06,0.02858329936862,0.0,0.0,0.0,20.327056884766,0.0072759110480547,1.5590115785599,0,0,0,0,0,0,0,0,0,0,0,0,0,0,0,0,0,0,0,0,0,0,0,0,0,0,0,0,0,0,0,0
1103,0.0,0.0,9.8068857192993,108.82350158691,0.0,0.0,0.0,0.0,0.0,2.6704294681549,-0.37108981609344,3.1415665149689,-0.012170281261206,0.0081178126856685,-0.015924911946058,2.6753100428323e-06,-0.017887534573674,1.7067932276404e-06,0.0,0.0,0.027388090267777,-0.0074742883443832,-0.30485126376152,0.016531957313418,7.8138336903066e-06,0.027388090267777,0.0,0.0,0.0,20.328258514404,0.0074507337994874,1.5590152740479,0,0,0,0,0,0,0,0,0,0,0,0,0,0,0,0,0,0,0,0,0,0,0,0,0,0,0,0,0,0,0,0
1104,0.0,0.0,9.3730897903442,107.91080474854,0.0,0.0,0.0,0.0,0.0,2.6704285144806,-0.35363259911537,3.141566991806,-0.011874220333993,0.0079203508794308,-0.015536366030574,2.7550688628253e-06,-0.017451174557209,1.9583158064052e-06,0.0,0.0,0.026189601048827,-0.0075627798214555,-0.3023139834404,0.015925858169794,8.3978829934495e-06,0.026189601048827,0.0,0.0,0.0,20.330718994141,0.0073480471037328,1.5589730739594,0,0,0,0,0,0,0,0,0,0,0,0,0,0,0,0,0,0,0,0,0,0,0,0,0,0,0,0,0,0,0,0
1105,0.0,0.0,8.9723529815674,107.00778961182,0.0,0.0,0.0,0.0,0.0,2.6704277992249,-0.33661159873009,3.1415672302246,-0.011576076038182,0.0077229649759829,-0.015149728395045,2.6050340693473e-06,-0.017015036195517,1.8135978052669e-06,0.0,0.0,0.025062406435609,-0.006985945161432,-0.29981637001038,0.015756897628307,8.2223741628695e-06,0.025062406435609,0.0,0.0,0.0,20.329317092896,0.0077466131187975,1.5589859485626,0,0,0,0,0,0,0,0,0,0,0,0,0,0,0,0,0,0,0,0,0,0,0,0,0,0,0,0,0,0,0,0
1106,0.0,0.0,8.5580377578735,106.13832855225,0.0,0.0,0.0,0.0,0.0,2.6704268455505,-0.32002681493759,3.1415674686432,-0.011279921978712,0.0075254729017615,-0.014761175960302,2.6930097192235e-06,-0.016578691080213,2.0431516531971e-06,0.0,0.0,0.023916028439999,-0.0072228233329952,-0.29740428924561,0.015171489678323,8.3429149526637e-06,0.023916028439999,0.0,0.0,0.0,20.330383300781,0.0077294297516346,1.5590320825577,0,0,0,0,0,0,0,0,0,0,0,0,0,0,0,0,0,0,0,0,0,0,0,0,0,0,0,0,0,0,0,0
1107,0.0,0.0,8.1529159545898,105.30415344238,0.0,0.0,0.0,0.0,0.0,2.6704258918762,-0.30387827754021,3.1415674686432,-0.010981859639287,0.0073280804790556,-0.014374474994838,2.5442411697441e-06,-0.01614254899323,1.9071197812082e-06,0.0,0.0,0.022794840857387,-0.0070628952234983,-0.29508101940155,0.014555603265762,7.8199036579463e-06,0.022794840857387,0.0,0.0,0.0,20.329898834229,0.007634453009814,1.5589119195938,0,0,0,0,0,0,0,0,0,0,0,0,0,0,0,0,0,0,0,0,0,0,0,0,0,0,0,0,0,0,0,0
1108,0.0,0.0,7.7672710418701,104.48400878906,0.0,0.0,0.0,0.0,0.0,2.6704249382019,-0.28816592693329,3.1415677070618,-0.010685626417398,0.0071305152960122,-0.013985862024128,2.6176612664131e-06,-0.015706215053797,2.1233438474155e-06,0.0,0.0,0.021719042211771,-0.0067223720252514,-0.29280531406403,0.01431086845696,8.4007579062018e-06,0.021719042211771,0.0,0.0,0.0,20.332162857056,0.0077788759954274,1.5588747262955,0,0,0,0,0,0,0,0,0,0,0,0,0,0,0,0,0,0,0,0,0,0,0,0,0,0,0,0,0,0,0,0
1109,0.0,0.0,7.3794541358948,103.69130706787,0.0,0.0,0.0,0.0,0.0,2.6704239845276,-0.27288982272148,3.1415679454803,-0.01038764603436,0.006933075375855,-0.013599027879536,2.4592973204562e-06,-0.015270060859621,2.0007039438497e-06,0.0,0.0,0.020646572113037,-0.0067605031654239,-0.29060280323029,0.013831749558449,8.1784073699964e-06,0.020646572113037,0.0,0.0,0.0,20.339323043823,0.0077160401269794,1.5588760375977,0,0,0,0,0,0,0,0,0,0,0,0,0,0,0,0,0,0,0,0,0,0,0,0,0,0,0,0,0,0,0,0
1110,0.0,0.0,7.0094676017761,102.93211364746,0.0,0.0,0.0,0.0,0.0,2.6704230308533,-0.25804993510246,3.1415679454803,-0.010091326199472,0.006735438015312,-0.013210358098149,2.5174554139085e-06,-0.014833736233413,2.2041376723791e-06,0.0,0.0,0.01961711794138,-0.0064490092918277,-0.28848510980606,0.013247013092041,8.466584404232e-06,0.01961711794138,0.0,0.0,0.0,20.333713531494,0.0077088549733162,1.5586669445038,0,0,0,0,0,0,0,0,0,0,0,0,0,0,0,0,0,0,0,0,0,0,0,0,0,0,0,0,0,0,0,0
1111,0.0,0.0,6.6313819885254,102.1838684082,0.0,0.0,0.0,0.0,0.0,2.670422077179,-0.24364626407623,3.1415681838989,-0.0097934165969491,0.0065379538573325,-0.012823387049139,2.3564339244331e-06,-0.014397571794689,2.0928021058353e-06,0.0,0.0,0.018579978495836,-0.0065903919748962,-0.28640857338905,0.013055877760053,8.4489292930812e-06,0.018579978495836,0.0,0.0,0.0,20.331092834473,0.0075191939249635,1.5587964057922,0,0,0,0,0,0,0,0,0,0,0,0,0,0,0,0,0,0,0,0,0,0,0,0,0,0,0,0,0,0,0,0
1112,0.0,0.0,6.2879390716553,101.4581451416,0.0,0.0,0.0,0.0,0.0,2.6704211235046,-0.22967880964279,3.1415681838989,-0.0094970008358359,0.0063402662053704,-0.012434699572623,2.3974175746844e-06,-0.013961256481707,2.2832650756754e-06,0.0,0.0,0.017617987468839,-0.0059859482571483,-0.2843953371048,0.01266301702708,8.2607266449486e-06,0.017617987468839,0.0,0.0,0.0,20.334499359131,0.0077239335514605,1.5587537288666,0,0,0,0,0,0,0,0,0,0,0,0,0,0,0,0,0,0,0,0,0,0,0,0,0,0,0,0,0,0,0,0
1113,0.0,0.0,5.9386210441589,100.75521087646,0.0,0.0,0.0,0.0,0.0,2.6704204082489,-0.2161475867033,3.1415681838989,-0.0091991489753127,0.0061427364125848,-0.012047571130097,2.2501878902403e-06,-0.013525080867112,2.1775504137622e-06,0.0,0.0,0.01665292866528,-0.0060882032848895,-0.28244575858116,0.012265149503946,8.5500978457276e-06,0.01665292866528,0.0,0.0,0.0,20.341331481934,0.0076840054243803,1.558846116066,0,0,0,0,0,0,0,0,0,0,0,0,0,0,0,0,0,0,0,0,0,0,0,0,0,0,0,0,0,0,0,0
1114,0.0,0.0,5.6039509773254,100.08424377441,0.0,0.0,0.0,0.0,0.0,2.6704194545746,-0.20305259525776,3.1415684223175,-0.0089021269232035,0.0059450943954289,-0.011659397743642,2.1318737708498e-06,-0.013088771142066,2.3302277440962e-06,0.0,0.0,0.015724927186966,-0.0058325519785285,-0.28057762980461,0.011707129888237,8.543951480533e-06,0.015724927186966,0.0,0.0,0.0,20.343656539917,0.0076461383141577,1.5587713718414,0,0,0,0,0,0,0,0,0,0,0,0,0,0,0,0,0,0,0,0,0,0,0,0,0,0,0,0,0,0,0,0
1115,0.0,0.0,5.2664532661438,99.422004699707,0.0,0.0,0.0,0.0,0.0,2.6704187393188,-0.19039382040501,3.1415684223175,-0.0086043160408735,0.0057473937049508,-0.01127143483609,2.1775504137622e-06,-0.012652589008212,2.2560809611605e-06,0.0,0.0,0.014800185337663,-0.0058818510733545,-0.27874571084976,0.011555061675608,8.5924048107699e-06,0.014800185337663,0.0,0.0,0.0,20.342348098755,0.007514045573771,1.5590257644653,0,0,0,0,0,0,0,0,0,0,0,0,0,0,0,0,0,0,0,0,0,0,0,0,0,0,0,0,0,0,0,0
1116,0.0,0.0,4.9534201622009,98.793891906738,0.0,0.0,0.0,0.0,0.0,2.6704177856445,-0.17817130684853,3.1415684223175,-0.008308058604598,0.0055495705455542,-0.010882751084864,2.0757154288731e-06,-0.012216261588037,2.4583009690105e-06,0.0,0.0,0.013931460678577,-0.0054548108018935,-0.27699920535088,0.010959466919303,8.6513327914872e-06,0.013931460678577,0.0,0.0,0.0,20.34383392334,0.0075145806185901,1.5590010881424,0,0,0,0,0,0,0,0,0,0,0,0,0,0,0,0,0,0,0,0,0,0,0,0,0,0,0,0,0,0,0,0
1117,0.0,0.0,4.6357474327087,98.186157226562,0.0,0.0,0.0,0.0,0.0,2.6704170703888,-0.16638499498367,3.1415684223175,-0.0080103240907192,0.0053520803339779,-0.010495544411242,2.0466411569942e-06,-0.011780082248151,2.3313129986491e-06,0.0,0.0,0.013062300160527,-0.0055359965190291,-0.27531141042709,0.010603805072606,8.4334424172994e-06,0.013062300160527,0.0,0.0,0.0,20.35133934021,0.0072974278591573,1.5591371059418,0,0,0,0,0,0,0,0,0,0,0,0,0,0,0,0,0,0,0,0,0,0,0,0,0,0,0,0,0,0,0,0
1118,0.0,0.0,4.3374857902527,97.60506439209,0.0,0.0,0.0,0.0,0.0,2.6704161167145,-0.15503494441509,3.1415684223175,-0.0077137341722846,0.0051545924507082,-0.010107403621078,2.0727668470499e-06,-0.011343790218234,2.5539613943693e-06,0.0,0.0,0.012239677831531,-0.0051972633227706,-0.27369421720505,0.010138682089746,8.3827862908947e-06,0.012239677831531,0.0,0.0,0.0,20.354337692261,0.007186911534518,1.5591479539871,0,0,0,0,0,0,0,0,0,0,0,0,0,0,0,0,0,0,0,0,0,0,0,0,0,0,0,0,0,0,0,0
1119,0.0,0.0,4.0534729957581,97.051414489746,0.0,0.0,0.0,0.0,0.0,2.6704154014587,-0.14412112534046,3.1415684223175,-0.0074164881370962,0.0049568056128919,-0.0097195599228144,1.9507556316967e-06,-0.010907573625445,2.4249118268926e-06,0.0,0.0,0.011453900486231,-0.0049484479241073,-0.27214947342873,0.0096598276868463,8.5099163698032e-06,0.011453900486231,0.0,0.0,0.0,20.352056503296,0.0070943566970527,1.5590604543686,0,0,0,0,0,0,0,0,0,0,0,0,0,0,0,0,0,0,0,0,0,0,0,0,0,0,0,0,0,0,0,0
1120,0.0,0.0,3.7963695526123,96.524703979492,0.0,0.0,0.0,0.0,0.0,2.670414686203,-0.13364350795746,3.1415684223175,-0.0071195908822119,0.0047590495087206,-0.0093309842050076,1.9999035885121e-06,-0.010471289977431,2.5712129172462e-06,0.0,0.0,0.01072904560715,-0.0044786580838263,-0.27067589759827,0.0091897323727608,8.6450045273523e-06,0.01072904560715,0.0,0.0,0.0,20.35671043396,0.00721898349002,1.5587823390961,0,0,0,0,0,0,0,0,0,0,0,0,0,0,0,0,0,0,0,0,0,0,0,0,0,0,0,0,0,0,0,0
1121,0.0,0.0,3.5282530784607,96.007080078125,0.0,0.0,0.0,0.0,0.0,2.6704139709473,-0.12360217422247,3.1415684223175,-0.006822248455137,0.0045611965470016,-0.0089430753141642,1.809130935726e-06,-0.010035065002739,2.4883479454729e-06,0.0,0.0,0.0099920416250825,-0.0046707917936146,-0.26923885941505,0.0090310527011752,8.7259159045061e-06,0.0099920416250825,0.0,0.0,0.0,20.360239028931,0.0071081193163991,1.5588883161545,0,0,0,0,0,0,0,0,0,0,0,0,0,0,0,0,0,0,0,0,0,0,0,0,0,0,0,0,0,0,0,0
1122,0.0,0.0,3.2736806869507,95.519927978516,0.0,0.0,0.0,0.0,0.0,2.6704130172729,-0.11399704962969,3.1415684223175,-0.0065252585336566,0.004363430198282,-0.0085544129833579,1.8798291421263e-06,-0.0095987748354673,2.6424406769365e-06,0.0,0.0,0.0092901661992073,-0.0044348146766424,-0.26787993311882,0.0084991790354252,8.3093718785676e-06,0.0092901661992073,0.0,0.0,0.0,20.370317459106,0.0069750449620187,1.5588530302048,0,0,0,0,0,0,0,0,0,0,0,0,0,0,0,0,0,0,0,0,0,0,0,0,0,0,0,0,0,0,0,0
1123,0.0,0.0,3.0404007434845,95.064514160156,0.0,0.0,0.0,0.0,0.0,2.6704125404358,-0.10482820123434,3.1415684223175,-0.006227872800082,0.0041655581444502,-0.0081664780154824,1.6902696415855e-06,-0.0091625424101949,2.5560852918716e-06,0.0,0.0,0.0086390459910035,-0.0040626996196806,-0.26660123467445,0.0079452777281404,8.8049227997544e-06,0.0086390459910035,0.0,0.0,0.0,20.371475219727,0.0069298995658755,1.5585947036743,0,0,0,0,0,0,0,0,0,0,0,0,0,0,0,0,0,0,0,0,0,0,0,0,0,0,0,0,0,0,0,0
1124,0.0,0.0,2.800121307373,94.615135192871,0.0,0.0,0.0,0.0,0.0,2.6704118251801,-0.096095576882362,3.1415681838989,-0.0059307222254574,0.003967750351876,-0.0077777155674994,1.722097408674e-06,-0.0087262438610196,2.717298002608e-06,0.0,0.0,0.0079838680103421,-0.0041851149871945,-0.26535332202911,0.0078401574864984,8.5520741777145e-06,0.0079838680103421,0.0,0.0,0.0,20.368396759033,0.0067323623225093,1.5587360858917,0,0,0,0,0,0,0,0,0,0,0,0,0,0,0,0,0,0,0,0,0,0,0,0,0,0,0,0,0,0,0,0
1125,0.0,0.0,2.5954961776733,94.19694519043,0.0,0.0,0.0,0.0,0.0,2.6704113483429,-0.087799236178398,3.1415681838989,-0.005633385386318,0.0037699486128986,-0.0073899277485907,1.5943550124575e-06,-0.0082900067791343,2.6261307084496e-06,0.0,0.0,0.0074068526737392,-0.003562594531104,-0.26418453454971,0.0072956709191203,8.7880025603226e-06,0.0074068526737392,0.0,0.0,0.0,20.368179321289,0.0068484856747091,1.5585488080978,0,0,0,0,0,0,0,0,0,0,0,0,0,0,0,0,0,0,0,0,0,0,0,0,0,0,0,0,0,0,0,0
1126,0.0,0.0,2.3833677768707,93.79549407959,0.0,0.0,0.0,0.0,0.0,2.6704106330872,-0.079939126968384,3.1415681838989,-0.0053364089690149,0.0035721897147596,-0.0070013673976064,1.651863499319e-06,-0.0078537240624428,2.7705541469913e-06,0.0,0.0,0.0068246307782829,-0.0036938050761819,-0.26306703686714,0.0070036626420915,8.5344845501822e-06,0.0068246307782829,0.0,0.0,0.0,20.36883354187,0.0067187929525971,1.558598279953,0,0,0,0,0,0,0,0,0,0,0,0,0,0,0,0,0,0,0,0,0,0,0,0,0,0,0,0,0,0,0,0
1127,0.0,0.0,2.1910662651062,93.420501708984,0.0,0.0,0.0,0.0,0.0,2.67041015625,-0.072515301406384,3.1415681838989,-0.0050391345284879,0.0033742680680007,-0.0066132079809904,1.5243182360791e-06,-0.0074174641631544,2.6754050850286e-06,0.0,0.0,0.0062901936471462,-0.0033475637901574,-0.2620196044445,0.0065416470170021,8.7317548604915e-06,0.0062901936471462,0.0,0.0,0.0,20.368955612183,0.006691656075418,1.558516740799,0,0,0,0,0,0,0,0,0,0,0,0,0,0,0,0,0,0,0,0,0,0,0,0,0,0,0,0,0,0,0,0
1128,0.0,0.0,2.0176618099213,93.064155578613,0.0,0.0,0.0,0.0,0.0,2.6704096794128,-0.065527714788914,3.1415679454803,-0.0047422302886844,0.0031764565501362,-0.0062247049063444,1.5838401168367e-06,-0.0069812098518014,2.7739722554543e-06,0.0,0.0,0.0058017913252115,-0.0030178206507117,-0.26102697849274,0.0062165842391551,8.6585414464935e-06,0.0058017913252115,0.0,0.0,0.0,20.367696762085,0.0068133622407913,1.5584334135056,0,0,0,0,0,0,0,0,0,0,0,0,0,0,0,0,0,0,0,0,0,0,0,0,0,0,0,0,0,0,0,0
1129,0.0,0.0,1.850558757782,92.733573913574,0.0,0.0,0.0,0.0,0.0,2.6704089641571,-0.058976422995329,3.1415679454803,-0.004445044323802,0.0029783870559186,-0.0058362684212625,1.3853340306014e-06,-0.006544919218868,2.7169985514774e-06,0.0,0.0,0.0053351381793618,-0.0029078624211252,-0.26010316610336,0.0057665547356009,8.6345216914196e-06,0.0053351381793618,0.0,0.0,0.0,20.365610122681,0.0068313525989652,1.5583363771439,0,0,0,0,0,0,0,0,0,0,0,0,0,0,0,0,0,0,0,0,0,0,0,0,0,0,0,0,0,0,0,0
1130,0.0,0.0,1.696936249733,92.441932678223,0.0,0.0,0.0,0.0,0.0,2.6704084873199,-0.052861373871565,3.1415679454803,-0.004147875122726,0.0027804337441921,-0.0054474561475217,1.4446584373218e-06,-0.0061086444184184,2.8033502985636e-06,0.0,0.0,0.0049039688892663,-0.002672653645277,-0.25927349925041,0.0050869844853878,8.5657256931881e-06,0.0049039688892663,0.0,0.0,0.0,20.364395141602,0.0067526404745877,1.5579642057419,0,0,0,0,0,0,0,0,0,0,0,0,0,0,0,0,0,0,0,0,0,0,0,0,0,0,0,0,0,0,0,0
1131,0.0,0.0,1.5415323972702,92.151832580566,0.0,0.0,0.0,0.0,0.0,2.6704082489014,-0.047182627022266,3.1415677070618,-0.003850708482787,0.0025824541226029,-0.0050591807812452,1.2625778254005e-06,-0.0056723551824689,2.7645301088342e-06,0.0,0.0,0.0044790124520659,-0.0027033442165703,-0.2584655880928,0.0050603458657861,8.964662811195e-06,0.0044790124520659,0.0,0.0,0.0,20.358661651611,0.0066353282891214,1.5580189228058,0,0,0,0,0,0,0,0,0,0,0,0,0,0,0,0,0,0,0,0,0,0,0,0,0,0,0,0,0,0,0,0
1132,0.0,0.0,1.4004789590836,91.873123168945,0.0,0.0,0.0,0.0,0.0,2.6704077720642,-0.041940130293369,3.1415677070618,-0.0035535045899451,0.0023845022078604,-0.0046703387051821,1.3519819503927e-06,-0.0052360771223903,2.8405045213731e-06,0.0,0.0,0.0040910965763032,-0.00245341937989,-0.25769847631454,0.0048614419065416,8.4269513536128e-06,0.0040910965763032,0.0,0.0,0.0,20.35668182373,0.0066517838276923,1.5582197904587,0,0,0,0,0,0,0,0,0,0,0,0,0,0,0,0,0,0,0,0,0,0,0,0,0,0,0,0,0,0,0,0
1133,0.0,0.0,1.273242354393,91.622993469238,0.0,0.0,0.0,0.0,0.0,2.6704075336456,-0.037133947014809,3.1415677070618,-0.0032563633285463,0.002186537720263,-0.0042820661328733,1.1874792562594e-06,-0.004799781832844,2.8035890409228e-06,0.0,0.0,0.0037390447687358,-0.0022118594497442,-0.25700536370277,0.0043624131940305,8.8385531853419e-06,0.0037390447687358,0.0,0.0,0.0,20.364473342896,0.0066580646671355,1.5583031177521,0,0,0,0,0,0,0,0,0,0,0,0,0,0,0,0,0,0,0,0,0,0,0,0,0,0,0,0,0,0,0,0
1134,0.0,0.0,1.1585102081299,91.411758422852,0.0,0.0,0.0,0.0,0.0,2.6704070568085,-0.032764013856649,3.1415674686432,-0.0029591443017125,0.0019885604269803,-0.0038931916933507,1.2856913826909e-06,-0.0043635033071041,2.8700919756375e-06,0.0,0.0,0.0034208830911666,-0.0019939378835261,-0.2564063668251,0.0036837498191744,8.5154024418443e-06,0.0034208830911666,0.0,0.0,0.0,20.367330551147,0.0065511181019247,1.5581194162369,0,0,0,0,0,0,0,0,0,0,0,0,0,0,0,0,0,0,0,0,0,0,0,0,0,0,0,0,0,0,0,0
1135,0.0,0.0,1.0539094209671,91.199729919434,0.0,0.0,0.0,0.0,0.0,2.6704068183899,-0.028830396011472,3.1415674686432,-0.0026620111893862,0.0017905633430928,-0.0035048357676715,1.1246280564592e-06,-0.0039271987043321,2.8357444534777e-06,0.0,0.0,0.0031319833360612,-0.0018169451504946,-0.25582453608513,0.0036975988186896,8.6830523287063e-06,0.0031319833360612,0.0,0.0,0.0,20.366081237793,0.0066088149324059,1.558304309845,0,0,0,0,0,0,0,0,0,0,0,0,0,0,0,0,0,0,0,0,0,0,0,0,0,0,0,0,0,0,0,0
1136,0.0,0.0,0.951127409935,91.019004821777,0.0,0.0,0.0,0.0,0.0,2.6704065799713,-0.025333037599921,3.1415674686432,-0.0023647753987461,0.0015925470506772,-0.0031159133650362,1.2222151326569e-06,-0.0034909187816083,2.8955771540495e-06,0.0,0.0,0.0028558140620589,-0.0017850347794592,-0.25532200932503,0.0031512230634689,8.8497754404671e-06,0.0028558140620589,0.0,0.0,0.0,20.371816635132,0.0064474386163056,1.5584243535995,0,0,0,0,0,0,0,0,0,0,0,0,0,0,0,0,0,0,0,0,0,0,0,0,0,0,0,0,0,0,0,0
1137,0.0,0.0,0.8783130645752,90.871116638184,0.0,0.0,0.0,0.0,0.0,2.6704063415527,-0.022272003814578,3.1415674686432,-0.0020676427520812,0.0013945068931207,-0.0027274570893496,1.0614801340125e-06,-0.0030546037014574,2.8639765332628e-06,0.0,0.0,0.0026474271435291,-0.0012623124057427,-0.25490185618401,0.0025781979784369,8.5372012108564e-06,0.0026474271435291,0.0,0.0,0.0,20.371294021606,0.0064921374432743,1.5582330226898,0,0,0,0,0,0,0,0,0,0,0,0,0,0,0,0,0,0,0,0,0,0,0,0,0,0,0,0,0,0,0,0
1138,0.0,0.0,0.806196808815,90.739860534668,0.0,0.0,0.0,0.0,0.0,2.6704061031342,-0.019647233188152,3.1415672302246,-0.0017703921766952,0.0011964513687417,-0.002338481368497,1.1592169357755e-06,-0.002618322847411,2.9179673219915e-06,0.0,0.0,0.0024499057326466,-0.0012499634176493,-0.25453251600266,0.0022878998424858,8.7031276052585e-06,0.0024499057326466,0.0,0.0,0.0,20.369901657104,0.006416030228138,1.5582138299942,0,0,0,0,0,0,0,0,0,0,0,0,0,0,0,0,0,0,0,0,0,0,0,0,0,0,0,0,0,0,0,0
1139,0.0,0.0,0.75007057189941,90.625579833984,0.0,0.0,0.0,0.0,0.0,2.6704058647156,-0.01745879650116,3.1415672302246,-0.0014732599956915,0.00099837221205235,-0.0019499356858432,1.0009762263508e-06,-0.0021819972898811,2.8877761906188e-06,0.0,0.0,0.002292659599334,-0.00097095302771777,-0.254214823246,0.0019915241282433,8.6343361545005e-06,0.002292659599334,0.0,0.0,0.0,20.374067306519,0.0064544123597443,1.5582404136658,0,0,0,0,0,0,0,0,0,0,0,0,0,0,0,0,0,0,0,0,0,0,0,0,0,0,0,0,0,0,0,0
1140,0.0,0.0,0.70283788442612,90.53092956543,0.0,0.0,0.0,0.0,0.0,2.670405626297,-0.015706630423665,3.1415672302246,-0.0011759996414185,0.00080028275260702,-0.0015609103720635,1.1011505876013e-06,-0.0017457134090364,2.9367406568781e-06,0.0,0.0,0.0021621230989695,-0.00081580108962953,-0.25395399332047,0.0016488883411512,8.5646570369136e-06,0.0021621230989695,0.0,0.0,0.0,20.381376266479,0.0064756427891552,1.5583275556564,0,0,0,0,0,0,0,0,0,0,0,0,0,0,0,0,0,0,0,0,0,0,0,0,0,0,0,0,0,0,0,0
1141,0.0,0.0,0.67460703849792,90.463859558105,0.0,0.0,0.0,0.0,0.0,2.670405626297,-0.014390804804862,3.1415672302246,-0.00087886652909219,0.00060216750716791,-0.0011722836643457,9.4656712690266e-07,-0.0013093791203573,2.906702547989e-06,0.0,0.0,0.0020783711224794,-0.00048398517537862,-0.25376507639885,0.0011675196001306,8.7357620941475e-06,0.0020783711224794,0.0,0.0,0.0,20.375589370728,0.0065741613507271,1.5582715272903,0,0,0,0,0,0,0,0,0,0,0,0,0,0,0,0,0,0,0,0,0,0,0,0,0,0,0,0,0,0,0,0
1142,0.0,0.0,0.6513671875,90.41300201416,0.0,0.0,0.0,0.0,0.0,2.670405626297,-0.013511254452169,3.141566991806,-0.0005815991316922,0.00040404582978226,-0.000783208059147,1.050054947882e-06,-0.00087309163063765,2.9515413189074e-06,0.0,0.0,0.0020135557278991,-0.00039694289444014,-0.25362634658813,0.00088479096302763,8.6695281424909e-06,0.0020135557278991,0.0,0.0,0.0,20.378734588623,0.0066217230632901,1.5583604574203,0,0,0,0,0,0,0,0,0,0,0,0,0,0,0,0,0,0,0,0,0,0,0,0,0,0,0,0,0,0,0,0
1143,0.0,0.0,0.62757611274719,90.37476348877,0.0,0.0,0.0,0.0,0.0,2.670405626297,-0.013068053871393,3.141566991806,-0.00028446322539821,0.00020589506311808,-0.00039450571057387,8.9877283926398e-07,-0.00043674930930138,2.9208360956545e-06,0.0,0.0,0.0019572007004172,-0.00040638711652718,-0.25353047251701,0.00066428357968107,8.8451133706258e-06,0.0019572007004172,0.0,0.0,0.0,20.376216888428,0.0065610525198281,1.5586935281754,0,0,0,0,0,0,0,0,0,0,0,0,0,0,0,0,0,0,0,0,0,0,0,0,0,0,0,0,0,0,0,0
1144,0.0,-0.0,0.62896502017975,90.389541625977,0.0,0.0,0.0,0.0,0.0,2.6704053878784,-0.013061135075986,3.141566991806,1.2810152838938e-05,7.7398281064234e-06,-5.3721437325294e-06,1.0057646022688e-06,-4.5703518480877e-07,2.9624220587721e-06,0.0,0.0,0.0019590833690017,3.2546642614761e-05,-0.25355640053749,-0.00026092119514942,8.3062523117405e-06,0.0019590833690017,0.0,0.0,0.0,20.378063201904,0.006471642293036,1.55843937397,0,0,0,0,0,0,0,0,0,0,0,0,0,0,0,0,0,0,0,0,0,0,0,0,0,0,0,0,0,0,0,0
1145,0.0,0.0,0.62910711765289,90.387435913086,0.0,0.0,0.0,0.0,0.0,2.6704022884369,-0.013061227276921,3.1415710449219,1.5253332094289e-05,1.405583043379e-05,-1.2345199138508e-05,3.7835175135115e-06,1.1586060111313e-07,3.887140792358e-06,0.0,0.0,0.0019604195840657,1.2722977771773e-05,-0.25355067849159,5.188175055082e-05,1.0242135431326e-05,0.0019604195840657,0.0,0.0,0.0,20.373458862305,0.0065104975365102,1.5584799051285,0,0,0,0,0,0,0,0,0,0,0,0,0,0,0,0,0,0,0,0,0,0,0,0,0,0,0,0,0,0,0,0
1146,0.0,-0.0,0.63474118709564,90.390495300293,0.0,0.0,0.0,0.0,0.0,2.6703987121582,-0.013061300851405,3.1415739059448,9.4331880973186e-06,1.0457950338605e-05,-1.118393811339e-05,3.2300974908139e-06,4.6187082602955e-08,2.2481046926259e-06,0.0,0.0,0.0019726690370589,0.00011143935989821,-0.25355592370033,-4.6445216867141e-05,1.310666630161e-05,0.0019726690370589,0.0,0.0,0.0,20.372615814209,0.006591490469873,1.5583879947662,0,0,0,0,0,0,0,0,0,0,0,0,0,0,0,0,0,0,0,0,0,0,0,0,0,0,0,0,0,0,0,0
1147,0.0,-0.0,0.63413608074188,90.398406982422,0.0,0.0,0.0,0.0,0.0,2.6703963279724,-0.013061274774373,3.1415753364563,4.6673826545884e-06,5.9653489188349e-06,-7.4965332714783e-06,1.897810079754e-06,-5.6211902688119e-08,9.1521610556811e-07,0.0,0.0,0.001972462516278,1.5946094436003e-06,-0.25357067584991,-0.00013352920359466,1.2155280273873e-05,0.001972462516278,0.0,0.0,0.0,20.377182006836,0.0065336846746504,1.5582683086395,0,0,0,0,0,0,0,0,0,0,0,0,0,0,0,0,0,0,0,0,0,0,0,0,0,0,0,0,0,0,0,0
1148,0.0,-0.0,0.64538425207138,90.402549743652,0.0,0.0,0.0,0.0,0.0,2.6703951358795,-0.013061209581792,3.1415758132935,1.9952142338298e-06,2.6982452254742e-06,-3.7397517189675e-06,7.5377761277196e-07,-6.411120523353e-08,2.8383985295477e-07,0.0,0.0,0.0019956694450229,0.00020704354392365,-0.25357839465141,-6.8707020545844e-05,1.0725942047429e-05,0.0019956694450229,0.0,0.0,0.0,20.372779846191,0.0066874409094453,1.5581129789352,0,0,0,0,0,0,0,0,0,0,0,0,0,0,0,0,0,0,0,0,0,0,0,0,0,0,0,0,0,0,0,0
1149,0.0,0.0,0.65949296951294,90.393341064453,0.0,0.0,0.0,0.0,0.0,2.6703948974609,-0.013061134144664,3.1415758132935,8.6975148860802e-07,8.1378783534092e-07,-1.3206143876232e-06,8.8512656759576e-08,-7.9899443505838e-08,4.4929983289421e-08,0.0,0.0,0.0020242501050234,0.00025601589004509,-0.25356012582779,0.00016424558998551,9.7725014711614e-06,0.0020242501050234,0.0,0.0,0.0,20.374164581299,0.0069900969974697,1.5581431388855,0,0,0,0,0,0,0,0,0,0,0,0,0,0,0,0,0,0,0,0,0,0,0,0,0,0,0,0,0,0,0,0
1150,0.0,0.0,0.66029250621796,90.386444091797,0.0,0.0,0.0,0.0,0.0,2.6703951358795,-0.01306108571589,3.1415758132935,4.5615834665114e-07,-1.2247342340288e-07,1.3783115093702e-07,-2.3039723373586e-07,-3.1567292779755e-08,8.6285618650095e-09,0.0,0.0,0.0020269067026675,2.3011802113615e-05,-0.25354617834091,0.00012348042218946,9.0577395894798e-06,0.0020269067026675,0.0,0.0,0.0,20.37353515625,0.0070666437968612,1.558242559433,0,0,0,0,0,0,0,0,0,0,0,0,0,0,0,0,0,0,0,0,0,0,0,0,0,0,0,0,0,0,0,0
1151,0.0,0.0,0.65090024471283,90.382392883301,0.0,0.0,0.0,0.0,0.0,2.6703953742981,-0.013061047531664,3.1415758132935,2.8943742336196e-07,-3.9866901602181e-07,5.0768022674674e-07,-2.6810820941137e-07,-4.3120998327595e-08,-3.8012801795162e-09,0.0,0.0,0.0020099291577935,-0.0001553441688884,-0.25353792309761,7.3728522693273e-05,8.5809570009587e-06,0.0020099291577935,0.0,0.0,0.0,20.366865158081,0.006961687002331,1.5583788156509,0,0,0,0,0,0,0,0,0,0,0,0,0,0,0,0,0,0,0,0,0,0,0,0,0,0,0,0,0,0,0,0
1152,0.0,-0.0,0.65068596601486,90.402702331543,0.0,0.0,0.0,0.0,0.0,2.6703956127167,-0.013061030767858,3.1415758132935,2.1018080076374e-07,-3.9905702919896e-07,6.1052293176544e-07,-2.3209723565287e-07,-4.3581058761788e-09,1.368959967607e-08,0.0,0.0,0.0020105105359107,5.0793137233995e-06,-0.25357714295387,-0.00035173635114916,8.8194956333609e-06,0.0020105105359107,0.0,0.0,0.0,20.368129730225,0.0068065994419158,1.5580630302429,0,0,0,0,0,0,0,0,0,0,0,0,0,0,0,0,0,0,0,0,0,0,0,0,0,0,0,0,0,0,0,0
1153,0.0,0.0,0.64101946353912,90.400123596191,0.0,0.0,0.0,0.0,0.0,2.6703958511353,-0.013061009347439,3.1415758132935,1.2920799008498e-07,-2.4141800736288e-07,3.0818083018858e-07,-1.2403397420258e-07,-3.083986399588e-08,-8.959906150352e-10,0.0,0.0,0.0019925944507122,-0.0001598934904905,-0.25357177853584,4.7661174903624e-05,8.8194638010464e-06,0.0019925944507122,0.0,0.0,0.0,20.369226455688,0.0066857589408755,1.5581780672073,0,0,0,0,0,0,0,0,0,0,0,0,0,0,0,0,0,0,0,0,0,0,0,0,0,0,0,0,0,0,0,0
1154,0.0,-0.0,0.65525877475739,90.412078857422,0.0,0.0,0.0,0.0,0.0,2.6703958511353,-0.013060997240245,3.1415758132935,8.3550048657344e-08,-1.17728710336e-07,2.0012565471461e-07,-7.0284272624122e-08,-2.7848590100632e-09,8.5108657899013e-09,0.0,0.0,0.0020215173717588,0.00025734276277944,-0.25359499454498,-0.00020606149337254,8.8195338321384e-06,0.0020215173717588,0.0,0.0,0.0,20.367921829224,0.0068215574137866,1.5578776597977,0,0,0,0,0,0,0,0,0,0,0,0,0,0,0,0,0,0,0,0,0,0,0,0,0,0,0,0,0,0,0,0
1155,0.0,0.0,0.64671260118484,90.40486907959,0.0,0.0,0.0,0.0,0.0,2.6703958511353,-0.013060973025858,3.1415758132935,3.3136327459715e-08,8.3717619503432e-09,-6.9200723373797e-08,-1.7971483190493e-09,-3.4633657719496e-08,-8.1379152305772e-09,0.0,0.0,0.002006237860769,-0.00014010044105817,-0.25358062982559,0.00012850544590037,9.0578778326744e-06,0.002006237860769,0.0,0.0,0.0,20.358869552612,0.0067550344392657,1.5580557584763,0,0,0,0,0,0,0,0,0,0,0,0,0,0,0,0,0,0,0,0,0,0,0,0,0,0,0,0,0,0,0,0
1156,0.0,0.0,0.6234638094902,90.389106750488,0.0,0.0,0.0,0.0,0.0,2.6703958511353,-0.013060956262052,3.1415758132935,2.3864918929917e-08,4.6670596276499e-08,-5.5672021659348e-08,8.4412775380738e-11,-7.9225142002315e-09,3.1152291857239e-09,0.0,0.0,0.0019617213401943,-0.00039671032573096,-0.25354960560799,0.00027742376551032,9.0583025667001e-06,0.0019617213401943,0.0,0.0,0.0,20.361888885498,0.0065274355001748,1.55848300457,0,0,0,0,0,0,0,0,0,0,0,0,0,0,0,0,0,0,0,0,0,0,0,0,0,0,0,0,0,0,0,0
1157,0.0,-0.0,0.61698484420776,90.397941589355,0.0,0.0,0.0,0.0,0.0,2.6703958511353,-0.013060927391052,3.1415758132935,1.8805983437176e-09,8.8955289356818e-08,-1.9417029761826e-07,2.8257158390943e-08,-3.8891155185183e-08,-9.8221040190083e-09,0.0,0.0,0.0019496667664498,-0.00010425989603391,-0.25356656312943,-0.00015157615416683,8.8194265117636e-06,0.0019496667664498,0.0,0.0,0.0,20.369409561157,0.0063657467253506,1.5583951473236,0,0,0,0,0,0,0,0,0,0,0,0,0,0,0,0,0,0,0,0,0,0,0,0,0,0,0,0,0,0,0,0
1158,0.0,0.0,0.61841422319412,90.395065307617,0.0,0.0,0.0,0.0,0.0,2.6703958511353,-0.013060906901956,3.1415758132935,1.7544802943803e-08,7.3399448297096e-08,-1.0382623827354e-07,3.0392015570868e-09,-1.0727478461092e-08,3.9759973091691e-09,0.0,0.0,0.0019533871673048,3.400606874493e-05,-0.25356063246727,5.2651012083516e-05,9.0578914750949e-06,0.0019533871673048,0.0,0.0,0.0,20.367395401001,0.0064199417829514,1.558426618576,0,0,0,0,0,0,0,0,0,0,0,0,0,0,0,0,0,0,0,0,0,0,0,0,0,0,0,0,0,0,0,0
1159,0.0,0.0,0.63149106502533,90.386116027832,0.0,0.0,0.0,0.0,0.0,2.6703958511353,-0.013060877099633,3.1415758132935,2.4555055766484e-09,7.9805367647623e-08,-1.7651208850111e-07,2.2032281776774e-08,-4.0112205113019e-08,-7.858427686358e-09,0.0,0.0,0.0019798332359642,0.00023729102395009,-0.25354281067848,0.00015868977061473,9.0578341769287e-06,0.0019798332359642,0.0,0.0,0.0,20.368957519531,0.0067033981904387,1.558460354805,0,0,0,0,0,0,0,0,0,0,0,0,0,0,0,0,0,0,0,0,0,0,0,0,0,0,0,0,0,0,0,0
1160,0.0,0.0,0.62408328056335,90.376892089844,0.0,0.0,0.0,0.0,0.0,2.6703958511353,-0.013060855679214,3.1415758132935,2.2597191673412e-08,5.6234700451796e-08,-7.9324713908591e-08,-7.3141497303197e-09,-1.1214067896503e-08,6.1859832811706e-09,0.0,0.0,0.0019661826081574,-0.00012023207091261,-0.25352436304092,0.00016344533651136,9.0582670964068e-06,0.0019661826081574,0.0,0.0,0.0,20.371433258057,0.0066704363562167,1.5586605072021,0,0,0,0,0,0,0,0,0,0,0,0,0,0,0,0,0,0,0,0,0,0,0,0,0,0,0,0,0,0,0,0
1161,0.0,-0.0,0.62260508537292,90.38452911377,0.0,0.0,0.0,0.0,0.0,2.6703958511353,-0.013060825876892,3.1415758132935,6.1402616324813e-09,5.7374254680553e-08,-1.3629623651923e-07,1.4539454973317e-08,-3.9986016275861e-08,-6.6402221499118e-09,0.0,0.0,0.0019644147250801,-1.674114173511e-05,-0.25353887677193,-0.00013073663285468,9.0578296294552e-06,0.0019644147250801,0.0,0.0,0.0,20.365900039673,0.0065961894579232,1.5585515499115,0,0,0,0,0,0,0,0,0,0,0,0,0,0,0,0,0,0,0,0,0,0,0,0,0,0,0,0,0,0,0,0
1162,0.0,-0.0,0.62450450658798,90.386558532715,0.0,0.0,0.0,0.0,0.0,2.6703958511353,-0.013060805387795,3.1415758132935,2.390450681844e-08,4.305194423182e-08,-5.8427858107279e-08,-1.2599999266172e-08,-1.1062959437425e-08,7.8284294602327e-09,0.0,0.0,0.0019690124318004,4.2208655941067e-05,-0.25354245305061,-3.2979784009513e-05,9.0578814706532e-06,0.0019690124318004,0.0,0.0,0.0,20.366893768311,0.0066188336350024,1.5585030317307,0,0,0,0,0,0,0,0,0,0,0,0,0,0,0,0,0,0,0,0,0,0,0,0,0,0,0,0,0,0,0,0
1163,0.0,-0.0,0.6146884560585,90.392570495605,0.0,0.0,0.0,0.0,0.0,2.6703958511353,-0.01306077465415,3.1415758132935,4.1965506625274e-09,4.2970281555199e-08,-1.0670991201778e-07,1.2717431552289e-08,-3.9438603494091e-08,-6.3779523884477e-09,0.0,0.0,0.0019505098462105,-0.00016250241606031,-0.25355392694473,-0.0001023419899866,8.8194001364172e-06,0.0019505098462105,0.0,0.0,0.0,20.371604919434,0.0064275898039341,1.5584855079651,0,0,0,0,0,0,0,0,0,0,0,0,0,0,0,0,0,0,0,0,0,0,0,0,0,0,0,0,0,0,0,0
1164,0.0,0.0,0.62031906843185,90.39119720459,0.0,0.0,0.0,0.0,0.0,2.6703958511353,-0.013060754165053,3.1415758132935,2.040287583327e-08,3.5046170410169e-08,-4.3890622691833e-08,-1.3264655152057e-08,-1.1075755423917e-08,8.0974551508461e-09,0.0,0.0,0.0019624985288829,0.00010733032104326,-0.25355091691017,2.639875310706e-05,9.0582643679227e-06,0.0019624985288829,0.0,0.0,0.0,20.370176315308,0.0065352083183825,1.558460354805,0,0,0,0,0,0,0,0,0,0,0,0,0,0,0,0,0,0,0,0,0,0,0,0,0,0,0,0,0,0,0,0
1165,0.0,-0.0,0.63194805383682,90.408103942871,0.0,0.0,0.0,0.0,0.0,2.6703958511353,-0.013060724362731,3.1415758132935,4.7170818362474e-09,3.497185829815e-08,-9.3139647106e-08,1.2369971713611e-08,-3.9510958060873e-08,-7.3840737968567e-09,0.0,0.0,0.001986181596294,0.00021202256903052,-0.25358375906944,-0.00029258048743941,9.0578196250135e-06,0.001986181596294,0.0,0.0,0.0,20.371837615967,0.0065913600847125,1.5581034421921,0,0,0,0,0,0,0,0,0,0,0,0,0,0,0,0,0,0,0,0,0,0,0,0,0,0,0,0,0,0,0,0
1166,0.0,0.0,0.64809101819992,90.39909362793,0.0,0.0,0.0,0.0,0.0,2.6703958511353,-0.013060703873634,3.1415758132935,1.6218683285274e-08,3.2371527680652e-08,-3.7768685956507e-08,-1.2625051226678e-08,-1.1109817954491e-08,8.6787368402952e-09,0.0,0.0,0.0020189580973238,0.00029080582316965,-0.25356590747833,0.00015975745918695,9.0578705567168e-06,0.0020189580973238,0.0,0.0,0.0,20.371242523193,0.0069229854270816,1.558113694191,0,0,0,0,0,0,0,0,0,0,0,0,0,0,0,0,0,0,0,0,0,0,0,0,0,0,0,0,0,0,0,0
1167,0.0,-0.0,0.62407326698303,90.405479431152,0.0,0.0,0.0,0.0,0.0,2.6703958511353,-0.013060675933957,3.1415758132935,-1.1912382191781e-08,3.369190437752e-08,-7.3139844403158e-08,1.1623008333572e-08,-3.2033668162512e-08,-1.7112409267384e-09,0.0,0.0,0.0019728404004127,-0.00041013158624992,-0.25357806682587,-0.00010892585851252,9.0578250819817e-06,0.0019728404004127,0.0,0.0,0.0,20.370132446289,0.0065081003122032,1.5582027435303,0,0,0,0,0,0,0,0,0,0,0,0,0,0,0,0,0,0,0,0,0,0,0,0,0,0,0,0,0,0,0,0
1168,0.0,0.0,0.63524198532104,90.396774291992,0.0,0.0,0.0,0.0,0.0,2.6703958511353,-0.013060656376183,3.1415758132935,-6.9222480192366e-08,3.1528074373455e-08,7.2152867014452e-10,1.4259594394161e-08,-1.733970833584e-08,7.7421056232652e-09,0.0,0.0,0.0019957087934017,0.00020375089661684,-0.25356084108353,0.00015442285803147,8.819843060337e-06,0.0019957087934017,0.0,0.0,0.0,20.372529983521,0.006759733427316,1.558247923851,0,0,0,0,0,0,0,0,0,0,0,0,0,0,0,0,0,0,0,0,0,0,0,0,0,0,0,0,0,0,0,0
1169,0.0,-0.0,0.63917189836502,90.402671813965,0.0,0.0,0.0,0.0,0.0,2.6703958511353,-0.013060628436506,3.1415758132935,-5.1244981591481e-08,5.2304063302699e-08,-1.393568425101e-07,3.4310541074944e-09,-3.1971605807257e-08,-8.1341422486503e-09,0.0,0.0,0.0020044331904501,7.7647891885135e-05,-0.25357201695442,-0.00010043891961686,9.0578196250135e-06,0.0020044331904501,0.0,0.0,0.0,20.372123718262,0.006783343385905,1.5581231117249,0,0,0,0,0,0,0,0,0,0,0,0,0,0,0,0,0,0,0,0,0,0,0,0,0,0,0,0,0,0,0,0
1170,0.0,0.0,0.64663726091385,90.393836975098,0.0,0.0,0.0,0.0,0.0,2.6703958511353,-0.013060603290796,3.1415758132935,-8.6040856217551e-08,5.1083613783476e-08,-7.1369008480815e-08,8.1699784715283e-09,-2.1677983852442e-08,1.6712647932238e-09,0.0,0.0,0.0020202128216624,0.00013935247261543,-0.25355440378189,0.0001566954451846,9.057833267434e-06,0.0020202128216624,0.0,0.0,0.0,20.371900558472,0.0069786245003343,1.5581994056702,0,0,0,0,0,0,0,0,0,0,0,0,0,0,0,0,0,0,0,0,0,0,0,0,0,0,0,0,0,0,0,0
1171,0.0,-0.0,0.64918702840805,90.394989013672,0.0,0.0,0.0,0.0,0.0,2.6703958511353,-0.013060573488474,3.1415758132935,-4.7408200032351e-08,6.8697922017691e-08,-1.6447503980999e-07,4.0327079453562e-09,-3.4057801912013e-08,-7.394278966899e-09,0.0,0.0,0.0020265448838472,5.356053225114e-05,-0.25355634093285,-1.7553598809172e-05,9.0578032541089e-06,0.0020265448838472,0.0,0.0,0.0,20.366918563843,0.0070183845236897,1.5581594705582,0,0,0,0,0,0,0,0,0,0,0,0,0,0,0,0,0,0,0,0,0,0,0,0,0,0,0,0,0,0,0,0
1172,0.0,0.0,0.6408144235611,90.384475708008,0.0,0.0,0.0,0.0,0.0,2.6703958511353,-0.013060547411442,3.1415758132935,-7.9370387595645e-08,5.5136563759106e-08,-7.0270040453124e-08,8.5483780054574e-09,-2.2707867586291e-08,4.237358908199e-09,0.0,0.0,0.0020114951767027,-0.00013731057697441,-0.25353527069092,0.00018598268798087,8.8194037743961e-06,0.0020114951767027,0.0,0.0,0.0,20.357555389404,0.0069804317317903,1.5583875179291,0,0,0,0,0,0,0,0,0,0,0,0,0,0,0,0,0,0,0,0,0,0,0,0,0,0,0,0,0,0,0,0
1173,0.0,0.0,0.64945584535599,90.376052856445,0.0,0.0,0.0,0.0,0.0,2.6703958511353,-0.013060516677797,3.1415758132935,-3.7651282980278e-08,6.4107595676433e-08,-1.5486571669499e-07,1.6723723794687e-10,-3.382401558838e-08,-5.1943951362432e-09,0.0,0.0,0.0020296054426581,0.00015987957885955,-0.25351825356483,0.00014942712732591,9.0581861513783e-06,0.0020296054426581,0.0,0.0,0.0,20.357374191284,0.0071907052770257,1.5584479570389,0,0,0,0,0,0,0,0,0,0,0,0,0,0,0,0,0,0,0,0,0,0,0,0,0,0,0,0,0,0,0,0
1174,0.0,-0.0,0.64860898256302,90.39192199707,0.0,0.0,0.0,0.0,0.0,2.6703958511353,-0.013060490600765,3.1415758132935,-6.9289676218887e-08,4.8891191539724e-08,-6.5316008601712e-08,2.7066950902821e-09,-2.2814727884679e-08,4.7754338261541e-09,0.0,0.0,0.0020291157998145,-5.7223269323003e-06,-0.25354915857315,-0.00027447493630461,9.0578178060241e-06,0.0020291157998145,0.0,0.0,0.0,20.357006072998,0.0070610484108329,1.5582060813904,0,0,0,0,0,0,0,0,0,0,0,0,0,0,0,0,0,0,0,0,0,0,0,0,0,0,0,0,0,0,0,0
1175,0.0,-0.0,0.65061348676682,90.396057128906,0.0,0.0,0.0,0.0,0.0,2.6703958511353,-0.013060469180346,3.1415758132935,-1.6179707529318e-07,5.1568836312299e-08,-2.7462004936751e-07,1.5740008407761e-08,-4.3576147135127e-08,-5.3878220995784e-08,0.0,0.0,0.0020342762582004,4.3803967855638e-05,-0.25355696678162,-6.9637157139368e-05,8.8194237832795e-06,0.0020342762582004,0.0,0.0,0.0,20.354288101196,0.0070684789679945,1.5581240653992,0,0,0,0,0,0,0,0,0,0,0,0,0,0,0,0,0,0,0,0,0,0,0,0,0,0,0,0,0,0,0,0
1176,0.0,-0.0,0.65967094898224,90.399040222168,0.0,0.0,0.0,0.0,0.0,2.6703958511353,-0.013060462661088,3.1415758132935,-3.5030705447525e-08,-1.3906302775979e-08,2.3558592943118e-07,5.3256158594195e-08,4.4029522250355e-09,1.3693653322377e-08,0.0,0.0,0.0020534787327051,0.00016737992700655,-0.25356251001358,-4.9606282118475e-05,9.2967393356957e-06,0.0020534787327051,0.0,0.0,0.0,20.350416183472,0.0071951136924326,1.5580039024353,0,0,0,0,0,0,0,0,0,0,0,0,0,0,0,0,0,0,0,0,0,0,0,0,0,0,0,0,0,0,0,0
1177,0.0,0.0,0.66074854135513,90.39444732666,0.0,0.0,0.0,0.0,0.0,2.6703958511353,-0.013060444034636,3.1415758132935,-2.1266831140565e-07,-6.7906938738815e-07,-6.8998753022242e-07,-3.8400013835371e-08,-4.6653941154773e-08,-5.9057583712274e-08,0.0,0.0,0.0020568517502397,2.7626556402538e-05,-0.25355312228203,8.275626169052e-05,8.8190390670206e-06,0.0020568517502397,0.0,0.0,0.0,20.348667144775,0.0072572859935462,1.5580650568008,0,0,0,0,0,0,0,0,0,0,0,0,0,0,0,0,0,0,0,0,0,0,0,0,0,0,0,0,0,0,0,0
1178,0.0,0.0,0.6607580780983,90.391998291016,0.0,0.0,0.0,0.0,0.0,2.6703960895538,-0.013060417957604,3.1415758132935,-2.1843872488603e-08,-6.517427664221e-07,-8.2728269035215e-07,-1.3972228884995e-07,-1.6444005268568e-08,-4.920398666286e-08,0.0,0.0,0.0020581213757396,9.2244990810286e-06,-0.25354781746864,4.5300868805498e-05,9.0581834228942e-06,0.0020581213757396,0.0,0.0,0.0,20.346519470215,0.007286068983376,1.5581012964249,0,0,0,0,0,0,0,0,0,0,0,0,0,0,0,0,0,0,0,0,0,0,0,0,0,0,0,0,0,0,0,0
1179,0.0,0.0,0.65189653635025,90.387535095215,0.0,0.0,0.0,0.0,0.0,2.6703958511353,-0.013060426339507,3.1415758132935,-3.3445314784331e-07,8.0789931189429e-07,7.9838412148092e-07,4.8371379790524e-08,1.1250601339441e-08,9.7477411031832e-08,0.0,0.0,0.0020418406929821,-0.00014560550334863,-0.25353866815567,8.0304977018386e-05,9.058022442332e-06,0.0020418406929821,0.0,0.0,0.0,20.346668243408,0.0071927616372705,1.558238863945,0,0,0,0,0,0,0,0,0,0,0,0,0,0,0,0,0,0,0,0,0,0,0,0,0,0,0,0,0,0,0,0
1180,0.0,0.0,0.64393025636673,90.386528015137,0.0,0.0,0.0,0.0,0.0,2.6703958511353,-0.013060412369668,3.1415758132935,4.0386933619629e-07,1.3269789178594e-06,4.2603363681337e-07,6.6306924395576e-08,2.7409317482352e-08,9.2163055853689e-08,0.0,0.0,0.0020272100809962,-0.00013021830818616,-0.25353637337685,2.0166746253381e-05,8.8194547060994e-06,0.0020272100809962,0.0,0.0,0.0,20.348281860352,0.0070858807303011,1.5583159923553,0,0,0,0,0,0,0,0,0,0,0,0,0,0,0,0,0,0,0,0,0,0,0,0,0,0,0,0,0,0,0,0
1181,0.0,-0.0,0.64128184318542,90.386924743652,0.0,0.0,0.0,0.0,0.0,2.6703958511353,-0.01306042727083,3.141576051712,-2.5054129082491e-07,7.3983505899378e-07,3.4564416750982e-07,4.0554482438893e-08,1.3088092387648e-08,9.5041336578561e-08,0.0,0.0,0.0020231262315065,-3.7164874811424e-05,-0.25353679060936,-4.5693886931986e-06,9.0584344434319e-06,0.0020231262315065,0.0,0.0,0.0,20.346696853638,0.0070509291253984,1.5583287477493,0,0,0,0,0,0,0,0,0,0,0,0,0,0,0,0,0,0,0,0,0,0,0,0,0,0,0,0,0,0,0,0
1182,0.0,0.0,0.6373582482338,90.385803222656,0.0,0.0,0.0,0.0,0.0,2.6703958511353,-0.013060420751572,3.141576051712,1.7016662923197e-07,3.1250016263584e-07,-3.4373851320879e-08,1.2936202331559e-08,2.3927714920546e-08,2.4724613467697e-08,0.0,0.0,0.0020163857843727,-5.9659869293682e-05,-0.25353413820267,2.2080557755544e-05,8.8194919953821e-06,0.0020163857843727,0.0,0.0,0.0,20.347515106201,0.0070077888667583,1.5583754777908,0,0,0,0,0,0,0,0,0,0,0,0,0,0,0,0,0,0,0,0,0,0,0,0,0,0,0,0,0,0,0,0
1183,0.0,0.0,0.63590055704117,90.37776184082,0.0,0.0,0.0,0.0,0.0,2.6703956127167,-0.013060426339507,3.141576051712,-3.2674140015843e-07,4.4399822485275e-08,-5.6723635566414e-08,-1.6909414313204e-08,4.2958934187709e-09,2.4084631178312e-08,0.0,0.0,0.0020143033470958,-1.6622372640995e-05,-0.25351783633232,0.0001428107789252,8.8195783973788e-06,0.0020143033470958,0.0,0.0,0.0,20.354564666748,0.007057779468596,1.5585103034973,0,0,0,0,0,0,0,0,0,0,0,0,0,0,0,0,0,0,0,0,0,0,0,0,0,0,0,0,0,0,0,0
1184,0.0,0.0,0.63565456867218,90.370063781738,0.0,0.0,0.0,0.0,0.0,2.6703958511353,-0.013060428202152,3.141576051712,-1.6745704556342e-07,-6.4793937326613e-07,-5.1565172043411e-07,1.0851884013618e-07,4.9097863552561e-09,-1.3515007168952e-10,0.0,0.0,0.0020150772761554,4.7641647142882e-06,-0.25350216031075,0.00013699140981771,9.0579342213459e-06,0.0020150772761554,0.0,0.0,0.0,20.350234985352,0.0071241986006498,1.5586302280426,0,0,0,0,0,0,0,0,0,0,0,0,0,0,0,0,0,0,0,0,0,0,0,0,0,0,0,0,0,0,0,0
1185,0.0,-0.0,0.62372982501984,90.390121459961,0.0,0.0,0.0,0.0,0.0,2.6703958511353,-0.013060420751572,3.141576051712,-6.5231461121584e-08,-3.794566509896e-07,-3.4270132687197e-07,-3.1111621723312e-08,-1.370343660767e-08,-3.3748065675354e-08,0.0,0.0,0.0019923800136894,-0.00019882881315425,-0.25354158878326,-0.00034779356792569,9.2967138698441e-06,0.0019923800136894,0.0,0.0,0.0,20.355195999146,0.0067891981452703,1.558410525322,0,0,0,0,0,0,0,0,0,0,0,0,0,0,0,0,0,0,0,0,0,0,0,0,0,0,0,0,0,0,0,0
1186,0.0,-0.0,0.6228209733963,90.405158996582,0.0,0.0,0.0,0.0,0.0,2.6703958511353,-0.013060442171991,3.141576051712,5.6354406297032e-07,2.1665458405096e-07,8.181804389551e-08,-1.3731882120283e-07,7.4094202773267e-08,6.3869642019654e-08,0.0,0.0,0.0019916598685086,-6.8044755607843e-06,-0.25357100367546,-0.00025994022144005,9.0584626377677e-06,0.0019916598685086,0.0,0.0,0.0,20.352508544922,0.0066651729866862,1.5581821203232,0,0,0,0,0,0,0,0,0,0,0,0,0,0,0,0,0,0,0,0,0,0,0,0,0,0,0,0,0,0,0,0
1187,0.0,-0.0,0.60590708255768,90.419883728027,0.0,0.0,0.0,0.0,0.0,2.6703958511353,-0.013060484081507,3.141576051712,-7.6366393386706e-07,3.2811439609759e-07,4.5659629677175e-07,-3.5899166306308e-08,5.4903029678144e-08,1.0212106360541e-07,0.0,0.0,0.001958982553333,-0.00028614525217563,-0.25360003113747,-0.00025449399254285,9.0577768787625e-06,0.001958982553333,0.0,0.0,0.0,20.355464935303,0.0062947082333267,1.5580852031708,0,0,0,0,0,0,0,0,0,0,0,0,0,0,0,0,0,0,0,0,0,0,0,0,0,0,0,0,0,0,0,0
1188,0.0,0.0,0.60137051343918,90.408767700195,0.0,0.0,0.0,0.0,0.0,2.6703958511353,-0.013060478493571,3.141576051712,2.6800668706528e-07,3.9262482687263e-07,-2.3518738601069e-07,-5.6079979771084e-08,4.8120039508603e-08,1.1827699708533e-08,0.0,0.0,0.0019508060067892,-7.0358219090849e-05,-0.25357773900032,0.00019654953212012,8.8198839875986e-06,0.0019508060067892,0.0,0.0,0.0,20.356018066406,0.0063212090171874,1.5582922697067,0,0,0,0,0,0,0,0,0,0,0,0,0,0,0,0,0,0,0,0,0,0,0,0,0,0,0,0,0,0,0,0
1189,0.0,-0.0,0.60038095712662,90.409004211426,0.0,0.0,0.0,0.0,0.0,2.6703958511353,-0.013060494326055,3.141576051712,-7.7186143698782e-07,4.0917859678302e-07,1.5760484473049e-07,2.9732669659666e-08,1.7012085962165e-08,4.8593591372992e-08,0.0,0.0,0.0019495106535032,-8.2126998677268e-06,-0.25357794761658,-1.652945911701e-06,9.0576186266844e-06,0.0019495106535032,0.0,0.0,0.0,20.361696243286,0.0063131409697235,1.5582945346832,0,0,0,0,0,0,0,0,0,0,0,0,0,0,0,0,0,0,0,0,0,0,0,0,0,0,0,0,0,0,0,0
1190,0.0,-0.0,0.6037489771843,90.415344238281,0.0,0.0,0.0,0.0,0.0,2.6703958511353,-0.013060474768281,3.141576051712,9.4272095907399e-08,4.6516802854057e-07,-2.5801810465964e-07,-1.440773544914e-08,1.7884964620407e-08,-1.0090327684509e-08,0.0,0.0,0.0019571643788368,6.7602188210003e-05,-0.25359040498734,-0.0001081151276594,8.8197975856019e-06,0.0019571643788368,0.0,0.0,0.0,20.360157012939,0.0063243159092963,1.5581675767899,0,0,0,0,0,0,0,0,0,0,0,0,0,0,0,0,0,0,0,0,0,0,0,0,0,0,0,0,0,0,0,0
1191,0.0,0.0,0.61167216300964,90.412498474121,0.0,0.0,0.0,0.0,0.0,2.6703956127167,-0.013060481287539,3.141576051712,-6.1627486047655e-07,2.5237281420232e-07,7.0965050724681e-08,6.1391269845501e-10,1.4624701449861e-08,6.139028130292e-08,0.0,0.0,0.001973990816623,0.00014710532559548,-0.25358453392982,5.2077182772337e-05,8.8195620264742e-06,0.001973990816623,0.0,0.0,0.0,20.356046676636,0.0064790234901011,1.5581471920013,0,0,0,0,0,0,0,0,0,0,0,0,0,0,0,0,0,0,0,0,0,0,0,0,0,0,0,0,0,0,0,0
1192,0.0,0.0,0.60662358999252,90.405754089355,0.0,0.0,0.0,0.0,0.0,2.6703956127167,-0.013060462661088,3.141576051712,5.266348779287e-08,1.6060478458257e-07,-1.2028355911298e-07,-7.9069693015299e-09,1.1600787885868e-08,8.0241269184711e-10,0.0,0.0,0.0019649595487863,-7.9293757153209e-05,-0.2535707950592,0.00012027035700157,8.8197984950966e-06,0.0019649595487863,0.0,0.0,0.0,20.352506637573,0.0064629465341568,1.5582902431488,0,0,0,0,0,0,0,0,0,0,0,0,0,0,0,0,0,0,0,0,0,0,0,0,0,0,0,0,0,0,0,0
1193,0.0,-0.0,0.60744673013687,90.406669616699,0.0,0.0,0.0,0.0,0.0,2.6703956127167,-0.013060457073152,3.141576051712,-2.194601336214e-07,5.8619061604759e-08,-3.6473291942229e-08,-6.2641909437389e-09,-4.7727648500029e-09,1.049276399101e-08,0.0,0.0,0.0019675034563988,2.3424037863151e-05,-0.25357240438461,-1.355781841994e-05,9.0578860181267e-06,0.0019675034563988,0.0,0.0,0.0,20.353912353516,0.0064776665531099,1.5582675933838,0,0,0,0,0,0,0,0,0,0,0,0,0,0,0,0,0,0,0,0,0,0,0,0,0,0,0,0,0,0,0,0
1194,0.0,0.0,0.61457109451294,90.40242767334,0.0,0.0,0.0,0.0,0.0,2.6703956127167,-0.013060447759926,3.141576051712,4.6963819499979e-08,6.3570908537258e-08,-4.0596727757247e-08,6.9377176226126e-10,9.3530871936309e-09,1.2019510720052e-08,0.0,0.0,0.0019827638752759,0.00013340168516152,-0.25356364250183,7.6570373494178e-05,9.0578623712645e-06,0.0019827638752759,0.0,0.0,0.0,20.350988388062,0.0066312840208411,1.5582752227783,0,0,0,0,0,0,0,0,0,0,0,0,0,0,0,0,0,0,0,0,0,0,0,0,0,0,0,0,0,0,0,0
1195,0.0,0.0,0.61532455682755,90.39086151123,0.0,0.0,0.0,0.0,0.0,2.6703956127167,-0.013060439378023,3.141576051712,-1.3237374218988e-07,3.4361601564115e-08,-1.0107030590234e-07,-4.6669383912956e-09,-1.5067465497509e-08,-5.0429775910743e-09,0.0,0.0,0.0019849401433021,2.1969121007714e-05,-0.25354027748108,0.00020434342150111,8.819446520647e-06,0.0019849401433021,0.0,0.0,0.0,20.358999252319,0.006743592210114,1.5584473609924,0,0,0,0,0,0,0,0,0,0,0,0,0,0,0,0,0,0,0,0,0,0,0,0,0,0,0,0,0,0,0,0
1196,0.0,-0.0,0.60533201694489,90.391983032227,0.0,0.0,0.0,0.0,0.0,2.6703956127167,-0.013060435652733,3.141576051712,6.1216404390052e-08,-4.9957087355779e-08,-8.1710943788948e-08,8.5796427740092e-09,9.1050607053944e-09,2.5185650898152e-08,0.0,0.0,0.0019659628160298,-0.00016534383757971,-0.25354212522507,-1.7095500879805e-05,9.0582952907425e-06,0.0019659628160298,0.0,0.0,0.0,20.359167098999,0.006588501855731,1.5585070848465,0,0,0,0,0,0,0,0,0,0,0,0,0,0,0,0,0,0,0,0,0,0,0,0,0,0,0,0,0,0,0,0
1197,0.0,0.0,0.6059598326683,90.389373779297,0.0,0.0,0.0,0.0,0.0,2.6703956127167,-0.013060432858765,3.141576051712,1.0360427893374e-07,1.4471912379577e-07,-5.4598608301148e-08,1.4202193199253e-08,-5.2779429715599e-09,1.3066932424977e-08,0.0,0.0,0.0019680589903146,2.0015324480482e-05,-0.25353661179543,4.8006699216785e-05,9.0578923845896e-06,0.0019680589903146,0.0,0.0,0.0,20.362499237061,0.0066281226463616,1.5585408210754,0,0,0,0,0,0,0,0,0,0,0,0,0,0,0,0,0,0,0,0,0,0,0,0,0,0,0,0,0,0,0,0
1198,0.0,0.0,0.59548515081406,90.387756347656,0.0,0.0,0.0,0.0,0.0,2.6703956127167,-0.013060435652733,3.141576051712,-1.0484723311777e-08,-4.4438721147344e-08,-6.6293779354964e-08,-7.877623886543e-09,7.0030150567391e-09,6.6129541842486e-09,0.0,0.0,0.00194784370251,-0.00017399813805241,-0.25353315472603,3.0738148780074e-05,8.8195029093185e-06,0.00194784370251,0.0,0.0,0.0,20.369649887085,0.0064870282076299,1.5586471557617,0,0,0,0,0,0,0,0,0,0,0,0,0,0,0,0,0,0,0,0,0,0,0,0,0,0,0,0,0,0,0,0
1199,0.0,-0.0,0.58287799358368,90.38794708252,0.0,0.0,0.0,0.0,0.0,2.6703956127167,-0.013060429133475,3.141576051712,-3.3470168858685e-08,5.1338968631853e-09,-1.3941306065135e-07,-6.4827498924558e-09,-1.1577699687848e-08,-1.5030650502013e-08,0.0,0.0,0.0019235407235101,-0.00021097878925502,-0.25353303551674,-7.6201143883736e-07,9.0578650997486e-06,0.0019235407235101,0.0,0.0,0.0,20.367837905884,0.0062986868433654,1.5587422847748,0,0,0,0,0,0,0,0,0,0,0,0,0,0,0,0,0,0,0,0,0,0,0,0,0,0,0,0,0,0,0,0
1200,0.0,-0.0,0.57894629240036,90.389709472656,0.0,0.0,0.0,0.0,0.0,2.6703956127167,-0.013060425408185,3.141576051712,-6.9649409795147e-08,1.0355013557728e-07,-6.0269561563686e-10,1.2186514908308e-08,1.077381170389e-10,-2.2083364026315e-09,0.0,0.0,0.0019163026008755,-5.9801390307257e-05,-0.2535363137722,-2.8417520297808e-05,8.819867616694e-06,0.0019163026008755,0.0,0.0,0.0,20.373441696167,0.0062325038015842,1.5587440729141,0,0,0,0,0,0,0,0,0,0,0,0,0,0,0,0,0,0,0,0,0,0,0,0,0,0,0,0,0,0,0,0
1201,0.0,0.0,0.58888113498688,90.383819580078,0.0,0.0,0.0,0.0,0.0,2.6703956127167,-0.013060414232314,3.141576051712,-4.2293404334259e-08,1.0859410082276e-07,-9.4742595990738e-08,9.8347037180702e-09,-1.5151407239955e-08,-1.0263939920208e-08,0.0,0.0,0.0019370503723621,0.00018245412502438,-0.2535240650177,0.00010540518997004,9.057833267434e-06,0.0019370503723621,0.0,0.0,0.0,20.371509552002,0.0064429161138833,1.5587551593781,0,0,0,0,0,0,0,0,0,0,0,0,0,0,0,0,0,0,0,0,0,0,0,0,0,0,0,0,0,0,0,0
1202,0.0,0.0,0.59576177597046,90.363204956055,0.0,0.0,0.0,0.0,0.0,2.6703956127167,-0.013060407713056,3.141576051712,-5.0495110315296e-08,7.2089974878509e-08,-4.3715804309841e-08,3.9394003614746e-09,-1.3272090093608e-09,2.857943437462e-09,0.0,0.0,0.0019517180044204,0.00012914699618705,-0.25348237156868,0.00036231579724699,9.057857823791e-06,0.0019517180044204,0.0,0.0,0.0,20.371427536011,0.0067224171943963,1.5590193271637,0,0,0,0,0,0,0,0,0,0,0,0,0,0,0,0,0,0,0,0,0,0,0,0,0,0,0,0,0,0,0,0
1203,0.0,0.0,0.5980544090271,90.35929107666,0.0,0.0,0.0,0.0,0.0,2.6703956127167,-0.013060396537185,3.141576051712,-3.4070584575829e-08,6.2698333636035e-08,-1.2160553808371e-07,2.4631952033616e-09,-1.6688531445652e-08,-5.949286840945e-09,0.0,0.0,0.001957077998668,4.8834695917321e-05,-0.25347402691841,7.0610396505799e-05,8.8198185039801e-06,0.001957077998668,0.0,0.0,0.0,20.374507904053,0.0067979758605361,1.5590600967407,0,0,0,0,0,0,0,0,0,0,0,0,0,0,0,0,0,0,0,0,0,0,0,0,0,0,0,0,0,0,0,0
1204,0.0,0.0,0.59209680557251,90.348289489746,0.0,0.0,0.0,0.0,0.0,2.6703956127167,-0.013060390949249,3.141576051712,-3.7405012420777e-08,4.3889603063008e-08,-4.9626660114654e-08,1.0401625116785e-09,-8.1523687800455e-10,5.2761546243119e-09,0.0,0.0,0.0019463212229311,-9.4922354037408e-05,-0.25345125794411,0.00019461892952677,9.057857823791e-06,0.0019463212229311,0.0,0.0,0.0,20.366233825684,0.0068017151206732,1.5592765808105,0,0,0,0,0,0,0,0,0,0,0,0,0,0,0,0,0,0,0,0,0,0,0,0,0,0,0,0,0,0,0,0
1205,0.0,-0.0,0.61807256937027,90.351448059082,0.0,0.0,0.0,0.0,0.0,2.6703956127167,-0.013060379773378,3.141576051712,-2.2650665343349e-08,4.9059540430108e-08,-1.2174071173376e-07,1.047141262589e-09,-1.566623097915e-08,-5.0340980273234e-09,0.0,0.0,0.0019995421171188,0.00046218186616898,-0.25345697999001,-5.2634786698036e-05,8.8194037743961e-06,0.0019995421171188,0.0,0.0,0.0,20.360866546631,0.0071896612644196,1.5590198040009,0,0,0,0,0,0,0,0,0,0,0,0,0,0,0,0,0,0,0,0,0,0,0,0,0,0,0,0,0,0,0,0
1206,0.0,0.0,0.61732959747314,90.350128173828,0.0,0.0,0.0,0.0,0.0,2.6703958511353,-0.013060363940895,3.1415758132935,-3.7404271324704e-07,-1.5051278978717e-06,-1.2739892554237e-06,-1.7960655895877e-07,-2.6657453133794e-08,-1.1604010552446e-07,0.0,0.0,0.001998855965212,-3.9099268178688e-06,-0.25345379114151,2.5697514502099e-05,9.0573639681679e-06,0.001998855965212,0.0,0.0,0.0,20.368301391602,0.0071976063773036,1.5590444803238,0,0,0,0,0,0,0,0,0,0,0,0,0,0,0,0,0,0,0,0,0,0,0,0,0,0,0,0,0,0,0,0
1207,0.0,0.0,0.60586315393448,90.345146179199,0.0,0.0,0.0,0.0,0.0,2.6703958511353,-0.013060326687992,3.1415758132935,-2.9812858315381e-07,-1.2556810702335e-07,-3.0041920240365e-07,1.0307369535667e-07,-3.8026495730037e-08,-8.4311103876189e-08,0.0,0.0,0.0019767896737903,-0.00019083004735876,-0.25344318151474,8.9207758719567e-05,9.2969057732262e-06,0.0019767896737903,0.0,0.0,0.0,20.371324539185,0.0070680491626263,1.5592105388641,0,0,0,0,0,0,0,0,0,0,0,0,0,0,0,0,0,0,0,0,0,0,0,0,0,0,0,0,0,0,0,0
1208,0.0,-0.0,0.59879779815674,90.351921081543,0.0,0.0,0.0,0.0,0.0,2.6703958511353,-0.013060269877315,3.1415758132935,-4.770528789777e-07,-6.3426170981984e-07,-5.2790892368648e-07,-6.6986750368869e-08,-5.9954196274248e-08,-1.0663183758197e-07,0.0,0.0,0.0019637357909232,-0.00011425621050876,-0.25345614552498,-0.00011586569598876,9.0579633251764e-06,0.0019637357909232,0.0,0.0,0.0,20.366771697998,0.0069136582314968,1.5591591596603,0,0,0,0,0,0,0,0,0,0,0,0,0,0,0,0,0,0,0,0,0,0,0,0,0,0,0,0,0,0,0,0
1209,0.0,-0.0,0.59612303972244,90.36408996582,0.0,0.0,0.0,0.0,0.0,2.6703958511353,-0.013060209341347,3.1415755748749,-3.9248664052138e-07,-5.904343538532e-07,-3.9738654322719e-07,-7.3354435414785e-08,-6.5365767909498e-08,-8.0207968267132e-08,0.0,0.0,0.0019593411125243,-3.7625100958394e-05,-0.25348001718521,-0.00020979033433832,9.0575276772142e-06,0.0019593411125243,0.0,0.0,0.0,20.366382598877,0.0067846877500415,1.5589892864227,0,0,0,0,0,0,0,0,0,0,0,0,0,0,0,0,0,0,0,0,0,0,0,0,0,0,0,0,0,0,0,0
1210,0.0,0.0,0.60653334856033,90.35595703125,0.0,0.0,0.0,0.0,0.0,2.6703958511353,-0.013060153461993,3.1415755748749,-1.5602630298872e-07,4.6299348355205e-07,6.2142497370132e-08,6.4010635014711e-08,-5.2966456109971e-08,7.9835782429427e-10,0.0,0.0,0.0019810304511338,0.00019075165619142,-0.25346311926842,0.00014453096082434,9.0575522335712e-06,0.0019810304511338,0.0,0.0,0.0,20.372249603271,0.0070202494971454,1.5590313673019,0,0,0,0,0,0,0,0,0,0,0,0,0,0,0,0,0,0,0,0,0,0,0,0,0,0,0,0,0,0,0,0
1211,0.0,-0.0,0.59326726198196,90.356674194336,0.0,0.0,0.0,0.0,0.0,2.6703958511353,-0.013060096651316,3.1415755748749,-4.3728661580644e-08,5.1867681349904e-07,3.0604027756453e-08,6.5934131043832e-08,-5.818325021778e-08,2.117882758057e-08,0.0,0.0,0.0019553145393729,-0.00022248023014981,-0.25346410274506,-1.0000810107158e-05,9.0575440481189e-06,0.0019553145393729,0.0,0.0,0.0,20.373712539673,0.0068174675107002,1.5591233968735,0,0,0,0,0,0,0,0,0,0,0,0,0,0,0,0,0,0,0,0,0,0,0,0,0,0,0,0,0,0,0,0
1212,0.0,0.0,0.58589166402817,90.354850769043,0.0,0.0,0.0,0.0,0.0,2.6703958511353,-0.013060044497252,3.1415755748749,-2.8777986216255e-08,3.2394672189184e-07,-2.248298258678e-08,3.9454135958295e-08,-4.9296438930924e-08,2.2312224956522e-08,0.0,0.0,0.0019413587870076,-0.00011967062164331,-0.25345978140831,3.4413365938235e-05,9.0575676949811e-06,0.0019413587870076,0.0,0.0,0.0,20.373647689819,0.0067264507524669,1.5592082738876,0,0,0,0,0,0,0,0,0,0,0,0,0,0,0,0,0,0,0,0,0,0,0,0,0,0,0,0,0,0,0,0
1213,0.0,0.0,0.58776181936264,90.352485656738,0.0,0.0,0.0,0.0,0.0,2.6703958511353,-0.013059990480542,3.1415755748749,-2.5483661403314e-08,1.5610748960171e-07,-6.9033724514611e-08,1.6356777265969e-08,-5.6734474895848e-08,6.5480567634779e-09,0.0,0.0,0.0019458290189505,4.1697723645484e-05,-0.25345459580421,4.3763127905549e-05,9.0575549620553e-06,0.0019458290189505,0.0,0.0,0.0,20.380626678467,0.0067834663204849,1.5592283010483,0,0,0,0,0,0,0,0,0,0,0,0,0,0,0,0,0,0,0,0,0,0,0,0,0,0,0,0,0,0,0,0
1214,0.0,-0.0,0.60417360067368,90.360687255859,0.0,0.0,0.0,0.0,0.0,2.6703958511353,-0.013059936463833,3.1415755748749,-3.5605399517635e-08,6.7343783882734e-08,-7.5456547676822e-08,4.3342667233048e-09,-5.6651007440678e-08,-2.1092051716298e-10,0.0,0.0,0.00197987514548,0.00029549791361205,-0.2534704208374,-0.00014062895206735,9.0575522335712e-06,0.00197987514548,0.0,0.0,0.0,20.378366470337,0.0069829537533224,1.5589689016342,0,0,0,0,0,0,0,0,0,0,0,0,0,0,0,0,0,0,0,0,0,0,0,0,0,0,0,0,0,0,0,0
1215,0.0,-0.0,0.60584408044815,90.362899780273,0.0,0.0,0.0,0.0,0.0,2.6703958511353,-0.013059876859188,3.1415755748749,3.4063297960074e-08,-4.9189829987029e-10,-6.5482943512052e-08,7.3305246317545e-09,-6.3860063903576e-08,-2.1338532718573e-08,0.0,0.0,0.0019843445625156,3.8212525396375e-05,-0.25347432494164,-3.6145018384559e-05,9.0579324023565e-06,0.0019843445625156,0.0,0.0,0.0,20.375812530518,0.0070006004534662,1.5589193105698,0,0,0,0,0,0,0,0,0,0,0,0,0,0,0,0,0,0,0,0,0,0,0,0,0,0,0,0,0,0,0,0
1216,0.0,-0.0,0.59613466262817,90.380165100098,0.0,0.0,0.0,0.0,0.0,2.6703958511353,-0.013059818185866,3.1415755748749,-8.6060666149024e-08,-5.3533799615479e-09,2.4384377184106e-08,-1.2089260259529e-08,-5.7349080151425e-08,4.3511279024244e-09,0.0,0.0,0.0019657146185637,-0.00016040379705373,-0.25350880622864,-0.00029888757853769,9.0575204012566e-06,0.0019657146185637,0.0,0.0,0.0,20.378665924072,0.0067220320925117,1.5587257146835,0,0,0,0,0,0,0,0,0,0,0,0,0,0,0,0,0,0,0,0,0,0,0,0,0,0,0,0,0,0,0,0
1217,0.0,0.0,0.59253776073456,90.377792358398,0.0,0.0,0.0,0.0,0.0,2.6703958511353,-0.013059794902802,3.1415758132935,4.0170215243052e-07,3.8408632718756e-08,1.7578268796115e-07,-3.9244802962912e-08,-1.7877583857739e-08,1.0017397045203e-07,0.0,0.0,0.001959603978321,-5.3719275456388e-05,-0.25350344181061,4.3927222577622e-05,9.0577213995857e-06,0.001959603978321,0.0,0.0,0.0,20.371591567993,0.0066943378187716,1.5587892532349,0,0,0,0,0,0,0,0,0,0,0,0,0,0,0,0,0,0,0,0,0,0,0,0,0,0,0,0,0,0,0,0
1218,0.0,-0.0,0.59886366128922,90.378852844238,0.0,0.0,0.0,0.0,0.0,2.6703958511353,-0.013059785589576,3.1415758132935,1.9304705745071e-07,-4.2391963717137e-08,2.9489575581465e-07,-5.6280523352825e-08,-7.3995498617307e-09,6.9036893535213e-08,0.0,0.0,0.0019734352827072,0.00011922689009225,-0.25350505113602,-1.5913530660328e-05,8.8193810370285e-06,0.0019734352827072,0.0,0.0,0.0,20.367931365967,0.0067933551035821,1.558720946312,0,0,0,0,0,0,0,0,0,0,0,0,0,0,0,0,0,0,0,0,0,0,0,0,0,0,0,0,0,0,0,0
1219,0.0,0.0,0.59734189510345,90.378257751465,0.0,0.0,0.0,0.0,0.0,2.6703958511353,-0.013059775345027,3.1415758132935,2.119749638041e-07,4.385631484638e-07,6.3353473933603e-07,1.0394531457791e-08,-1.1359723828264e-08,4.6042949009006e-08,0.0,0.0,0.0019715144298971,-1.7502165064798e-05,-0.25350338220596,1.2788653293683e-05,9.0577914306778e-06,0.0019715144298971,0.0,0.0,0.0,20.363260269165,0.0067835631780326,1.5587402582169,0,0,0,0,0,0,0,0,0,0,0,0,0,0,0,0,0,0,0,0,0,0,0,0,0,0,0,0,0,0,0,0
1220,0.0,-0.0,0.57703274488449,90.386810302734,0.0,0.0,0.0,0.0,0.0,2.6703958511353,-0.01305977255106,3.1415758132935,1.4750403920516e-07,6.8235482331147e-07,6.8109761741653e-07,2.9339483731405e-08,1.8147688907177e-09,6.0234526699787e-08,0.0,0.0,0.0019314583623782,-0.0003456421836745,-0.25352030992508,-0.00014669052325189,8.8194137788378e-06,0.0019314583623782,0.0,0.0,0.0,20.361631393433,0.0064090043306351,1.5587663650513,0,0,0,0,0,0,0,0,0,0,0,0,0,0,0,0,0,0,0,0,0,0,0,0,0,0,0,0,0,0,0,0
1221,0.0,0.0,0.58977806568146,90.38264465332,0.0,0.0,0.0,0.0,0.0,2.6703958511353,-0.01305977255106,3.141576051712,1.6032824134982e-07,6.6622448002818e-07,3.1434709057976e-07,6.2073063133994e-08,-4.8099888516617e-09,3.869950404578e-08,0.0,0.0,0.0019580547232181,0.00023126750602387,-0.25351148843765,7.5085139542352e-05,8.8198457888211e-06,0.0019580547232181,0.0,0.0,0.0,20.362829208374,0.0066493912599981,1.5587283372879,0,0,0,0,0,0,0,0,0,0,0,0,0,0,0,0,0,0,0,0,0,0,0,0,0,0,0,0,0,0,0,0
1222,0.0,-0.0,0.57264125347137,90.383407592773,0.0,0.0,0.0,0.0,0.0,2.6703958511353,-0.013059770688415,3.141576051712,3.2164905405807e-08,3.0259843697422e-07,1.4331345710161e-07,3.9552453756642e-08,3.5812515175593e-09,1.9718298105431e-08,0.0,0.0,0.0019240904366598,-0.00029003611416556,-0.25351268053055,-1.0764267244667e-05,9.0578323579393e-06,0.0019240904366598,0.0,0.0,0.0,20.368976593018,0.006386065389961,1.5588504076004,0,0,0,0,0,0,0,0,0,0,0,0,0,0,0,0,0,0,0,0,0,0,0,0,0,0,0,0,0,0,0,0
1223,0.0,-0.0,0.56973481178284,90.398811340332,0.0,0.0,0.0,0.0,0.0,2.6703958511353,-0.013059762306511,3.141576051712,1.8046161898155e-08,1.4535081049871e-07,-1.2459103970741e-07,2.5830066974208e-08,-1.4486051469476e-08,-6.5035448137962e-09,0.0,0.0,0.0019190715393052,-4.190764593659e-05,-0.25354352593422,-0.00026624943711795,8.8193728515762e-06,0.0019190715393052,0.0,0.0,0.0,20.368179321289,0.0062278965488076,1.5586321353912,0,0,0,0,0,0,0,0,0,0,0,0,0,0,0,0,0,0,0,0,0,0,0,0,0,0,0,0,0,0,0,0
1224,0.0,-0.0,0.57086670398712,90.415374755859,0.0,0.0,0.0,0.0,0.0,2.6703956127167,-0.013059756718576,3.141576051712,-3.7328330648734e-08,4.5885379051924e-08,-3.0642397064184e-08,1.6346733744399e-08,-1.9229993153402e-09,-7.961429848713e-10,0.0,0.0,0.0019222167320549,2.8575139367604e-05,-0.25357681512833,-0.00028661679243669,8.8194055933855e-06,0.0019222167320549,0.0,0.0,0.0,20.367464065552,0.0061232838779688,1.5583639144897,0,0,0,0,0,0,0,0,0,0,0,0,0,0,0,0,0,0,0,0,0,0,0,0,0,0,0,0,0,0,0,0
1225,0.0,0.0,0.56979143619537,90.406776428223,0.0,0.0,0.0,0.0,0.0,2.6703956127167,-0.013059744611382,3.141576051712,-2.8413433827978e-09,4.4169478741196e-08,-1.4825261018814e-07,9.6975725227821e-09,-1.6703346261693e-08,-1.0102199077267e-08,0.0,0.0,0.001921197399497,-9.7091369752889e-06,-0.25355893373489,0.00015252578305081,9.0581852418836e-06,0.001921197399497,0.0,0.0,0.0,20.356779098511,0.0061838496476412,1.5585041046143,0,0,0,0,0,0,0,0,0,0,0,0,0,0,0,0,0,0,0,0,0,0,0,0,0,0,0,0,0,0,0,0
1226,0.0,-0.0,0.57548201084137,90.427444458008,0.0,0.0,0.0,0.0,0.0,2.6703956127167,-0.013059737160802,3.141576051712,-3.3717316938464e-08,1.0666352245892e-08,-1.283557038434e-09,4.2735162075758e-09,-2.5087119048806e-09,2.0774362230469e-09,0.0,0.0,0.0019336582627147,0.00010813848348334,-0.25360071659088,-0.00035832350840792,8.8193710325868e-06,0.0019336582627147,0.0,0.0,0.0,20.355924606323,0.0061175995506346,1.5581357479095,0,0,0,0,0,0,0,0,0,0,0,0,0,0,0,0,0,0,0,0,0,0,0,0,0,0,0,0,0,0,0,0
1227,0.0,-0.0,0.57931530475616,90.434326171875,0.0,0.0,0.0,0.0,0.0,2.6703956127167,-0.013059725053608,3.141576051712,7.9193629431984e-09,3.2519974269007e-08,-1.1550755374401e-07,1.0718580467639e-09,-1.6789149626106e-08,-6.3983578435511e-09,0.0,0.0,0.0019424338825047,7.5962212576997e-05,-0.25361448526382,-0.00011757177708205,9.0577595983632e-06,0.0019424338825047,0.0,0.0,0.0,20.353059768677,0.006131932605058,1.5579965114594,0,0,0,0,0,0,0,0,0,0,0,0,0,0,0,0,0,0,0,0,0,0,0,0,0,0,0,0,0,0,0,0
1228,0.0,-0.0,0.56715339422226,90.437492370605,0.0,0.0,0.0,0.0,0.0,2.6703956127167,-0.01305971853435,3.141576051712,-2.4135330178865e-08,5.8826690185754e-09,2.2149947653816e-08,-1.2066437848901e-09,-2.1530655036628e-09,4.7667887415059e-09,0.0,0.0,0.0019184414995834,-0.00020320786279626,-0.25362086296082,-5.2798470278503e-05,9.05821161723e-06,0.0019184414995834,0.0,0.0,0.0,20.358627319336,0.0059269005432725,1.5580416917801,0,0,0,0,0,0,0,0,0,0,0,0,0,0,0,0,0,0,0,0,0,0,0,0,0,0,0,0,0,0,0,0
1229,0.0,0.0,0.57754999399185,90.436370849609,0.0,0.0,0.0,0.0,0.0,2.6703956127167,-0.013059706427157,3.141576051712,1.34446942468e-08,2.9891108255242e-08,-1.0049730292394e-07,-1.3235365026176e-09,-1.6160671023613e-08,-4.8494790405584e-09,0.0,0.0,0.0019408223452047,0.00019027462985832,-0.25361829996109,2.2046704543754e-05,8.8193364717881e-06,0.0019408223452047,0.0,0.0,0.0,20.345756530762,0.0061064530164003,1.5579750537872,0,0,0,0,0,0,0,0,0,0,0,0,0,0,0,0,0,0,0,0,0,0,0,0,0,0,0,0,0,0,0,0
1230,0.0,-0.0,0.58576935529709,90.451507568359,0.0,0.0,0.0,0.0,0.0,2.6703956127167,-0.013059699907899,3.141576051712,-2.2220271844731e-08,5.3468247607213e-09,2.8817801478453e-08,-1.2157400641755e-09,-1.7947849872968e-09,5.3694111379343e-09,0.0,0.0,0.0019585459958762,0.00015251223521773,-0.25364905595779,-0.00026170277851634,9.0577841547201e-06,0.0019585459958762,0.0,0.0,0.0,20.344535827637,0.0061235916800797,1.5576726198196,0,0,0,0,0,0,0,0,0,0,0,0,0,0,0,0,0,0,0,0,0,0,0,0,0,0,0,0,0,0,0,0
1231,0.0,0.0,0.57892829179764,90.447486877441,0.0,0.0,0.0,0.0,0.0,2.6703956127167,-0.013059688732028,3.141576051712,1.3937613729809e-08,3.1214376861044e-08,-1.0154142415786e-07,-6.340041269759e-10,-1.6174379169343e-08,-4.9332928853119e-09,0.0,0.0,0.0019455606816337,-0.00011057919618906,-0.25364074110985,7.2560047556181e-05,8.8197602963191e-06,0.0019455606816337,0.0,0.0,0.0,20.34317779541,0.0060579851269722,1.5577874183655,0,0,0,0,0,0,0,0,0,0,0,0,0,0,0,0,0,0,0,0,0,0,0,0,0,0,0,0,0,0,0,0
1232,0.0,0.0,0.58536899089813,90.445320129395,0.0,0.0,0.0,0.0,0.0,2.6703956127167,-0.01305968221277,3.141576051712,-2.2390995724209e-08,7.0411063646247e-09,2.5414822246717e-08,-6.7517785806714e-10,-1.8085851705152e-09,5.1549768897985e-09,0.0,0.0,0.0019595548510551,0.0001214693984366,-0.25363636016846,4.0368980990024e-05,9.0577796072466e-06,0.0019595548510551,0.0,0.0,0.0,20.346349716187,0.0061845425516367,1.5577682256699,0,0,0,0,0,0,0,0,0,0,0,0,0,0,0,0,0,0,0,0,0,0,0,0,0,0,0,0,0,0,0,0
1233,0.0,-0.0,0.58696776628494,90.445686340332,0.0,0.0,0.0,0.0,0.0,2.6703956127167,-0.013059671036899,3.141576051712,1.3246379992893e-08,3.2167900343438e-08,-1.0263782002085e-07,-3.4842066731766e-11,-1.6015102133338e-08,-4.9894013365304e-09,0.0,0.0,0.0019637369550765,3.6961708246963e-05,-0.25363707542419,-3.9227220440807e-06,9.0577495939215e-06,0.0019637369550765,0.0,0.0,0.0,20.348287582397,0.006215697620064,1.5577479600906,0,0,0,0,0,0,0,0,0,0,0,0,0,0,0,0,0,0,0,0,0,0,0,0,0,0,0,0,0,0,0,0
1234,0.0,-0.0,0.57861936092377,90.45108795166,0.0,0.0,0.0,0.0,0.0,2.6703956127167,-0.013059664517641,3.141576051712,-2.3119538283822e-08,7.6937105575325e-09,2.5181126517282e-08,3.1997581667609e-11,-1.7591552659013e-09,5.1158686176223e-09,0.0,0.0,0.0019477803725749,-0.00013688790204469,-0.25364795327187,-9.1771245934069e-05,8.8193546616822e-06,0.0019477803725749,0.0,0.0,0.0,20.344257354736,0.006052075419575,1.5577284097672,0,0,0,0,0,0,0,0,0,0,0,0,0,0,0,0,0,0,0,0,0,0,0,0,0,0,0,0,0,0,0,0
1235,0.0,-0.0,0.57597821950912,90.454307556152,0.0,0.0,0.0,0.0,0.0,2.6703956127167,-0.013059652410448,3.141576051712,1.3048280678163e-08,3.2967420793284e-08,-1.0445092613054e-07,2.731899706454e-10,-1.6164989347089e-08,-5.1268593814768e-09,0.0,0.0,0.0019434206187725,-3.7038065784145e-05,-0.25365450978279,-5.3728734201286e-05,9.0581652330002e-06,0.0019434206187725,0.0,0.0,0.0,20.342559814453,0.0059946901164949,1.5576972961426,0,0,0,0,0,0,0,0,0,0,0,0,0,0,0,0,0,0,0,0,0,0,0,0,0,0,0,0,0,0,0,0
1236,0.0,0.0,0.5769892334938,90.453117370605,0.0,0.0,0.0,0.0,0.0,2.6703958511353,-0.013059661723673,3.141576051712,9.0733234259233e-09,-1.529935786948e-07,-1.0044880482951e-08,-2.4044748414553e-08,1.1307706770936e-08,2.1124699767228e-09,0.0,0.0,0.0019465885125101,2.6941497708322e-05,-0.25365200638771,2.3267273718375e-05,9.2962591224932e-06,0.0019465885125101,0.0,0.0,0.0,20.338556289673,0.0060292617417872,1.5577057600021,0,0,0,0,0,0,0,0,0,0,0,0,0,0,0,0,0,0,0,0,0,0,0,0,0,0,0,0,0,0,0,0
1237,0.0,0.0,0.58374500274658,90.444854736328,0.0,0.0,0.0,0.0,0.0,2.6703958511353,-0.01305965334177,3.141576051712,-2.828852707637e-08,1.0021080498746e-07,-3.478483634467e-08,1.0640654579674e-08,-1.2805284832496e-08,-1.6303587813127e-08,0.0,0.0,0.0019613648764789,0.00012672935554292,-0.25363504886627,0.00014675479906145,8.8193364717881e-06,0.0019613648764789,0.0,0.0,0.0,20.336532592773,0.0062087834812701,1.5577790737152,0,0,0,0,0,0,0,0,0,0,0,0,0,0,0,0,0,0,0,0,0,0,0,0,0,0,0,0,0,0,0,0
1238,0.0,0.0,0.57300037145615,90.441436767578,0.0,0.0,0.0,0.0,0.0,2.6703956127167,-0.01305964589119,3.141576051712,-8.5644145997321e-08,1.0653274529204e-07,6.9092621401978e-08,1.2186617937004e-08,-4.3786112513544e-09,-1.5800967201329e-09,0.0,0.0,0.0019405105849728,-0.00017870921874419,-0.25362795591354,6.2179737142287e-05,8.819358299661e-06,0.0019405105849728,0.0,0.0,0.0,20.332496643066,0.0060777519829571,1.5579155683517,0,0,0,0,0,0,0,0,0,0,0,0,0,0,0,0,0,0,0,0,0,0,0,0,0,0,0,0,0,0,0,0
1239,0.0,0.0,0.57846218347549,90.430068969727,0.0,0.0,0.0,0.0,0.0,2.6703956127167,-0.013059635646641,3.141576051712,-5.6694910988142e-09,8.5820943240833e-08,-6.2850965321104e-08,6.1893445923999e-09,-1.3498214102015e-08,-9.2264347273385e-09,0.0,0.0,0.0019525815732777,0.00010414585267426,-0.25360450148582,0.00020076334476471,8.819748472888e-06,0.0019525815732777,0.0,0.0,0.0,20.330997467041,0.0062616597861052,1.5580470561981,0,0,0,0,0,0,0,0,0,0,0,0,0,0,0,0,0,0,0,0,0,0,0,0,0,0,0,0,0,0,0,0
1240,0.0,0.0,0.56980150938034,90.428413391113,0.0,0.0,0.0,0.0,0.0,2.6703956127167,-0.013059628196061,3.141576051712,-5.7712849610425e-08,3.8046284345228e-08,2.5707526773999e-08,3.3762681539429e-09,-4.0389158684206e-09,4.8804951191528e-09,0.0,0.0,0.001935918116942,-0.0001420996413799,-0.25360101461411,3.1495830626227e-05,9.0577532319003e-06,0.001935918116942,0.0,0.0,0.0,20.330059051514,0.0061493320390582,1.5581396818161,0,0,0,0,0,0,0,0,0,0,0,0,0,0,0,0,0,0,0,0,0,0,0,0,0,0,0,0,0,0,0,0
1241,0.0,-0.0,0.56502038240433,90.428733825684,0.0,0.0,0.0,0.0,0.0,2.6703956127167,-0.013059617951512,3.141576051712,1.0103286207652e-08,3.4277391591786e-08,-8.8659753316733e-08,2.6990901180746e-10,-1.3209618288101e-08,-6.4200746940912e-09,0.0,0.0,0.0019270909251645,-7.4388131906744e-05,-0.25360146164894,-3.0869980491843e-06,9.0577341325115e-06,0.0019270909251645,0.0,0.0,0.0,20.328407287598,0.0060816463083029,1.5581706762314,0,0,0,0,0,0,0,0,0,0,0,0,0,0,0,0,0,0,0,0,0,0,0,0,0,0,0,0,0,0,0,0
1242,0.0,-0.0,0.5671523809433,90.432960510254,0.0,0.0,0.0,0.0,0.0,2.6703956127167,-0.013059610500932,3.141576051712,-5.354285903536e-08,1.7066492219442e-08,1.3254983777244e-08,6.9526256973873e-10,-4.4111252428536e-09,5.2833017960552e-09,0.0,0.0,0.0019324056338519,4.602994886227e-05,-0.25360983610153,-7.1267735620495e-05,8.8193282863358e-06,0.0019324056338519,0.0,0.0,0.0,20.325204849243,0.0060903206467628,1.5580862760544,0,0,0,0,0,0,0,0,0,0,0,0,0,0,0,0,0,0,0,0,0,0,0,0,0,0,0,0,0,0,0,0
1243,0.0,-0.0,0.57007992267609,90.437644958496,0.0,0.0,0.0,0.0,0.0,2.6703956127167,-0.013059600256383,3.141576051712,1.0910240710871e-08,3.1706054670622e-08,-9.6698983043098e-08,3.4058675324466e-10,-1.3298329548661e-08,-6.2703273684406e-09,0.0,0.0,0.0019395044073462,6.0153470258228e-05,-0.25361925363541,-7.9379387898371e-05,9.0581588665373e-06,0.0019395044073462,0.0,0.0,0.0,20.32017326355,0.0061078988946974,1.5579882860184,0,0,0,0,0,0,0,0,0,0,0,0,0,0,0,0,0,0,0,0,0,0,0,0,0,0,0,0,0,0,0,0
1244,0.0,-0.0,0.55659520626068,90.441955566406,0.0,0.0,0.0,0.0,0.0,2.6703956127167,-0.013059592805803,3.141576051712,-5.2848854181775e-08,1.7579539601797e-08,7.6394872650098e-09,1.3623701056176e-09,-4.7645642986538e-09,5.5551820921096e-09,0.0,0.0,0.0019128023413941,-0.0002262958441861,-0.25362801551819,-7.2746086516418e-05,9.0577423179639e-06,0.0019128023413941,0.0,0.0,0.0,20.320589065552,0.0058732414618134,1.5580260753632,0,0,0,0,0,0,0,0,0,0,0,0,0,0,0,0,0,0,0,0,0,0,0,0,0,0,0,0,0,0,0,0
1245,0.0,0.0,0.54984819889069,90.440376281738,0.0,0.0,0.0,0.0,0.0,2.6703956127167,-0.013059582561255,3.141576051712,1.2282248995632e-08,3.0092937919335e-08,-9.7123802333954e-08,2.6631408189814e-10,-1.3401989740203e-08,-6.0056470907455e-09,0.0,0.0,0.0018996422877535,-0.00010893742000917,-0.2536247074604,3.0104240067885e-05,8.8193046394736e-06,0.0018996422877535,0.0,0.0,0.0,20.325456619263,0.0057898322120309,1.5581023693085,0,0,0,0,0,0,0,0,0,0,0,0,0,0,0,0,0,0,0,0,0,0,0,0,0,0,0,0,0,0,0,0
1246,0.0,0.0,0.55136203765869,90.43985748291,0.0,0.0,0.0,0.0,0.0,2.6703956127167,-0.013059574179351,3.141576051712,-5.1554888358396e-08,1.5562253707913e-08,9.2797618478357e-09,8.1181544819842e-10,-4.7876724806883e-09,5.7688196442029e-09,0.0,0.0,0.0019035740988329,3.5479693906382e-05,-0.25362339615822,1.1415925655456e-05,9.0581634140108e-06,0.0019035740988329,0.0,0.0,0.0,20.324195861816,0.0058266273699701,1.558096408844,0,0,0,0,0,0,0,0,0,0,0,0,0,0,0,0,0,0,0,0,0,0,0,0,0,0,0,0,0,0,0,0
1247,0.0,0.0,0.55607706308365,90.435882568359,0.0,0.0,0.0,0.0,0.0,2.6703956127167,-0.013059563934803,3.141576051712,1.3222023476089e-08,2.8431632159709e-08,-9.507454734603e-08,-3.1544192258259e-10,-1.3376705965129e-08,-5.854871698574e-09,0.0,0.0,0.0019141583470628,9.1111789515708e-05,-0.25361514091492,7.1877788286656e-05,8.819300092e-06,0.0019141583470628,0.0,0.0,0.0,20.322565078735,0.0059404326602817,1.558119058609,0,0,0,0,0,0,0,0,0,0,0,0,0,0,0,0,0,0,0,0,0,0,0,0,0,0,0,0,0,0,0,0
1248,0.0,0.0,0.55125415325165,90.429718017578,0.0,0.0,0.0,0.0,0.0,2.6703956127167,-0.013059556484222,3.141576051712,-5.0963727460385e-08,1.4479176080329e-08,1.0895685242929e-08,4.131016084763e-10,-4.746384174581e-09,5.8553233373004e-09,0.0,0.0,0.0019051582785323,-7.5118536187802e-05,-0.25360232591629,0.00011018930672435,9.0577314040274e-06,0.0019051582785323,0.0,0.0,0.0,20.322034835815,0.0059235012158751,1.5582513809204,0,0,0,0,0,0,0,0,0,0,0,0,0,0,0,0,0,0,0,0,0,0,0,0,0,0,0,0,0,0,0,0
